Part Number,Name,Original Price,Discounted Price,% Off,Promo Code
HSTEDI012013B,Edifier Neobuds Pro 3 True Wireless Noise Cancelling In-Ear Headphones Bundle of 2 - Black + Starlight,355.98,177.99,50.0,30YEARSOFSOUND
HSTEDI002013B,Edifier Neobuds Pro 3 True Wireless Noise Cancelling In-Ear Headphones Bundle of 2 - Black + Black,355.98,177.99,50.0,30YEARSOFSOUND
HOMIRB0019,iRobot Roomba Plus 405 Vacuum Cleaner With Auto Wash Dock - Dual Clean Mop Pads - Multi Surface Rubber Brush,1549.0,699.0,54.87,CLEARANCE
HSTEDI002014B,Edifier Neobuds Pro 3 True Wireless Noise Cancelling In-Ear Headphones - Bundle of 2 - Starlight,355.98,177.99,50.0,30YEARSOFSOUND
HSTEDI05003,Edifier X5 Pro (2025 Upgrade) True Wireless Noise Cancelling Bluetooth 6.0 Earbuds - Black Hybrid ANC to -45dB - 10mm Dynamic Drivers - IP55 - 3+3 AI Microphones - Multipoint - Edifier ConneX App for iPhone & Android - Up to 11hrs playtime/,63.0,,,
HSTSDC6611021,Soundcore by Anker Sleep A20 True Wireless Noise Masking Earbuds - Slumber Beige 4-Point Noise Masking System - Comfortable Fit - Unlimited Audio via Bluetooth 5.3 - Sleep Monitoring & More - Up to 14 Hours Battery Life / 80 Hours Total wit,188.0,145.0,22.87,ANKER
SPKEDI202300,"Edifier MR3 3.5"" 2-Way Powered Near Field Studio Monitor Speakers with Bluetooth 5.4 - Black 36W - 52Hz-40kHz - Hi-Res Audio certified - Balanced TRS + Unbalanced RCA & 3.5mm AUX Inputs",111.0,,,
HSTEDI05004,Edifier X5 Pro (2025 Upgrade) True Wireless Noise Cancelling Bluetooth 6.0 Earbuds - Ivory Hybrid ANC to -45dB - 10mm Dynamic Drivers - IP55 - 3+3 AI Microphones - Multipoint - Edifier ConneX App for iPhone & Android - Up to 11hrs playtime/,63.0,,,
HSTSDC03040011,Soundcore by Anker Space Q45 Wireless Over-Ear Noise Cancelling Headphones - Black Adaptive ANC - LDAC - Bluetooth 5.3 - Up to 50 Hours Battery Life - Travel case included,249.0,188.0,24.5,ANKER
HSTEDI05007,Edifier X5 Pro (2025 Upgrade) True Wireless Noise Cancelling Bluetooth 6.0 Earbuds - Pink Hybrid ANC to -45dB - 10mm Dynamic Drivers - IP55 - 3+3 AI Microphones - Multipoint - Edifier ConneX App for iPhone & Android - Up to 11hrs playtime/3,63.0,,,
SPKEDI202301,"Edifier MR3 3.5"" 2-Way Powered Near Field Studio Monitor Speakers with Bluetooth 5.4 - White 36W - 52Hz-40kHz - Hi-Res Audio certified - Balanced TRS + Unbalanced RCA & 3.5mm AUX Inputs",111.0,,,
SPKEDI20269112,"Edifier MR4 4"" 2-Way Powered Near Field Studio Monitor Speakers - Black 42W - 60Hz-20kHz - Balanced TRS + Unbalanced RCA & 3.5mm AUX Inputs - For PCs, Laptops, Mac & more",139.0,,,
HSTEDI05006,Edifier X5 Pro (2025 Upgrade) True Wireless Noise Cancelling Bluetooth 6.0 Earbuds - Blue Hybrid ANC to -45dB - 10mm Dynamic Drivers - IP55 - 3+3 AI Microphones - Multipoint - Edifier ConneX App for iPhone & Android - Up to 11hrs playtime/3,63.0,,,
HSTEDI008204,Edifier W820NB Plus Wireless Over-Ear Noise-Cancelling Headphones - Mint Hybrid ANC up to -43dB - Hi-Res Audio with LDAC - Bluetooth 5.2 + USB-C Lossless wired audio - Edifier Connect App for iPhone & Android - Up to 33hrs playtime (ANC On),59.0,,,
HSTEDI008201,Edifier W820NB Plus Wireless Over-Ear Noise-Cancelling Headphones - Ivory Hybrid ANC up to -43dB - Hi-Res Audio with LDAC - Bluetooth 5.2 + USB-C Lossless wired audio - Edifier Connect App for iPhone & Android - Up to 33hrs playtime (ANC On,59.0,,,
SPKEDI20269113,"Edifier MR4 4"" 2-Way Powered Near Field Studio Monitor Speakers - White 42W - 60Hz-20kHz - Balanced TRS + Unbalanced RCA & 3.5mm AUX Inputs - For PCs, Laptops, Mac & more",139.0,,,
HSTSDC03040031,Soundcore by Anker Space Q45 Wireless Over-Ear Noise Cancelling Headphones - Blue Adaptive ANC - LDAC - Bluetooth 5.3 - Up to 50 Hours Battery Life - Travel Case Included,249.0,188.0,24.5,ANKER
SPKEDI00005,"Edifier T5 8"" 70W Powered Subwoofer Low Pass Filter with Frequency Response Down to 38Hz - RCA Input / Output",239.0,188.0,21.34,30YEARSOFSOUND
SPKEDI00601,"Edifier M60 66W Compact Desktop PC Speaker System with Bluetooth 5.3 - White 1"" Silk Tweeters + 3"" Mid-Bass Woofers - High-Quality Bluetooth with LDAC - Touch Controls - Edifier ConneX App - USB-C + 3.5mm Inputs - Aluminium Angled Stands In",186.0,,,
SPKEDI1267,"Edifier S350DB 150W Bookshelf Speaker & 8"" Subwoofer 2.1 System with Bluetooth - Brown Titanium Dome Tweeters - Booming Subwoofer - 40Hz-20kHz - Optical + Coax + PC / AUX + Bluetooth AptX - Wireless Remote Control",399.62,,,
SPKEDI00600,"Edifier M60 66W Compact Desktop PC Speaker System with Bluetooth 5.3 - Black 1"" Silk Tweeters + 3"" Mid-Bass Woofers - High-Quality Bluetooth with LDAC - Touch Controls - Edifier ConneX App - USB-C + 3.5mm Inputs - Aluminium Angled Stands In",186.0,,,
SPKEDI02500,Edifier MG250 USB-Powered Desktop PC Soundbar Speaker System with Bluetooth 5.3 Fits Under Monitors - RGB Light Effects - Built-in Microphone - Simple USB-A Plug & Play - Game / Music / Movie Modes - Edifier Connect App for iPhone & Android,41.0,,,
SPKEDI00602,"Edifier M60 66W Compact Desktop PC Speaker System with Bluetooth 5.3 - Classic Oak 1"" Silk Tweeters + 3"" Mid-Bass Woofers - High-Quality Bluetooth with LDAC - Touch Controls - Edifier ConneX App - USB-C + 3.5mm Inputs - Aluminium Angled Sta",186.0,,,
SPKEDI00351,"Edifier S351DB 150W Bookshelf Speaker & 8"" Subwoofer 2.1 System with Bluetooth - Black Titanium Dome Tweeters - Booming Subwoofer - 40Hz-20kHz - Optical + Coax + PC / AUX + Bluetooth AptX - Wireless Remote Control",399.62,,,
PTRHPD0250,HP Officejet 250 Portable Printer,512.0,385.0,24.8,SUPER
HSTEDI009503,Edifier WH950NB (2025 Upgrade) Wireless Over-Ear Noise-Cancelling Headphones - White Powerful Upgraded ANC - Hi-Res Audio with LDAC - Clear voice calls - Foldable design with travel case - Custom EQ - Multipoint - Premium materials & finish,248.0,168.0,32.26,30YEARSOFSOUND
SPKEDI00850,Edifier MP85 Portable Bluetooth 5.3 Speaker - Black 40mm Driver - Lightweight Design with Lanyard Strap - Edifier App Support & EQ Settings - USB-C - Up to 8 Hours Playback Per Charge,27.0,,,
HSTBTS5044858,Beats Flex Wireless Earphones - Beats Black Magnetic Earbuds with Auto Play/Pause - Advanced Mic with Wind Reduction - All-Day Comfort - Apple W1 Chip - Find My - Up to 12hrs playtime with USB-C Fast Charging,88.0,,,
MVRXRL0003,"Xreal One AR Glasses XREAL X1 Chip - Native 3 DoF - Up to 147"" Spatial Screen with 50° FOV - Expanded Visual Experience - Expanded Compatibility - Optic Module 3.0 - Sony Micro OLED 0.68""",899.0,678.99,24.47,CLEARANCE
HSTEDI02030,Edifier Neobuds Planar True Wireless Planar Magnetic Noise Cancelling Earbuds - Black - 2nd Gen EqualMass Planar Magnetic drivers - AptX Lossless Snapdragon Sound + LDAC + LHDC - Adaptive ANC - Up to 7.5hrs playtime per charge/30hrs with ca,268.0,158.0,41.04,30YEARSOFSOUND
SPKEDI00853,Edifier MP85 Portable Bluetooth 5.3 Speaker - Green 40mm Driver - Lightweight Design with Lanyard Strap - Edifier App Support & EQ Settings - USB-C - Up to 8 Hours Playback Per Charge,27.0,,,
HSTBTS5083752,Beats Flex Wireless Earphones - Smoke Grey Magnetic Earbuds with Auto Play/Pause - Advanced Mic with Wind Reduction - All-Day Comfort - Apple W1 Chip - Find My - Up to 12hrs playtime with USB-C Fast Charging,88.0,,,
SPKEDI00852,Edifier MP85 Portable Bluetooth 5.3 Speaker - White 40mm Driver - Lightweight Design with Lanyard Strap - Edifier App Support & EQ Settings - USB-C - Up to 8 Hours Playback Per Charge,27.0,,,
SPKEDI00851,Edifier MP85 Portable Bluetooth 5.3 Speaker - Grey 40mm Driver - Lightweight Design with Lanyard Strap - Edifier App Support & EQ Settings - USB-C - Up to 8 Hours Playback Per Charge,27.0,,,
HEAORB0004,Oral-B Original Brush Head Refill 16 Pack Value Pack everyday use Save 30-50% Per BrushHead Vs Small Pack,89.0,78.0,12.36,CLEARANCE
HSTBTS5044859,Beats Flex Wireless Earphones - Yuzu Yellow Magnetic Earbuds with Auto Play/Pause - Advanced Mic with Wind Reduction - All-Day Comfort - Apple W1 Chip - Find My - Up to 12hrs playtime with USB-C Fast Charging,88.0,,,
HSTBTS5083753,Beats Flex Wireless Earphones - Flame Blue Magnetic Earbuds with Auto Play/Pause - Advanced Mic with Wind Reduction - All-Day Comfort - Apple W1 Chip - Find My - Up to 12hrs playtime with USB-C Fast Charging,88.0,,,
HSTEDI02100,Edifier NeoDots True Wireless Noise Cancelling Earbuds - Black Hi-Res Audio Wireless with LDAC - 10mm Dynamic + Balanced Armature Dual Drivers - Advanced Hybrid ANC - Long Battery Life with Qi Wireless Charging,98.0,68.0,30.61,30YEARSOFSOUND
HSTEDI00070,Edifier GX07 Ultra-Low Latency True Wireless Noise Cancelling Gaming Earbuds - Space Grey Hybrid ANC with Ambient Sound - Bluetooth with LHDC+AAC - Ultra-Sensitive ENC Dual Mics - RGB Mecha Case - Edifier App for iOS & Android - Up to 5hrs,129.0,64.0,50.39,30YEARSOFSOUND
HSTSDC3954001,Soundcore by Anker Liberty 4 Pro True Wireless Noise Cancelling In-Ear Headphones - Glossy Black 7-Sensor Precise Noise Cancelling - Dual Drivers for Detailed Hi-Res Sound - Touch Bar & Smart Case Display - IPX5 - Up to 7.5hrs playtime/30hr,279.0,208.0,25.45,ANKER
HSTEDI02010,Edifier Neobuds Plus True Wireless Noise Cancelling In-Ear Headphones - Black Powerful dual driver sound - Hi Res Audio with LDAC + LHDC - IP54 sweat & water resistant - Multipoint - Google Fast Pair - Up to 8hrs battery life/26hrs with cha,82.6,,,
PTRCNN1260776,"Canon Eco-Friendly Megatank GX4060 Colour Ink Tank 4-in-1 Printer for Small Business, Education & Medical Centre",849.0,645.0,24.03,CLEARANCE
SPKEDI1001120,"Edifier MR4.5 4.5"" 2-Way Powered Near Field Studio Monitor Speakers with Bluetooth 6.0 - Black 80W - Flat response from 50Hz-40kHz - Balanced XLR & TRS + Unbalanced RCA & 3.5mm AUX Inputs - 24bit/96kHz Hi-Res Audio Certified - Room Acoustic",244.0,,,
HSTEDI02011,Edifier Neobuds Plus True Wireless Noise Cancelling In-Ear Headphones - Starlight Powerful dual driver sound - Hi Res Audio with LDAC + LHDC - IP54 sweat & water resistant - Multipoint - Google Fast Pair - Up to 8hrs battery life/26hrs with,82.6,,,
HOMMIX41764,Xiaomi Filter for Xiaomi Mi Smart Robot S10 / S12 / T12 / X20 /S40 Pro Vacuum Cleaner - White BHR6464GL,17.25,10.99,36.29,CLEARANCE
HOMMIX41757,Xiaomi Main Brush for Xiaomi Mi Smart Vacuum Robot X10+ / S10+/X20 MAX/5/5Pro,23.0,14.98,34.87,CLEARANCE
HSTSDC1101011,Soundcore by Anker C50i Open-Ear Clip-On True Wireless Earbuds - Black - Secure FlexiClip design - Hi-Res Audio with LDAC & Deep Bass - AI-Enhanced Call Clarity - IP55 Sweat & Water Resistant - Bluetooth 6.0 - Up to 7hrs playtime/28hrs with,159.0,129.0,18.87,ANKER
HOMDER0001,Degrii Zima Pro Smart Cordless Robotic Pool Cleaner for Swiming Pools Smart App Control - 4 x Ultrasonic Radar - Automatic Parking - Multiple Cleaning Modes - Route Planning,2599.0,1399.0,46.17,CLEARANCE
HOMMDE0018,"Midea MPPD33CB Portable Air Conditioner 3.0kw Cooling, With Wifi Connection",549.0,479.0,12.75,CLEARANCE
SPKAIR00080,"Airpulse by Edifier SW8 Premium 8"" 170W Powered Subwoofer - Black Designed by Phil Jones - 25Hz-160Hz - Analog Preamp - Long-Throw Driver - Rear Ported - Adjustable Crossover 30Hz-160Hz - Phase Control - Line Level/LFE RCA inputs",648.0,517.99,20.06,30YEARSOFSOUND
HOMMIX39183,Xiaomi Side Brush 2 units for Xiaomi Mi Smart Robot Mop 2 Pro / 2 Lite Vacuum Cleaner for BHR5044EU / BHR5217EU,16.0,12.98,18.87,CLEARANCE
HSTEDI050000,Edifier STAX SPIRIT S5 Wireless Planar Magnetic Audiophile Headphones - Black Bluetooth 5.4 AptX Adaptive/LDAC/LHDC - USB-C + 3.5mm Aux - Snapdragon Sound - Genuine leather + cooling earpads - Up to 80hrs battery life,388.0,,,
SPKEDI03551,"Edifier S355DB 150W Tri-Amped 2.1 Speaker System with Bluetooth & HDMI eARC - Black - 8"" Wireless Subwoofer - 3.5"" Midrange + 1.25"" Titanium Dome Tweeters - 44Hz-40kHz Hi-Res Audio Certified - HDMI eARC + Optical + Coax + USB-C + RCA + LDAC",510.94,,,
SPKEDI03550,"Edifier S355DB 150W Tri-Amped 2.1 Speaker System with Bluetooth & HDMI eARC - Walnut - 8"" Wireless Subwoofer - 3.5"" Midrange + 1.25"" Titanium Dome Tweeters - 44Hz-40kHz Hi-Res Audio Certified - HDMI eARC + Optical + Coax + USB-C + RCA + LDA",510.94,,,
MVRROK0003,"Rokid Max 2 AR Glasses - Black 215"" Micro-OLED Display - 50° FOV - Up to 120Hz, 600 Nits Brightness,Built-in 0.00D to -6.00D myopia adjustment, USB-C Connection",899.0,799.0,11.12,CLEARANCE
HOMIRB0023,"iRobot Roomba Combo 708 Vacuum Cleaner with Auto Wash Dock & Heated Roller Washing & Drying - Auto Carpet Detection - Equipped with a self-cleaning roller mop, detailed edge cleaning, anti-tangle dual rubber brushes",2699.0,1498.99,44.46,CLEARANCE
SPKEDI1001121,"Edifier MR4.5 4.5"" 2-Way Powered Near Field Studio Monitor Speakers with Bluetooth 6.0 - White 80W - Flat response from 50Hz-40kHz - Balanced XLR & TRS + Unbalanced RCA & 3.5mm AUX Inputs - 24bit/96kHz Hi-Res Audio Certified - Room Acoustic",244.0,,,
HOMRBK0059,Roborock Main Brush Cover for Roborock S6 / S6 Pure / S6 MaxV Smart Robot Vacuum Cleaner - Grey Compatible with S5 / S4 - 8.02.0059,9.9,8.48,14.34,CLEARANCE
HEASGW0111B,Segway Ninebot Bundle Code For F20 F25 F30 F40 Series Scooter Indicator with Fixator with 2 Hour Operation Time,195.5,139.99,28.39,CLEARANCE
HOMIRB0010,iRobot Braava M6 Smart Robot Vacuum - Black Mopping Cleaner Only - WiFi Connected,998.99,599.0,40.04,CLEARANCE
HOMRBK0066,Roborock Mopping System for Roborock S6 Pure / Q7 / E4 / E5 Vacuum Cleaner 1x Including Water Tank - 1x Moisture-Proof Mat - 4x Filter Element - 1x Mop,29.0,25.55,11.9,CLEARANCE
HOMMIX39187C,Compatible Filter for Xiaomi Mi Smart Robot Mop 2 Pro Mop 2 Lite - 2 Pieces for BHR5044EU / BHR5217EU,17.25,12.98,24.75,CLEARANCE
HOMBBT0002,"Beatbot AquaSense Cordless Robotic Pool Cleaner 3-in-1 Comprehensive Pool Cleaning, Advanced Wall Climbing Stability, Up to 180 Minutes Continuous Cleaning, CleverNav Smart Navigation, App Remote Control/ 24 Months Warranty",1699.0,1099.0,35.31,CLEARANCE
HOMBBT0003,Beatbot iSkim Ultra Robotic Pool Skimmer AI Water Clarification/App Remote Control/Full Surface Edge & Corner Debris Cleaning/Dual-Side Brushes/9L Extra-Large Debris Basket/Solar Powered 24/7 Operation/ 24 Months Warranty,1149.0,950.0,17.32,CLEARANCE
HOMBBT0004,"Beatbot AquaSense 2 Robotic Pool Cleaner 3-in-1 Full Pool Cleaning System/Strong Wall Climbing Stability/AI Navigation, App Remote Control, Dual-Pass Waterline Scrubbing, Up to 4hrs of Continuous Floor Cleaning/36 Months Warranty",2199.0,1598.99,27.29,CLEARANCE
AUDSDC3200011,"Soundcore Work AI Voice Recorder & Note Taker - Black - Coin-sized AI Wearable - Capture, Transcribe & Share Crystal-Clear Audio - For Meetings, Interviews, Lectures - 150+ Languages- 300mins free/month - For iPhone, Android, PC, Mac & More",279.0,228.0,18.28,ANKER
AUDSDC3200021,"Soundcore Work AI Voice Recorder & Note Taker - White - Coin-sized AI Wearable - Capture, Transcribe & Share Crystal-Clear Audio - For Meetings, Interviews, Lectures - 150+ Languages- 300mins free/month - For iPhone, Android, PC, Mac & More",279.0,228.0,18.28,ANKER
HOMSRM0001,"Smartmi Air Purifier jya fjord with Smart APP Control & OLED Display CADR Up to 450m3/h - Purify Pollen & Reduce Harmful Particles - NanoGuard Technology With UV Sterilization, Effective 31-54m2 Room Size, 18.8db in Sleep mode",398.99,299.0,25.06,CLEARANCE
HOMMIX57051,Xiaomi Mi Smart Robot S20 Mop Pad White,19.0,9.99,47.42,CLEARANCE
HOMMIX57052,Xiaomi Mi Smart Robot S20 Main Brush Cover,19.99,9.99,50.03,CLEARANCE
HOMOEM0067,"OEM Accessories Combo Mop Pad*4, Side brush*4, Filter*4, Main Brush*1 For Roborock Q10V Plus",69.0,49.0,28.99,CLEARANCE
SPKAIR00310,"Airpulse by Edifier A300PRO Premium Wireless HiFi 280W Dual Active Powered 6.5"" Speaker System - Walnut Horn-Loaded Ribbon Tweeters + 6.5"" Aluminium Woofers - 40Hz-40kHz - Wireless Left/Right Connection - RCA + USB + Optical + Balanced XLR",3247.0,2388.0,26.46,30YEARSOFSOUND
TOYMIX11772,"Xiaomi SU7 Ultra 1:18 Die Cast Model Car Lightning Yellow - Striking body design - Openable doors, bonnet & boot - Sporty interior design - Steerable front wheels",399.0,148.99,62.66,CLEARANCE
SPKAIR02000B,"Airpulse by Edifier SM200 Flagship Precision Dual Active Studio Monitor Speakers (Pair) - Black 350W - Horn-Loaded Ribbon Tweeters + 5.25"" Aluminium Woofers - 45Hz-40kHz - Balanced XLR + Balanced TRS + RCA inputs",1488.0,1288.0,13.44,30YEARSOFSOUND
HEASGW0115B,Segway Ninebot Bundle Code for G series - G30 MAX Indicator with Fixator,195.5,139.99,28.39,CLEARANCE
HOMIRB0015,iRobot Roomba 10 Max Vacuum & Mop Combo with Auto Wash Dock WiFi Connected - Corners & Edges - Dual Multi Surface Rubber Brushed - Automatic Carpet Boost & Auto Retract Mopping System with Smart Scrub,1862.45,1279.0,31.33,CLEARANCE
SPKJBL6268821,JBL Stage FS Universal Speaker Stands - Pair - Anthracite Espresso 706mm Height - Floor Spikes & Mounting Screws Included,398.0,238.0,40.2,SUPER
SPKJBL6268862,JBL Stage FS Universal Speaker Stands - Pair - Maple Latte 706mm Height - Floor Spikes & Mounting Screws Included,398.0,238.0,40.2,SUPER
PTAOKI5180769,Oki 530 Sheet Second Tray C650DN/ES6450DN,190.82,90.0,52.84,CLEARANCE
HOMTPL0009,TP-Link Tapo RV30 Max LiDAR Navigation Robot Vacuum & Mop 5300Pa - Lidar+IMU Dual Navigation System - Tapo IQ+ Smart Cleaning - Voice & Remote Control,649.0,448.99,30.82,CLEARANCE
HOMIRB0018,iRobot Roomba 205 Mop & Vacuum Cleaner Dust Compactor Combo - Lifting Suction & 2X Deeper Scrubbing Using Microfiber Mop Pad - LiDar Clear View -,579.05,395.0,31.78,CLEARANCE
HOMIRB0020,iRobot Roomba Plus 505 Vacuum Cleaner with Auto Wash Dock - Dual Clean Mop Pads - Multi Surface Rubber Brush - 18% Closer to Edges - Precision Vision AI Technology - 75 Days Hassle Free Auto Cleaning,1302.51,884.99,32.06,CLEARANCE
HOMIRB0021,iRobot Roomba Plus 705 Vacuum Cleaner with Auto Wash Dock & Heated Roller Washing & Drying - Auto Carpet Detection - Exclusive mop cover,1941.57,1499.0,22.79,CLEARANCE
SPKAIR00800,"Airpulse by Edifier A80 Premium HiFi 100W Active Powered Bookshelf Speaker System - Walnut Horn-loaded Ribbon Tweeters + 4.5"" Aluminium Mid-Woofers - 52Hz-40kHz - RCA + USB + Optical + Bluetooth inputs - Subwoofer output - Hi-Res Audio Cert",1198.0,888.0,25.88,30YEARSOFSOUND
SPKAIR00801,"Airpulse by Edifier A80 Premium HiFi 100W Active Powered Bookshelf Speaker System - Tiffany Blue Horn-loaded Ribbon Tweeters + 4.5"" Aluminium Mid-Woofers - 52Hz-40kHz - RCA + USB + Optical + Bluetooth inputs - Subwoofer output - Hi-Res Audi",1198.0,888.0,25.88,30YEARSOFSOUND
SPKAIR00100,"Airpulse by Edifier A100 Premium HiFi 100W Active Powered Bookshelf Speaker System - Gloss Black Horn-loaded Ribbon Tweeters + 5"" Aluminium Mid-Woofers - 52Hz-40kHz - RCA + USB + Optical + Bluetooth inputs - Subwoofer output - Hi-Res Audio",1459.0,1088.0,25.43,30YEARSOFSOUND
SPKAIR00101,"Airpulse by Edifier A100 Premium HiFi 100W Active Powered Bookshelf Speaker System - Gloss Red Horn-loaded Ribbon Tweeters + 5"" Aluminium Mid-Woofers - 52Hz-40kHz - RCA + USB + Optical + Bluetooth inputs - Subwoofer output - Hi-Res Audio Ce",1459.0,1088.0,25.43,30YEARSOFSOUND
SPKAIR00110,"Airpulse by Edifier P100X Premium HiFi Multi-Driver Wireless Desktop Speaker System - Walnut A-Blade Tweeters designed by Phil Jones + 4.5"" Aluminium Mid-Woofer - 50Hz-20kHz - RCA + Bluetooth inputs",898.0,742.0,17.37,30YEARSOFSOUND
SPKAIR00200,"Airpulse by Edifier A200T Premium HiFi 130W Active Powered Bookshelf Speaker System - Walnut Horn-Loaded Ribbon Tweeters + 5.25"" Aluminium Alloy Woofers - 46Hz-20kHz - Built-in Phono Preamp - RCA + Optical + Coax + Bluetooth inputs - Subwoo",1866.0,1488.0,20.26,30YEARSOFSOUND
SPKAIR00201,"Airpulse by Edifier A200T Premium HiFi 130W Active Powered Bookshelf Speaker System - Black Horn-Loaded Ribbon Tweeters + 5.25"" Aluminium Alloy Woofers - 46Hz-20kHz - Built-in Phono Preamp - RCA + Optical + Coax + Bluetooth inputs - Subwoof",1866.0,1488.0,20.26,30YEARSOFSOUND
SPKAIR00300,"Airpulse by Edifier A300 Premium HiFi 160W Active Powered Bookshelf Speaker System - Cherry Wood Horn-Loaded Ribbon Tweeters + 6.5"" Aluminium Woofers - 40Hz-40kHz - RCA + USB + Optical + Balanced XLR + Coax + Bluetooth inputs - Hi-Res Audio",2098.0,1588.0,24.31,30YEARSOFSOUND
SPKAIR02000,"Airpulse by Edifier SM200 Flagship Precision Dual Active Studio Monitor Speaker (Single) - Black 175W - Horn-Loaded Ribbon Tweeter + 5.25"" Aluminium Woofer - 45Hz-40kHz - Balanced XLR + Balanced TRS + RCA inputs",894.0,668.0,25.28,30YEARSOFSOUND
SPKAIR00100B,"Airpulse by Edifier A100 Bookshelf Speakers + SW8 8"" Subwoofer 270W 2.1 HiFi System Bundle - Gloss Black Horn-loaded Ribbon Tweeters + 5"" Aluminium Mid-Woofers - RCA + USB + Optical + Bluetooth inputs - Hi-Res Audio Certified",1888.0,1488.0,21.19,30YEARSOFSOUND
SPKAIR00101B,"Airpulse by Edifier A100 Bookshelf Speakers + SW8 8"" Subwoofer 270W 2.1 HiFi System Bundle - Gloss Red Horn-loaded Ribbon Tweeters + 5"" Aluminium Mid-Woofers - RCA + USB + Optical + Bluetooth inputs - Hi-Res Audio Certified",1888.0,1488.0,21.19,30YEARSOFSOUND
SPKAIR00800B,"Airpulse by Edifier A80 Bookshelf Speakers + SW8 8"" Subwoofer 270W 2.1 HiFi System Bundle - Walnut Horn-loaded Ribbon Tweeters + 4.5"" Aluminium Mid-Woofers - RCA + USB + Optical + Bluetooth inputs - Hi-Res Audio Certified",1388.0,1088.0,21.61,30YEARSOFSOUND
SPKAIR00801B,"Airpulse by Edifier A80 Bookshelf Speakers + SW8 8"" Subwoofer 270W 2.1 HiFi System Bundle - Tiffany Blue Horn-loaded Ribbon Tweeters + 4.5"" Aluminium Mid-Woofers - RCA + USB + Optical + Bluetooth inputs - Hi-Res Audio Certified",1388.0,1088.0,21.61,30YEARSOFSOUND
SPKAIR00200B,"Airpulse by Edifier A200T Bookshelf Speakers + SW8 8"" Subwoofer 300W 2.1 HiFi System Bundle - Walnut Horn-Loaded Ribbon Tweeters + 5.25"" Aluminium Alloy Woofers - 25Hz-20kHz - Built-in Phono Preamp - RCA + Optical + Coax + Bluetooth inputs",2088.0,1788.0,14.37,30YEARSOFSOUND
SPKAIR00201B,"Airpulse by Edifier A200T Bookshelf Speakers + SW8 8"" Subwoofer 300W 2.1 HiFi System Bundle - Black Horn-Loaded Ribbon Tweeters + 5.25"" Aluminium Alloy Woofers - 25Hz-20kHz - Built-in Phono Preamp - RCA + Optical + Coax + Bluetooth inputs -",2088.0,1788.0,14.37,30YEARSOFSOUND
SPKEDI1252,"Edifier R1280T 42W Powered Bookshelf Speakers - Brown 4"" Woofers - 2x RCA Inputs - Bass / Treble Controls - Wireless Remote Control Included - For PCs, Laptops, Mac, Vinyl Record Players & more",118.0,,,
SPKEDI128001,"Edifier R1280T 42W Powered Bookshelf Speakers - Black 4"" Woofers - 2x RCA Inputs - Bass / Treble Controls - Wireless Remote Control Included - For PCs, Laptops, Mac, Vinyl Record Players & more",118.0,,,
SPKEDI0012,Edifier D12 70W Single-Body Stereo Speaker System with Bluetooth - Brown 3.5mm + RCA + Bluetooth 5.0 Inputs - Bass / Treble Controls - Subwoofer Output,111.0,,,
HSTSDC03330110,Soundcore by Anker C30i Open-Ear Clip-On True Wireless Earbuds - Transparent Black Ultra-lightweight breathable open-ear comfort - IPX4 Sweat & Water Resistant - Optional ear grips - Up to 10hrs Playback / 30hrs with Charging Case,129.0,87.0,32.56,ANKER
SPKEDI0013,Edifier D12 70W Single-Body Stereo Speaker System with Bluetooth - Black 3.5mm + RCA + Bluetooth 5.0 Inputs - Bass / Treble Controls - Subwoofer Output,111.0,,,
HSTSDC3062Z11,Soundcore by Anker Space One Pro Premium Wireless Over-Ear Noise Cancelling Headphones - Obsidian Black FlexiCurve super-foldable design - 4-stage real-time adaptive ANC system - Hi-Res drivers with triple composite diaphragms - All-day com,378.0,268.0,29.1,ANKER
SPKEDI027800,"Edifier R2750DB MKII 7"" 3-Way 144W Quad-Amped Bookshelf Speakers with Bluetooth & HDMI eARC - Black - 7"" Bass Drivers + 4.5"" Midrange + 1"" Silk Dome Tweeters - 45Hz-40kHz - Hi-Res Audio Certified - HDMI eARC + Optical + Coax + RCA + LDAC Bl",371.0,,,
SPKEDI00320,Edifier D32 60W Portable Home Stereo Speaker System with Bluetooth & Apple AirPlay - Black Walnut Hi-Res Audio - Bluetooth 5.3 with LDAC + USB-C + 3.5mm Aux - Premium Sound & Luxurious Design - Edifier ConneX App - Up to 11 Hours Battery Li,198.0,,,
HSTSDC3388021,Soundcore by Anker AeroClip Open-Ear Clip-On True Wireless Earbuds - Champagne Mist Innovative Flexible Open-Ring Design - EasyTap Control - Powerful Bass - Multipoint - 4-Mic AI Clear Calls - 2-size Ear Grips - Up to 8hrs playtime/32hrs wi,249.0,199.0,20.08,ANKER
SPKEDI00322,Edifier D32 60W Portable Home Stereo Speaker System with Bluetooth & Apple AirPlay - Brown Hi-Res Audio - Bluetooth 5.3 with LDAC + USB-C + 3.5mm Aux - Premium Sound & Luxurious Design - Edifier ConneX App - Up to 11hrs Battery Life,198.0,,,
HSTEDI00025,Edifier Comfo Q Open Ear Clip-On True Wireless Earbuds - Pearl White Lightweight 5.4g design - 12mm drivers - Edifier ConneX app for iPhone + Android - Multipoint - IP56 - Tap controls - Up to 8hrs playtime/32hrs with charging case,55.48,,,
HSTEDI00024,Edifier Comfo Q Open Ear Clip-On True Wireless Earbuds - Space Black Lightweight 5.4g design - 12mm drivers - Edifier ConneX app for iPhone + Android - Multipoint - IP56 - Tap controls - Up to 8hrs playtime/32hrs with charging case,55.48,,,
HSTSDC3388011,Soundcore by Anker AeroClip Open-Ear Clip-On True Wireless Earbuds - Midnight Innovative Flexible Open-Ring Design - EasyTap Control - Powerful Bass - Multipoint - 4-Mic AI Clear Calls - 2-size Ear Grips - Up to 8hrs playtime/32hrs with cha,249.0,199.0,20.08,ANKER
AUDSNP508898,Sennheiser Pro MKE 400 Directional on-camera shotgun microphone - Built-in wind protection & shock absorption - 3-step sensitivity switch + switchable low-cut filter - 3.5mm coiled cables - Compatible with DSLR & mirrorless cameras + mobile,439.0,298.0,32.12,SUPER
SPKAIR00301,Airpulse by Edifier ST300 Premium Speaker Floor Stand Pair - Walnut - Sturdy - Stable & Heavy Duty - 660mm Height - Colour-Matched to A300/A300PRO,398.0,323.0,18.84,30YEARSOFSOUND
AUDSNP509257,Sennheiser Pro MKE 400 Mobile Kit - Includes MKE 400 On-camera shotgun microphone + Manfrotto PIXI Mini Tripod + Smartphone clamp with cold-shoe mount + Locking cables + Furry wind shield + Travel pouch,499.0,348.0,30.26,SUPER
AUDSNP700266,Sennheiser Pro Profile Wireless 2-Channel All-in-One Clip-On & Handheld Microphone System - 2-channel 2.4GHz receiver + 2x Clip-On Microphones with 16GB storage + Ultra-portable charging bar doubles as a handheld interview mic - Superior Se,599.0,510.04,14.85,SUPER
AUDSNP700278,Sennheiser Pro Profile Wireless 1-Channel All-in-One Clip-On & Handheld Microphone System - 2-channel 2.4GHz receiver + Clip-On Microphone Transmitter - Backup Recording Mode with 16GB storage - 32bit Float recording - Superior Sennheiser s,409.0,299.0,26.89,SUPER
HSTAPP5922285,Apple AirPods Pro 3 True Wireless In-Ear Headphones with MagSafe Charging Case (USB-C),463.99,454.0,2.15,PBDEAL
HSTAPP6331745,Apple AirPods 4 True Wireless In-Ear Headphones,224.0,217.99,2.68,
TVNGOG5662,Google TV Streamer 4K - White,173.45,,,
SURBEL2740632,Belkin 8 Outlet Surge Protection Strip with 2x USB-A 2.4A Charging Ports,38.61,,,
HSTAPP6331741,Apple AirPods 4 True Wireless In-Ear Headphones with Active Noise Cancellation,315.99,278.0,12.02,
HDDSEA0424,Seagate Expansion 2TB Portable External HDD - Black,279.0,218.99,21.51,PBDEAL
BATPAN1041,Panasonic LR03T/24V AAA 24pcs Alkaline 1.5V Bulk Value Pack Alkaline-Zinc - Longer Lasting protects power,9.98,,,
SURBEL2740628,Belkin 4 Outlet Surge Protection Strip with 2m Power Cord,23.76,,,
PADLOG5304460,Logitech Studio Series Desk Mat - Mid Grey,37.98,,,
HSTSHK08200,Shokz OpenRun Pro 2 Premium Wireless Open-Ear Bone Conduction Sports Headphones - Black IP55 Water Resistant - Bluetooth 5.3 - New DualPitch Bone + Air Conduction Technology - Up to 12 Hours Battery Life - 2 Years Warranty,277.99,276.99,0.36,PBDEAL
HDDWDX2721,"WD Elements SE 2TB Portable External HDD - Black 2.5"" - USB 3.0",249.0,229.0,8.03,PBDEAL
SWHUBI1105,Ubiquiti UniFi USW-Flex-Mini 5-Port Gigabit Web Managed Switch - 1GbE x5,68.39,,,
NAPUBI1072,Ubiquiti UniFi U7-Lite (BE5000) Dual-Band 4-Stream Wi-Fi 7 Access Point with 2.5GbE x1 (PoE 13W),234.88,,,
BULTPL2533,TP-Link Tapo L530E Smart Wi-Fi RGB LED Light Bulb E27 - 2 Pack,32.34,,,
PETTRC0006,Tractive Mini GPS Cat Tracker - Subscription Required - Midnight Blue,85.0,71.32,16.09,DAILYSTEAL
SPKPAN00920,Panasonic SC-PMX92 120W Premium Hi-Res Stereo Micro System with 3-Way Speakers - Silver USB DAC for PC Connection - RCA + 3.5mm AUX + Optical + Ethernet - Bluetooth - FM Radio & CD Player,568.0,496.0,12.68,PBDEAL
SURBEL2740631,Belkin 6 Outlet Surge Protection Strip with 2x USB-A 2.4A Charging Ports,55.4,,,
HDDWDX2515,"WD Elements SE 1TB Portable External HDD - Black 2.5"" - USB 3.0",218.99,189.0,13.69,PBDEAL
HSTSEN509144,Sennheiser HD 560S Open-Back Wired Over-Ear Headphones - Black - 38mm Transducers made in Europe - 6Hz-38kHz Frequency Response - 120 Ohm Impedance - Analytical Sound Signature - 1.8m cable - 2 Years Warranty,269.96,,,
HDDWDX2741,"WD Elements SE 4TB Portable External HDD - Black 2.5"" - USB 3.0",369.0,349.0,5.42,PBDEAL
HDDSEA0430,Seagate Expansion 4TB Portable External HDD - Black,369.0,349.0,5.42,PBDEAL
HSTHYX1010,HyperX Cloud Stinger 2 Core Gaming Headset,54.99,,,
MONSAM72534,"Samsung Odyssey G5 34"" Ultrawide QHD 165Hz Curved Gaming Monitor 3440x1440 - 1ms - DisplayPort - HDMI - AMD FreeSync Premium - 1000R - Tilt Adjustable - 75x75 VESA",498.0,,,
PETTRC0020,Tractive GPS Dog 6 Tracker - Subscription Required,105.0,93.76,10.7,DAILYSTEAL
BULTPL2532,TP-Link Tapo L530B Smart Wi-Fi RGB LED Light Bulb B22 - 2 Pack,30.58,,,
HSTSNY7506,"Sony MDR-7506 Wired Professional Monitor Headphones - Black 40mm Drivers - Closed Design - Swivelling Earcups - Gold Plated Unimatch Plug With 1/8"" (3.5mm) Mini-Jack & 1/4"" (6.3mm) TRS Connectivity",188.99,187.99,0.53,PBDEAL
SURBEL2740629,Belkin 4 Outlet Surge Protection Strip with 2x USB-A 2.4A Charging Ports,47.48,,,
HSTSNY010050,Sony WH-1000XM5 Wireless Over-Ear Noise Cancelling Headphones - Black ANC - Up to 30 Hours Battery Life,465.0,447.99,3.66,PBDEAL
MSELOG3115337,Logitech M171 Wireless Mouse - Black,25.99,,,
HEAORB1069,Oral-B iO Series 3 Electric Toothbrush with Charging Stand - Icy Blue,129.0,,,
PETPTK0004,"Petkit Eversweet Replacement Filter 5pcs for Water Drinking Fountain - compatible with 2, 3, Solo, 2S",39.0,34.12,12.51,DAILYSTEAL
PETPTK0029,"Petkit 2 In 1 Pet Hair Clipper Pro Double cutter head available, IPX7 waterproof, Low vibration and low noise, Battery Upgrade, charging time reduced",48.99,42.87,12.49,DAILYSTEAL
HDDWDX52050,WD My Passport for Mac 5TB Portable External HDD - Midnight Blue,459.0,399.0,13.07,PBDEAL
HDDWDX52020,WD My Passport for Mac 2TB Portable External HDD - Midnight Blue,279.0,239.0,14.34,PBDEAL
PETPTK0009,"Petkit Fresh Element SOLO Smart Pet Feeder (White) Compatible with mixed-food type Connect via both Wi-Fi(2.4GHz) and Bluetooth, constructed out of premium 304 Stainless steel and food-grade ABS",136.22,,,
SURBEL6142271,Belkin 8 Outlet Surge Protector with Dual USB-C 30W PPS Charging Port - (  White ) 2m Cord,86.33,,,
PADRAZ82155,Razer Gigantus v2 Soft Gaming Mouse Pad - 3XL 1200mm x 550mm,108.99,,,
NBKAPP145110001612,"Apple Macbook Pro 14"" Laptop with M5  Chip - ( Silver ) 16GB Unified Memory - 1TB SSD - 10-Core CPU - 10-Core GPU - 14-inch Liquid Retina XDR Display 70W USB-C Power Adapter",3580.01,,,
SWHUBI808052,"Ubiquiti UniFi USW-Lite-8-POE 8-Port Gigabit L2 Managed PoE Switch (52W) - 1GbE x4, 1GbE PoE+ x4",265.45,,,
BULTPL3535,"TP-Link Tapo L535E Smart Wi-Fi RGB LED Bulb, E27, 1055 Lumens, 2500-6500K, Dimmable, Matter-Certified",21.16,,,
NBKHNB1460I,"HP 14-dq6011dx 14"" HD - Intel N150 - 4GB RAM - 128GB UFS - Win 11 Home S Mode - AX WiFi6 + BT5.4 - USB-C (with DP1.2) - HDMI1.4b - 1yr warranty",575.0,545.86,5.07,PBDEAL
SPKEDI1271,Edifier R1280DB 42W Powered Bookshelf Speaker System with Bluetooth - Brown 2x RCA + Optical + Coax Inputs - Bass / Treble Controls - Wireless Remote Included,158.0,,,
HDDWDX41921,"WD My Passport 2TB Portable External HDD - Black 2.5"" - USB 3.0",269.0,229.0,14.87,PBDEAL
CABBEL4835407,Belkin BoostCharge Braided Lightning to USB-A Cable - 2m - Black,22.16,,,
HDDTRS327050,Transcend ESD270C 500GB USB-C Portable External SSD - Black,249.0,,,
MPHPAN0210,"Panasonic KX-TGB210NZB Cordless Landline Telephone - Black 1.4"" LCD Display - 50 Name & Number Phone Book",49.0,41.99,14.31,PBDEAL
PETPTK0010,Petkit Feeder Desiccant 5pcs Pack ood grade moisture absorber silica gel desiccant packs for PETKIT feeders,15.0,11.52,23.2,DAILYSTEAL
HDDWDX41923,"WD My Passport 2TB Portable External HDD - Red 2.5"" - USB 3.0",269.0,229.0,14.87,PBDEAL
BULTPL2531,"TP-Link Tapo L530B Smart Wi-Fi RGB LED Bulb, B22, 8.7W, 806 Lumens, 2500-6500K, Dimmable",17.25,,,
HSTJBL6224925,JBL Endurance Race 2 True Wireless Noise Cancelling Sports Earbuds - Black - IP68 Sweat & Water Resistant - Secure TwistLock design - 6x Sports Modes + Relaxing Sounds - Up to 10hrs playtime per charge (ANC On),128.0,85.0,33.59,PBDEAL
HSTSNY05200,Sony WH-CH520 Wireless On-Ear Headphones - Black - Up to 50 hours of Battery Life - Multipoint Connectivity,74.99,73.99,1.33,PBDEAL
MPPMOP0000016,"Mophie 67W Dual USB-C PD GaN Wall Charger - White, Compact Size, Up to 67W Fast Charging Apple iPhones, Samsung Smart Phones, Solid Construction",89.99,34.71,61.43,CLEARANCE
SPKJBL6604866,JBL Tuner 3 Portable Bluetooth Speaker with Built-in FM Radio - Black - IP68 rugged & durable - 6x preset buttons - Auracast - Up to 12hrs playtime,147.99,146.99,0.68,PBDEAL
HSTEDI20241798,Edifier P180 Plus Wired Earbuds - White with Remote and Mic - 3.5mm Jack,11.99,,,
WTHFIT5586250,Fitbit Inspire 3 Fitness Tracker - Black / Midnight Zen 24/7 Heart Rate Tracking - Up to 10 days battery life - Water resistance - 20+ Exercise modes - Real-Time Pace & Distance Tracking - Google Fast Pair,168.99,156.42,7.44,PBDEAL
NBABEL448657,"Belkin Top Loading Carry Case for 15.6""-16"" Laptops - Black",37.62,,,
PADLOG5304459,Logitech Studio Series Desk Mat - Rose,37.98,,,
HDDWDX2751,"WD Elements SE 5TB Portable External HDD - Black 2.5"" - USB 3.0",439.0,389.0,11.39,PBDEAL
NBGBEL3585505,"Belkin Classic Pro Slim Backpack Casual for 14""-15.6"" Laptops - Grey",53.46,,,
NBKHNB421401,"HP ProBook 4 G2i 14 14"" WUXGA Business Laptop Intel Core Ultra 5 325 - 16GB RAM (1x16G) - 512GB SSD - Win 11 Pro - WiFi 7 + BT 6.0 - FPR - 1Y Onsite Warranty",2188.0,,,
SPKJBL6494047,JBL Charge 6 45W Portable Bluetooth Speaker with Built-in Powerbank - Black - Rugged & durable - Multi-speaker connection with Auracast - USB-C lossless wired audio - Up to 28 hours of playtime with fast charging,249.0,228.0,8.43,PBDEAL
HDDSEA1540,"Seagate One Touch 5TB Portable External HDD - Black with Rescue Data Recovery Service - Toolkit software offers features like: One-click backups, File synchronization and Cloud backup options",479.0,459.0,4.18,PBDEAL
MSELOG3680801,Logitech M331 Silent Wireless Mouse - Red,43.18,,,
NETTPL4560,TP-Link Archer A6 (AC1200) Dual-Band WiFi 5 Gigabit Router,88.0,,,
HDDWDX41922,"WD My Passport 2TB Portable External HDD - Blue 2.5"" - USB 3.0",269.0,229.0,14.87,PBDEAL
HDDWDX41951,"WD My Passport 5TB Portable External HDD - Black 2.5"" - USB 3.0",448.99,389.0,13.36,PBDEAL
CCTTPL1211,TP-Link Tapo C211 3MP/2K Indoor PT Wi-Fi Camera - Black Two-Way Audio / Night Vision,49.98,,,
NBKLEN31587I,"Lenovo IdeaPad Slim 3 15ABR8 15.6"" FHD Touch AMD Ryzen 7 5825U - 16GB RAM - 512GB SSD - Win 11 Home - AX WiFi 6 + BT5.2 - Webcam - USB-C (with PD & DP1.2) - HDMI1.4 - 1yr warranty",1529.5,1370.04,10.43,PBDEAL
WTHFIT89422,"Fitbit Charge 6 Fitness Tracker - Silver / White Google Maps - Google Wallet - Up to 7 Day Battery Life - Built-in GPS - Heart, Blood Oxygen & Sleep Tracking - ECG",289.0,275.22,4.77,PBDEAL
PADLOG5328142,Logitech Studio Series Mouse Pad - Graphite,22.99,,,
PETPTK0008,"Petkit Fresh Element SOLO Smart Pet Feeder (Dark Grey) Compatible with mixed-food type - Connect via both Wi-Fi(2.4GHz) and Bluetooth, onstructed out of premium 304 Stainless steel and food-grade ABS",136.22,,,
CAB8WR0104,8Ware RC-HDMIVGA-2 HDMI to VGA Cable - 1.8m Converter,34.98,,,
HSTSHK08204,Shokz OpenRun Pro 2 Premium Wireless Open-Ear Bone Conduction Sports Headphones - Silver IP55 Water Resistant - Bluetooth 5.3 - New DualPitch Bone + Air Conduction Technology - Up to 12 Hours Battery Life - 2 Years Warranty,277.99,276.99,0.36,PBDEAL
CCTTPL1210,TP-Link Tapo C210 3MP/2K Indoor PT Wi-Fi Camera -White Two-Way Audio / Night Vision,49.98,,,
HEABRR0088,Beurer EM49 Digital TENS / EMS Unit Pain Therapy (TENS) & Muscle Stimulation (EMS) Drug-Free Natural Pain Relief - 3-in-1 Pain Relief - Rehabilitation & Massage,128.0,,,
HDDSSM37203,Samsung T7 Shield 2TB Rugged Portable External SSD - Beige USB-C - IP65 Rated Dust & Water Resistance - 3 Metre Drop Resistant - NVMe - Write up to 1000MB/s,995.0,849.0,14.67,PBDEAL
MONSAM72517,"Samsung Odyssey G3 27"" FHD 180Hz Gaming Monitor 1920x1080 - 1ms - DisplayPort - HDMI - AMD FreeSync Premium - Flicker Free - Height Adjustable - Borderless Design - Height / Pivot / Swivel / Tilt Adjustable - 100x100 VESA",215.0,,,
SPKEDI1283,Edifier R1280DB 42W Powered Bookshelf Speaker System with Bluetooth - Black 2x RCA + Optical + Coax Inputs - Bass / Treble Controls - Wireless Remote Included,158.0,,,
MSAHYX1001,HyperX Wrist Rest For Full Size Keyboard,32.99,,,
HSTJAB6278248,Jabra Evolve 65 TE Bluetooth On-Ear Headset - Teams Certified USB-A / Busy Light / Up to 30m Distance / Up to 16-Hour Talk-Time,248.53,187.61,24.51,BUSTER
SWHNGR30830,NETGEAR GS308 8-Port Gigabit Unmanaged Switch - 1GbE x8,66.09,,,
NBKHNB141014I,"HP Chromebook 14a-ne1013dx 14"" HD Intel Celeron N4500 - 4GB RAM - 64GB eMMC - ChromeOS - AX WiFi 6 + BT5.3 - Webcam - USB-C (with PD & DP1.4) - HDMI1.4b - 1yr warranty",389.0,,,
HSTJBL780053,JBL Free WFH Wireless Over-Ear Headset - Black Detachable Noise Cancelling Microphone - PC compatible - Lossless & Low-Lag 2.4GHz Wireless with USB-A dongle - Up to 16 hour Battery Life,128.0,126.99,0.79,PBDEAL
NETTPL6541,TP-Link Archer AX72 (AX5400) Dual-Band WiFi 6 Router 1GbE x5,239.12,,,
AUDWIM00003,WiiM Pro Plus Wireless WiFi + Bluetooth Audio Streamer with Voice Remote & AKM DAC Apple AirPlay 2 - Chromecast Audio / Spotify Connect / Ethernet Multiroom - Roon Ready - Alexa / Siri / Google Assistant - Hi-Res Certified / Optical + Coax,448.99,428.98,4.46,PBDEAL
HEASGW0056,Segway C2 Pro Teen's eScooter Max Speed 16km/h - Max Range up to 17km - 7 Inch Inner Hollow Tyres - 3 Riding Modes - Standard - Sport and Power Assisting - Ambient Lights and Intergrated Bluetooth Speaker,499.0,448.99,10.02,SEGWAYFAN
NBKDEL5255I,"Dell 15.6"" FHD Touch AMD Ryzen 7 7730U - 16GB RAM - 1TB SSD - Win 11 Home S Mode",1610.0,1312.22,18.5,PBDEAL
HOMRBK0077,"Roborock Saros 10R Black Vacuum Cleaner & Mop with 20,000Pa Suction 7.98cm Ultra Thin Design - StarSight Autonomous System 2.0 - 3D Navigation - 10-on-1 Multifunctional Dock 4.0. Dual Anti Tangle System",3299.0,1999.0,39.41,PBDEAL
HDDSEA1140,"Seagate One Touch 1TB Portable External HDD - Black with Rescue Data Recovery Service - Toolkit software offers features like: One-click backups, File synchronization and Cloud backup options",229.0,218.99,4.37,PBDEAL
HSTSNY05201,Sony WH-CH520 Wireless On-Ear Headphones - Beige Up to 50 hours of Battery Life - Multipoint Connectivity,74.99,73.99,1.33,PBDEAL
HSTMOK854012972,Moki Mixi Wireless Headphones for Kids - Green Purple Volume Limited,35.74,30.44,14.83,CLEARANCE
HSTHYX1015,HyperX Cloud III USB Gaming Headset - Black Red,117.99,,,
NETTPL8632,TP-Link TL-WPA8631P KIT AV1300 Powerline Kit with AC Pass-Through - Dual-Band AC1200 WiFi Extender,253.82,,,
BAPAKR1335011,ANKER Prime 12000mAh 130W 2-Output Laptop Power Bank with Smart Display Input 65W / Output 130W / 65W USB-C,169.0,,,
HOMNJA0013,Ninja Foodi AF400 Max XXXL 9.5L Dual Zone Air Fryer Max Crisp - Bake - Air Roast - Reheat - Dehydrate,349.0,295.0,15.47,PBDEAL
HDDSEA1541,"Seagate One Touch 5TB Portable External HDD - Blue with Rescue Data Recovery Service - Toolkit software offers features like: One-click backups, File synchronization and Cloud backup options",479.0,459.0,4.18,PBDEAL
MSELOG5684259,Logitech M171 Wireless Mouse - Blue Grey,25.99,,,
BULTPL9005,"TP-Link Tapo L900-5 Smart Light Strip -5M, Multicolour, Dimmable",35.28,,,
CABDNX4010,Dynamix C-DP12-5M DisplayPort 1.2 Cable - with Gold Shell Connectors - 5m DDC Compliant,18.38,15.02,18.28,CLEARANCE
TAAMST51041,Microsoft Surface Bluetooth Arc Mouse - Light Grey,109.0,,,
HDDSSM37202,Samsung T7 Shield 2TB Rugged Portable External SSD - Blue USB-C - IP65 Rated Dust & Water Resistance - 3 Metre Drop Resistant - NVMe - Write up to 1000MB/s,995.0,849.0,14.67,PBDEAL
MEMYBC0335,Yubico Yubikey 5C NFC - USB-C 2FA V5C - v5.8 - 5060408462331,148.35,,,
HDDWDX41943,"WD My Passport 4TB Portable External HDD - Red 2.5"" - USB 3.0",399.0,349.0,12.53,PBDEAL
MPHMIX01015000,"Xiaomi Redmi 15C (2026) Dual SIM Smartphone - 4GB+256GB - Black - 6.9"" 120Hz Screen - IP64 Water Resistant - 6000 mAh Battery - MediaTek Helio G81-Ultra Chipset - 33W Fast Charging",284.0,223.0,21.48,MEGA
CCTTPL2104,TP-Link Tapo P100 Mini Smart Wi-Fi Plug - 4 Pack,80.36,,,
NBDBEL6291866,Belkin Connect Universal USB-C 8-in-1 Dual Display Core Hub Expand to 8 Ports from one Universal USB-C Connection & Connect to Dual Monitors (One at 4K 60Hz & One at 4K 30Hz),158.39,,,
HOMNJA0010,Ninja Creami NC300 Creamify Technology Ice Cream Maker 800W - Milkshake & Smoothie Bowl - Dishwasher Safe & BPA Free,397.99,315.0,20.85,PBDEAL
SPKPAN00320,Panasonic SC-AKX320 450W Smart Hi-Fi Mini System USB Inputs - App Control & EQ - Bluetooth / CD Player / FM Radio / AUX,388.0,297.99,23.2,PBDEAL
TAAKOB428011,Kobo Libra Colour (2024) SleepCover Case - Black,55.0,36.24,34.11,CLEARANCE
NBGSTM5087327,"STM Myth Laptop Sleeve with Removable Strap for 13""-14"" MacBook Air & Pro - Black",76.44,,,
NETUBI1072,"Ubiquiti NanoStation LocoM2 Outdoor airMAX CPE 2.4GHz, 150+ Mbps, 5+ km, 1 x 10/100 Ethernet Ports AP/Bridge",105.18,,,
WTHFIT5586251,Fitbit Inspire 3 Fitness Tracker - Black / Lilac Bliss 24/7 Heart Rate Tracking - Up to 10 days battery life - Water resistance - 20+ Exercise modes - Real-Time Pace & Distance Tracking - Google Fast Pair,168.99,156.42,7.44,PBDEAL
HDDSEA1543,"Seagate One Touch 5TB Portable External HDD - Space Grey with Rescue Data Recovery Service - Toolkit software offers features like: One-click backups, File synchronization and Cloud backup options",479.0,459.0,4.18,PBDEAL
NETUBI2245,Ubiquiti UniFi (UDR7) Dream Router 7 10G Cloud Gateway with NVR WiFi 7 Tri-Band BE11000 / 10G SFP+ x1 / 2.5GbE x3 / 2.5GbE PoE x1 / MicroSD Slot,667.83,,,
HSTSNY05203,Sony WH-CH520 Wireless On-Ear Headphones - Blue Up to 50 hours of Battery Life - Multipoint Connectivity,74.99,73.99,1.33,PBDEAL
HSTJBL6662194,JBL Endurance Peak 4 True Wireless Noise Cancelling In-Ear Sports Headphones - Black/Lime IP68 Sweatproof & Waterproof - Secure PowerHook Design - Adaptive ANC - Up to 8 Hours Battery Life / 24 Hours Total with Charging Case (ANC On),199.0,177.99,10.56,PBDEAL
MPPBEL6781474,Belkin Qi2 25W Belkin UltraCharge 25W Modular Charging Dock - Black,110.09,,,
HDDADA68810,ADATA SE880 1TB USB-C Rugged Portable SSD - 2000Mb/s,447.35,419.0,6.34,PBDEAL
CABBEL6597219,Belkin BoostCharge USB-A to USB-C Cable - 1m - Black,15.84,,,
HDDSEA1141,"Seagate One Touch 1TB Portable External HDD - Blue with Rescue Data Recovery Service - Toolkit software offers features like: One-click backups, File synchronization and Cloud backup options",229.0,218.99,4.37,PBDEAL
HOMNJA0009,Ninja Foodi AF300 7.6L Dual Zone Air Fryer Max Crisp - Bake -Air Roast - Reheat - Dehydrate,349.0,249.0,28.65,PBDEAL
HDDTRS15100,"Transcend StoreJet 25H3 1TB Portable External HDD - Blue 2.5"" - USB 3.0 - Durable Anti-shock Silicon Outer Shell - Military-Grade Shock Resistance",266.52,255.0,4.32,PBDEAL
NBKACN1552I,"Acer Nitro V 15 ANV15-52-57BB Nvidia RTX 5050 Gaming Laptop 15.6"" FHD - Intel i5-13420H - 16GB RAM - 512GB SSD - Win 11 Home",1955.0,1861.02,4.81,PBDEAL
HSTSEN700074,Sennheiser MOMENTUM True Wireless 3 Premium Noise Cancelling In-Ear Headphones - Graphite ANC - Bluetooth 5.2 - AptX Adaptive - Exceptional Sound - Qi Wireless Charging - Multipoint (OTA) - Up to 5.5 Hours Battery Life / 22 Hours Total with,235.85,224.07,4.99,CLEARANCE
SEVRBP0537,Raspberry Pi Official A2 - Class UltraSD Card 64GB Pre-Program with Raspbian Bookworm 2024-11-05,45.23,28.75,36.44,CLEARANCE
NETUBI2201,"Ubiquiti UniFi (UDM-PRO) Dream Machine Pro 10G Cloud Gateway with NVR 10G SFP+ x2 / 1GbE x9 / 3.5"" HDD Bay x1",970.23,,,
CCTEFY1414,"Eufy Security eufyCam 2C Pro 2K Outdoor Wire-Free Battery Camera Kit - 4 Pack 6,700 mAh Battery last up to 180 Days / Homebase2 with 16GB Storage",885.99,,,
HSTTEC00800,Technics A800 Wireless Over-Ear Noise Cancelling Headphones - Black ANC - Hi-Res Audio Wireless with LDAC - Multipoint - Clear Voice Calls - Up to 50 Hours Battery Life,317.99,316.99,0.31,PBDEAL
HDDWDX41941,"WD My Passport 4TB Portable External HDD - Black 2.5"" - USB 3.0",399.0,349.0,12.53,PBDEAL
HDDWDX41942,"WD My Passport 4TB Portable External HDD - Blue 2.5"" - USB 3.0",399.0,349.0,12.53,PBDEAL
HDDSSM49201,Samsung T9 2TB Rugged Portable SSD - Black USB-C - 3 Metre Drop Resistant - Password Protection - Read / Write Speeds up to 2000MB/s - 5 Years Warranty,1099.0,929.0,15.47,PBDEAL
TAAMST51056,"Microsoft Surface 65W Power Adapter, Charger for Surface Pro & Surface Laptop",95.0,,,
HDDSEA1241,"Seagate One Touch 2TB Portable External HDD - Blue with Rescue Data Recovery Service - Toolkit software offers features like: One-click backups, File synchronization and Cloud backup options",299.0,249.0,16.72,PBDEAL
HUBUNI1008,Unitek D1049A 4-in-1 USB Mulit-Port Hub with USB-C Connector - Space Grey Includes 1x USB-A Port - 1x VGA Port - 1x HDMI 4K 60Hz Port - 1x USB-C PD 100W - Plug & Play,49.8,43.72,12.21,CLEARANCE
CABDNX0164,Dynamix PLK-AUGS-3 Cat6A RJ45 Patch Lead - 3m - Black S/FTP - Shielded - 10G - 26AWG - 500MHz - Gold Plated,11.94,8.45,29.23,CLEARANCE
MOAFCL3040,AF ASDU400D Sprayduster 342ml - Large Capacity Aerosol Air duster Non-Flammable Pure compressed gas for blowing dust and debris from inaccessible areas of computer and office equipment.,20.99,,,
MSELOG3115784,Logitech M171 Wireless Mouse - Red,26.99,,,
HEASGW0201,"Segway G3 Max Electric Scooter 25 Km/h (45km/h Overclocked) 80KM Range, 30% Climbing Slope, 11- inch Tyre, Smart TFT Display. 3.5 Hour Flash Charging, IPX6 Waterproof",2384.0,1925.0,19.25,
CABDLK140050,D-Link Cat6 UTP Patch Cord - 50cm - Red,2.68,2.54,5.22,CLEARANCE
WTHFIT89421,"Fitbit Charge 6 Fitness Tracker - Gold / Coral Google Maps - Google Wallet - Up to 7 Day Battery Life - Built-in GPS - Heart, Blood Oxygen & Sleep Tracking - ECG",289.0,275.22,4.77,PBDEAL
MOABRA0143,"Bracom LPA36-466 37""-70"" Full Motion Bracket  Tilt -20 +10deg, Swivel -60 +60deg, Level Adjust-3 +3deg. TV to wall 64-510mm.Max VESA 600x400.50kg Max load. Solid Wall or Double Stud Install.",95.35,,,
HDDSEA1240,"Seagate One Touch 2TB Portable External HDD - Black with Rescue Data Recovery Service - Toolkit software offers features like: One-click backups, File synchronization and Cloud backup options",299.0,249.0,16.72,PBDEAL
HDDSEA1440,"Seagate One Touch 4TB Portable External HDD - Black with Rescue Data Recovery Service - Toolkit software offers features like: One-click backups, File synchronization and Cloud backup options",399.0,369.0,7.52,PBDEAL
SPKEDI128010,Edifier R1280DB 42W Powered Bookshelf Speaker System with Bluetooth - Silver 2x RCA + Optical + Coax Inputs - Bass / Treble Controls - Wireless Remote Included,158.0,,,
HDDSEA1143,"Seagate One Touch 1TB Portable External HDD - Space Grey with Rescue Data Recovery Service - Toolkit software offers features like: One-click backups, File synchronization and Cloud backup options",229.0,218.99,4.37,PBDEAL
HSTJBL6386960,JBL Tune T110 Wired In-Ear Headphones - Black Microphone - JBL Pure Bass Sound - 1-button Remote - Tangle-Free Flat Cable - 3.5mm Jack,14.98,,,
HSTPAN0126,Panasonic HJE125E Wired In-Ear Headphones - Blue Ergo Fit with 3 Size Earpads for Ultimate Comfort,9.0,,,
SWHUBI816045,"Ubiquiti UniFi USW-Lite-16-POE 16-Port Gigabit L2 Managed PoE Switch (45W) - 1GbE x8, 1GbE PoE+ x8",487.48,,,
HOMPAN67841,Panasonic ES-LV67 Rechargeable 5-Blade Wet & Dry Shaver Multi-Flex Contour-Following Head & Pop-Up Trimmer,261.36,,,
CABBEL6632278,Belkin BoostCharge USB-A to USB-C 15W Cable - 15cm - Black,13.82,,,
NBKLEN1569I,"Lenovo IdeaPad 1 15AMN7 Laptop 15.6"" FHD AMD Ryzen 5 7520U - 8GB RAM - 256GB SSD - Win 11 Home - AX WiFi 6 + BT5.2 - Webcam - USB-C (data only) - HDMI1.4b - 1yr warranty",966.0,821.24,14.99,PBDEAL
HDDWDX41924,"WD My Passport 2TB Portable External HDD - White 2.5"" - USB 3.0",269.0,229.0,14.87,PBDEAL
HDDWDX41944,"WD My Passport 4TB Portable External HDD - White 2.5"" - USB 3.0",399.0,349.0,12.53,PBDEAL
HDDSEA1443,"Seagate One Touch 4TB Portable External HDD - Space Grey with Rescue Data Recovery Service - Toolkit software offers features like: One-click backups, File synchronization and Cloud backup options",399.0,369.0,7.52,PBDEAL
MSELOG3680799,Logitech M221 Silent Wireless Mouse - Black,37.98,,,
MSELOG5684258,Logitech M171 Wireless Mouse - Rose,25.99,,,
HSTSHK06610,Shokz OpenMove Wireless Open-Ear Bone Conduction Lifestyle / Sports Headphones - Grey IP55 Water Resistant - Bluetooth 5.1 - PremiumPitch 2.0+ Technology - Up to 6 Hours Battery Life - 2 Years Warranty,133.99,132.99,0.75,PBDEAL
CABDLK170100,D-Link Cat6 UTP Patch Cord - 1m - Grey,3.36,3.19,5.06,CLEARANCE
CABSTT690162,StarTech.com N6PATC15MBK Cat6 - 10GbE - 100W PoE++ Ethernet Cable - 15m - Black Gigabit Ethernet Wire / 650MHz 100W PoE++ RJ45 UTP Category 6 Network / Patch Cord Snagless with Strain Relief Fluke Tested UL / TIA Certified - Male to Male,39.97,36.05,9.81,CLEARANCE
MPHMIX0114402,"Xiaomi Redmi Note 14 Pro+ 5G (2025) Dual SIM Smartphone - 12GB+256GB - Midnight Black- 2Y Warranty - 120W HyperCharge- 6.67"" 120Hz 1.5k AMOLED Display - 200MP Pro-Grade AI Camera - Snapdragon 7s Gen 3 - IP68 - NFC - 5110mAh (VoLTE Support -",799.0,622.0,22.15,MEGA
MPPMOK854010558,Moki ChargeStand ACC-MCP10WS Wireless Charger - 10W - Black,28.76,20.83,27.57,CLEARANCE
PADLOG5328143,Logitech Studio Series Mouse Pad - Dark Rose,22.99,,,
CABDLK111500,D-Link Cat6 UTP Patch Cord - 15m - Blue,26.83,25.48,5.03,CLEARANCE
NETTTK1241,Teltonika RUT241 4G LTE CAT4 N300 WiFi 4 Industrial Router 100M FE x 2 / SIM Slot x 1 / with Digital IO,355.35,267.43,24.74,SUPREME
HSTSNY010051,Sony WH-1000XM5 Wireless Over-Ear Noise Cancelling Headphones - Silver ANC - Up to 30 Hours Battery Life,465.0,447.99,3.66,PBDEAL
HSTSNY010053,Sony WH-1000XM5 Wireless Over-Ear Noise Cancelling Headphones - Smoky Pink Limited Edition ANC - Up to 30 Hours Battery Life,465.0,447.99,3.66,PBDEAL
HSTJAB6278143,Jabra Evolve 65 TE Bluetooth On-Ear Headset with Charging Stand - Teams Certified USB-A / Busy Light / Up to 30m Distance / Up to 16-Hour Talk-Time,307.05,259.0,15.65,BUSTER
HDDWDX52040,WD My Passport for Mac 4TB Portable External HDD - Midnight Blue,399.0,375.0,6.02,PBDEAL
CABDNX0168,Dynamix PLK-AUGS-15 Cat6A RJ45 Patch Lead - 15m - Black S/FTP - Shielded - 10G - 26AWG - 500MHz - Gold Plated,42.69,34.75,18.6,CLEARANCE
NBDDEL3125,Dell Pro Smart Dock SD25 USB-C Quad WQHD Alt Mode Docking Station with 130W Power Delivery (Up to 96W to non-Dell System) - 2x DP1.4 - 1x HDMI2.1 - 1x USB-C - 1x USB-C 3.2 - 1x 2.5GbE RJ45 - No Headphone Port - Support Chrome/Linux/Ubuntu/W,383.57,378.0,1.45,PBDEAL
PAPNEV4080,Nevia NVA4080 Print Copy Paper PEFC A4 210X297 LG 80gsm Multipurpose 500 Per Ream - 1 Ream,7.81,6.69,14.34,CLEARANCE
CABDLK112000,D-Link Cat6 UTP Patch Cord - 20m - Blue,33.55,25.96,22.62,CLEARANCE
CABDLK132000,D-Link Cat6 UTP Patch Cord - 20m - White,33.55,24.66,26.5,CLEARANCE
CABDLK150050,D-Link Cat6 UTP Patch Cord - 50cm - Green,2.68,2.42,9.7,CLEARANCE
ITPCAH101,Dynamix C-VDDCBK-MM1 VESA DDC1 DDC2 VGA Cable - 1m - Black Molded - Coaxial - Shielded,13.5,12.95,4.07,CLEARANCE
HDDSEA40020,Seagate 2TB Game Drive for Xbox with Rescue Data Recovery Services,319.0,259.0,18.81,PBDEAL
HSTBTS4483247,Beats Powerbeats Pro 2 Premium True Wireless Noise Cancelling Sports Earbuds - Jet Black Secure Earhook Fit - IPX4 - Heart Rate Monitoring for Workouts - Powerful ANC & Transparency Mode - Adaptive EQ - Apple H2 Chip - Up to 10hrs playtime/,448.99,438.99,2.23,PBDEAL
HSTCLM7331,Cooler Master CH-331 USB Multi-Platform Gaming Headset,55.88,47.91,14.26,CLEARANCE
ITPCAQ601,Dynamix PL-C6A-1 Cat6 RJ45 Patch Lead - 1m - Beige UTP - T568A - 250MHz - 24AWG - Slimline - Snagless - Gold Plated,5.07,3.83,24.46,CLEARANCE
CABDNX0679,Dynamix PLW-C6A-15 Cat6 RJ45 Patch Lead - 15m - White UTP - T568A - 250MHz - 24AWG - Slimline - Snagless - Gold Plated,27.93,,,
NBGSTM11143301,"STM Myth 28L Backpack for 15""-16"" MacBook Pro / Air - Magnet Black Suitable for Business, Travel & Gaming - Fits most 15""-16"" Laptops",185.0,148.9,19.51,DAILYSTEAL
MPPBEL6673549,Belkin Qi2 25W /MagSafe 25W - UltraCharge 2-in-1 Foldable Magnetic Charger - Black - Fast charge 0-50% in 25 minutes,102.95,,,
BAPBAS0099,Baseus EnerFill 20000mAh 100W 4-Port Laptop Power Bank with Dual-Cable & Display -Black Input 65W / Output 100W / 22.5W USB-A / 100W USB-C,89.0,,,
HOMKWK1012,KiWiK DK-258 Series 4000 Rechargeable Flexible Electric USB Windproof Lighter 360 Degree Rotation Pulse Arc - GIFT BOX Li-ion battery Ergonomic Design & Anti-Slip Handle Absolutely Safe Durable,22.94,21.79,5.01,CLEARANCE
TAALOG5665256,"Logitech Slim Folio Keyboard Case for iPad 10.9"" (10th Gen & A16) - Grey",151.18,,,
HDDSEA1243,"Seagate One Touch 2TB Portable External HDD - Space Grey with Rescue Data Recovery Service - Toolkit software offers features like: One-click backups, File synchronization and Cloud backup options",299.0,249.0,16.72,PBDEAL
TAAMST110101,"Microsoft Surface Pro Keyboard 13-Inch - ( Black ) for Surface Pro 13"" ( 12/11/10th Edition)",199.0,,,
CCTEZV122231,EZVIZ CB3 AOV 3MP/2K Outdoor Wire-Free Battery Camera with Spotlight - White - 2 Pack 5200 mAh Battery / Customisable Voice Notification,199.0,189.05,5.0,CLEARANCE
BAPBAS02001,Baseus EnerFill 20000mAh 22.5W 4-Output Power Bank with Dual-Cable & Display -Black Input 20W / Output 22.5W / 22.5W USB-A/ 22.5W USB-C / 20W Lightning,45.0,,,
ADPJAC0888,Jackson PT1-USB Single Plug USB Wall Charger - 2x USB Charging Outlets,23.94,,,
CABDLK170200,D-Link Cat6 UTP Patch Cord - 2m - Grey,5.04,3.9,22.62,CLEARANCE
HSTYLK6809238,Yealink BH78 Bluetooth Over-Ear ANC Foldable Headset with Charging Stand - Teams Certified USB-C/A / 4-Mics AI Noise Cancellation / Hybrid ANC / Busy Light  / Up to 50m Distance / Up to 38-Hour Talk-time,388.23,,,
NBGSTM11143302,"STM Myth 28L Backpack for 14""-16"" MacBook Pro / Air - Midnight Blue Suitable for Business, Travel & Gaming - Fits most 15""-16"" Screens",185.0,148.9,19.51,DAILYSTEAL
MOALCK0129,"FlexiSpot 17""-32"" Single Monitor Stand, Aluminum Gas Spring Arm - Black - Swivel 180deg - With Quick Release VESA Plate - VESA 75 & 100mm - Load Capacity 3-12 KG - Clamp Or Grommet Installation - 5 Years Warranty",115.0,109.25,5.0,CLEARANCE
HSTJBL782920,JBL Tune 125BT Wireless In-Ear Headphones - Blue Microphone - USB-C Speed Charge - JBL Pure Bass Sound - Magnetic Earbuds - Multipoint - Bluetooth 5.0 - Up to 16 Hours Battery Life,49.0,46.55,5.0,CLEARANCE
CABSTT4833294,StarTech.com N6PATC750CMWH Cat6 - 10GbE - 100W PoE Ethernet Cable - 7.5m - White Gigabit Ethernet Wire / 650MHz 100W PoE RJ45 UTP Network / Patch Cord Snagless with Strain Relief Fluke Tested / Wiring is UL Certified / TIA - Male to Male,16.28,15.63,3.99,CLEARANCE
TAAMST110301,"Microsoft Surface Pro Keyboard 13-Inch Bundle with Slim Pen (Black) for Surface Pro 13"" ( 12/11/10th Edition)",399.0,,,
PETPTK0033,Petkit Filter Unit 5pcs for Eversweet Max Smart Pet Drinking Fountain,39.0,33.88,13.13,DAILYSTEAL
PTRCRL0030,Creality Hi Combo Multi-Color FDM 3D Printer with CFS Combo Pack Build Size 260 x 260 x 300mm - Up to 500mm/s with an Acceleration of 12000mm/s2,849.0,806.55,5.0,CLEARANCE
CABSTT4400771,StarTech.com DP14MM2M 8K 60Hz - HBR3 - HDR - VESA Certified DisplayPort Cable - 2m (6ft) DP 1.4 - Ultra HD 4K 120Hz - Slim - DP to DP - Chromebook Certified - Monitor Cord,38.64,36.71,4.99,CLEARANCE
HDDWDX41911,"WD My Passport 1TB Portable External HDD - Black 2.5"" - USB 3.0",229.0,199.0,13.1,PBDEAL
HOMRBK0088,"Roborock Q Revo Edge C White Vacuum Cleaner with Multifunction Dock 18,500 Pa Suction - 100% Hair Removal Rate, 0% Hair Tangling Rate, 1.85mm Along the Edge, 98.8% Edge Coverage, 60°C hot water Mop Wash, 2.7L Dust bag.",1195.0,,,
HDDSEA1441,"Seagate One Touch 4TB Portable External HDD - Blue with Rescue Data Recovery Service - Toolkit software offers features like: One-click backups, File synchronization and Cloud backup options",399.0,369.0,7.52,PBDEAL
CABDNX0521,Dynamix PLY-AUGS-TQ Cat6A RJ45 Patch Lead - 75cm - Yellow S/FTP - Shielded - 10G - 26AWG - Slimline - 500MHz - Gold Plated,9.45,6.95,26.46,CLEARANCE
NBGSTM11443001,"STM Myth Laptop Sleeve With Removable Strap for Apple 13""-14"" MacBook Air & Pro & Neo - Magnet Black",79.0,63.66,19.42,DAILYSTEAL
CABDLK172000,D-Link Cat6 UTP Patch Cord - 20m - Grey,33.55,28.76,14.28,CLEARANCE
HEABRR0083,Beurer Fitness MG2R Therapy Device Massage Gun with Travel Case 4 Head Attachments - 5 Intensity Levels - 5 Hours Operating Time Use for Self-Myofascial Release - Relieve Muscle Soreness & Stiffness,147.99,,,
ITPCAQ6054,Dynamix PLG-C6A-5 Cat6 RJ45 Patch Lead - 5m - Green UTP - T568A - 250MHz - 24AWG - Slimline - Snagless - Gold Plated,11.14,6.44,42.19,CLEARANCE
AUDWIM00006,"WiiM Ultra Wireless WiFi + Bluetooth Music Streaming Preamp with 3.5"" Touchscreen - Grey 32-bit ESS Sabre DAC - Room Correction - Subwoofer Out with Bass Management - WiFi 6E - Ethernet / RCA / Phono / Optical / HDMI ARC Inputs",749.0,738.99,1.34,PBDEAL
HEAORB0100,Oral-B iO CB-4 Ultimate Clean Replacement Brush Heads - 4 Pack - Black for Oral-B iO Series 3 / Series 5 / Series 6 / Series 7 / Series 8 / Series 9 Toothbrush,66.0,,,
NBDBEL6695706,Belkin Connect USB-C 5-PORT HUB WITH DUAL USB-C PORTS,55.43,,,
WTHOPP2511,"OPPO Watch X2 Smart Watch - Summit Blue 1.5"" AMOLED Display - Wear OS By Google - Up to 5 Days Battery Life - MIL-STD-810H - 5ATM / IP68 Water Resistance - Precision Dual-Frequency GPS - ECG Analysis",499.0,399.0,20.04,CLEARANCE
WTHFIT5586252,Fitbit Inspire 3 Fitness Tracker - Black / Morning Glow 24/7 Heart Rate Tracking - Up to 10 days battery life - Water resistance - 20+ Exercise modes - Real-Time Pace & Distance Tracking - Google Fast Pair,168.99,156.42,7.44,PBDEAL
TAAMST91040,Microsoft Surface Thunderbolt 4 Dock,389.0,,,
PADLOG5328144,Logitech Studio Series Mouse Pad - Blue Grey,22.99,,,
CABDNX0478,Dynamix PLE-AUGS-5 Cat6A RJ45 Patch Lead - 5m - Blue S/FTP - Shielded - 10G - 26AWG - 500MHz - Gold Plated,17.71,11.11,37.27,CLEARANCE
HSTJBL6386959,JBL Tune T110 Wired In-Ear Headphones - Red Microphone - JBL Pure Bass Sound - 1-button Remote - Tangle-Free Flat Cable - 3.5mm Jack,14.98,,,
NETUBI1024,"Ubiquiti NanoStation LocoM5 Outdoor airMAX CPE 5GHz, 150+ Mbps, 10+ km, 1 x 10/100 Ethernet Ports AP/Bridge",135.04,,,
NBGSTM11443002,"STM Myth Laptop Sleeve With Removable Strap for Apple MacBook Air & Pro 13""-14"" - Midnight Blue",79.0,63.05,20.19,DAILYSTEAL
NBGSTM11443003,"STM Myth Laptop Sleeve With Removable Strap for Apple 13""-14"" MacBook Air & Pro & Neo Micro Chip",79.0,63.66,19.42,DAILYSTEAL
CABDLK110300,D-Link Cat6 UTP Patch Cord - 3m - Blue,5.75,4.23,26.43,CLEARANCE
CABDLK115000,D-Link Cat6 UTP Patch Cord - 50m - Blue,71.88,52.83,26.5,CLEARANCE
CABDLK123000,D-Link Cat6 UTP Patch Cord - 30m - Black,50.31,43.14,14.25,CLEARANCE
CABDLK130200,D-Link Cat6 UTP Patch Cord - 2m - White,5.04,3.7,26.59,CLEARANCE
CABDLK133000,D-Link Cat6 UTP Patch Cord - 30m - White,50.31,45.4,9.76,CLEARANCE
CABSTT1615001,StarTech.com MDP2DPMM10 4K x 2K Mini DisplayPort to DisplayPort 1.2 Cable - 3m (10ft) - Black 4K x 2K UHD / Mini DP to DP Cable for Monitor / mDP to DP Converter Cord - Male to Male,38.03,32.6,14.28,CLEARANCE
UNI1006,Unitek C14103BK-1.5M USB 3.0 USB-A to USB-C Cable - 1.5m Reversible USB-C - Up to 5Gbps - Sync and Charging,13.0,12.35,5.0,CLEARANCE
CABSTT690221,StarTech.com MDP2DPMM4M 4K x 2K Mini DisplayPort to DisplayPort 1.2 Cable - 4m (13ft) - Black 4K x 2K UHD Mini DP to DP Cable for monitor / mDP to DP Converter Cord - Male to Male,43.67,41.92,4.01,CLEARANCE
PETPTK0041,Petkit N50 Odor Eliminator 3 Tablets for PuraMax 2 Self-Cleaning Cat Litter Box / Purobot Max 3 Automatic Cat Litter Box,18.62,,,
CABDNX0030,Dynamix PL-C6A-50 Cat6 RJ45 Patch Lead - 50m - Beige UTP - T568A - 250MHz - Slimline - Snagless - Gold Plated,78.78,,,
CABDNX0239,Dynamix PLP-C6A-10 Cat6 RJ45 Patch Lead - 10m - Purple UTP - T568A - 250MHz - 24AWG - Slimline - Snagless - Gold Plated,16.74,15.34,8.36,CLEARANCE
CABDNX0477,Dynamix PL-C6A-40 Cat6 RJ45 Patch Lead - 40m - Ivory UTP - T568A - 250MHz - Slimline - Snagless - Gold Plated,68.87,,,
CABSTT2701104,StarTech.com N6PATC2MYL Cat6 - 10GbE - 100W PoE++ Ethernet Cable - 2m - Yellow Gigabit Ethernet Wire / 650MHz 100W PoE++ RJ45 UTP Category 6 Network / Patch Cord Snagless with Strain Relief Fluke Tested UL / TIA Certified - Male to Male,7.92,5.6,29.29,CLEARANCE
CABSTT2869963,StarTech.com N6PATC5MGN Cat6 - 10GbE - 100W PoE++ Ethernet Cable - 5m - Green Gigabit Ethernet Wire / 650MHz 100W PoE++ RJ45 UTP Category 6 Network / Patch Cord Snagless with Strain Relief Fluke Tested UL / TIA Certified - Male to Male,16.5,10.56,36.0,CLEARANCE
CABSTT3376691,StarTech.com N6PATC7MWH Cat6 - 10GbE - 100W PoE++ Ethernet Cable - 7m - White Gigabit Ethernet Wire / 650MHz 100W PoE++ RJ45 UTP Category 6 Network / Patch Cord Snagless with Strain Relief Fluke Tested UL / TIA Certified - Male to Male,21.03,20.19,3.99,CLEARANCE
CABSTT3731225,StarTech.com N6PATC5MPL Cat6 - 10GbE - 100W PoE++ Ethernet Cable - 5m - Purple Gigabit Ethernet Wire / 650MHz 100W PoE++ RJ45 UTP Category 6 Network / Patch Cord Snagless with Strain Relief Fluke Tested UL / TIA Certified - Male to Male,13.42,13.36,0.45,CLEARANCE
HOMNJA0042,Ninja NeverClog Cold Press Juicer Compact Size - Non-Stop Juicing - Control Pulp - Compact in Size & Quiet - JC151,249.99,198.0,20.8,PBDEAL
HOMSHK0026,"Shark PX250ANZ Portable spot Carpet & Upholstory Cleaner Anti-Clog Pet Hair Extractor inc. 4 Tools & 2 Cleaning Formulas (177ml Shark Deep Clean Pet Formula, 355ml StainStricker OXY Multiplier Formula)",263.61,,,
HDDWDX41914,"WD My Passport 1TB Portable External HDD - White 2.5"" - USB 3.0",229.0,199.0,13.1,PBDEAL
HSTMOK854007237,Moki ACC-HPK Wired Headphones for Kids - Yellow & Blue Volume Limited - 3.5mm Jack,17.61,13.12,25.5,CLEARANCE
CCTRNG3014,RING Quick Release Battery Pack,43.64,,,
CABDNX0223,Dynamix PLP-AUGS-3 Cat6A RJ45 Patch Lead - 3m - Purple S/FTP - Shielded - 10G - 500MHz - Slimline - Gold Plated,11.17,10.78,3.49,CLEARANCE
SPKEDI1284,Edifier R1280DBs 42W Powered Bookshelf Speaker System with Bluetooth & Subwoofer Output - Brown Wood 2x RCA + Optical + Coax Inputs - Bass / Treble Controls - Wireless Remote Included,174.0,,,
BAPBAS9400,Baseus PrimeTrip 5000A/12V Jump Starter with 12000mAh 12W 2-Output Power Bank,229.0,,,
HOMDYS479334,"Dyson V11 Advanced Handstick Vacuum Cleaner - Blue/Nickel Include 1 cleaner head and 3 tools, 60 mins of runing time, Lcd screen for real time updates,",1290.0,749.0,41.94,PBDEAL
HOMSHK0012,Shark Cordless Pro IR300 with Clean Sense IQ 0.72 Dust Cup Capacity - 40 Minutes Run Time - 181 Watts - 2 Year Warranty,392.0,,,
CABDLK120200,D-Link Cat6 UTP Patch Cord - 2m - Black,5.04,3.7,26.59,CLEARANCE
CABDLK120300,D-Link Cat6 UTP Patch Cord - 3m - Black,6.7,4.93,26.42,CLEARANCE
CABDLK121000,D-Link Cat6 UTP Patch Cord - 10m - Black,18.46,17.54,4.98,CLEARANCE
CABDLK130300,D-Link Cat6 UTP Patch Cord - 3m - White,6.7,4.93,26.42,CLEARANCE
CABDLK151500,D-Link Cat6 UTP Patch Cord - 15m - Green,26.83,19.72,26.5,CLEARANCE
CABDLK170300,D-Link Cat6 UTP Patch Cord - 3m - Grey,6.7,5.19,22.54,CLEARANCE
IPHHPE6076717,HP Poly Blackwire 3325 USB-C/A/3.5mm Wired On-Ear Headset - Teams Certified / Noise-Canceling Mic  / Dynamic EQ /  In-line Control,127.49,,,
NAPUBI7702,Ubiquiti UniFi U7-PRO-XG (BE11000) Tri-Band 6-Stream Wi-Fi 7 Access Point with 10GbE x1 (PoE+ 22W),476.38,,,
ITPAK621N,Dynamix C-DVI-D-MM2 Digital Dual Link DVI-D Cable - 2m 24+1 Pin - Supports DVI Digital Signals - Premium Quality,16.49,,,
CABDNX0374,Dynamix PLY-C6A-5 Cat6 RJ45 Patch Lead - 5m - Yellow UTP - T568A - 250MHz - 24AWG - Slimline - Snagless - Gold Plated,11.09,9.37,15.51,CLEARANCE
CABDNX0242,Dynamix PLP-C6A-3 Cat6 RJ45 Patch Lead - 3m - Purple UTP - T568A - 250MHz - 24AWG - Slimline - Snagless - Gold Plated,7.34,5.27,28.2,CLEARANCE
HSTJBL6224919BD,JBL Endurance Race 2 True Wireless Noise Cancelling Sports Earbuds - White - BOX DAMAGED - FULL WARRANTY APPLIES,128.0,115.52,9.75,CLEARANCE
CABSTT3376686,StarTech.com N6PATC10MRD Cat6 - 10GbE - 100W PoE++ Ethernet Cable - 10m - Red Gigabit Ethernet Wire / 650MHz 100W PoE++ RJ45 UTP Category 6 Network / Patch Cord Snagless with Strain Relief Fluke Tested UL / TIA Certified - Male to Male,29.28,17.3,40.92,CLEARANCE
CABSTT690155,StarTech.com N6PATC3MBK Cat6 - 10GbE - 100W PoE++ Ethernet Cable - 3m - Black Gigabit Ethernet Wire / 650MHz 100W PoE++ RJ45 UTP Category 6 Network / Patch Cord Snagless with Strain Relief Fluke Tested UL / TIA Certified - Male to Male,15.21,14.46,4.93,CLEARANCE
CABSTT690197,StarTech.com N6PATC1MWH Cat6 - 10GbE - 100W PoE++ Ethernet Cable - 1m - White Gigabit Ethernet Wire / 650MHz 100W PoE++ RJ45 UTP Category 6 Network / Patch Cord Snagless with Strain Relief Fluke Tested UL / TIA Certified - Male to Male,6.96,6.14,11.78,CLEARANCE
BAPAKR161012,ANKER MagGo 5000mAh 20W 1-Output Magnetic Wireless Charging Power Bank Input 20W / Output 20W / 20W USB-C / Qi2 15W Wireless Charging,49.0,,,
CCTALO5903,Arlo Ultra Dual Charging Station (VMA5400C-100AUS),104.86,78.18,25.44,SUPREME
CABDNX0528,Dynamix PLW-AUGS-10 Cat6A RJ45 Patch Lead - 10m - White S/FTP - Shielded - 10G - 26AWG - Slimline - 500MHz - Gold Plated,33.58,29.81,11.23,CLEARANCE
CABDNX0137,Dynamix PL-AUGS-PP Cat6a RJ45 Patch Lead - 30cm - Beige STP - Shielded - 10G - 750MHz - Slimline,8.05,6.19,23.11,CLEARANCE
CABDNX0280,Dynamix PLO-AUGS-0 Cat6A RJ45 Patch Lead - 50cm - Orange S/FTP - Shielded - 10G - 500MHz - Slimline - Gold Plated,8.44,8.03,4.86,CLEARANCE
CABDNX0291,Dynamix PLP-AUGS-0 Cat6A RJ45 Patch Lead - 50cm - Purple S/FTP - Shielded - 10G - 500MHz - Slimline - Gold Plated,8.44,8.03,4.86,CLEARANCE
CABDNX0526,Dynamix PLG-AUGS-5 Cat6A RJ45 Patch Lead - 5m - Green S/FTP - Shielded - 10G - 26AWG - 500MHz - Gold Plated,22.51,21.38,5.02,CLEARANCE
CABDNX0527,Dynamix PLG-AUGS-TQ Cat6A RJ45 Patch Lead - 75cm - Green S/FTP - Shielded - 10G - 26AWG - 500MHz - Gold Plated,11.93,,,
CABDNX0534,Dynamix PLG-AUGS-2 Cat6A RJ45 Patch Lead - 2m - Green S/FTP - Shielded - 10G - 26AWG - 500MHz - Gold Plated,9.41,9.2,2.23,CLEARANCE
HDDTRS16100,"Transcend StoreJet 25H3 1TB Portable External HDD - Purple 2.5"" - USB 3.0 - Durable Anti-shock Silicon Outer Shell - Military-Grade Shock Resistance",266.52,255.0,4.32,PBDEAL
HSTSNY05202,Sony WH-CH520 Wireless On-Ear Headphones - White Up to 50 hours of Battery Life - Multipoint Connectivity,74.99,73.99,1.33,PBDEAL
BAPBAS0007,Baseus Free2Pull 20000mAh 65W 2-Output Laptop Power Bank with Retractable Cable & Display -Black Input 60W / Output 65W / 65W USB-C,69.0,,,
MPPBELWIC010FQBK,Belkin Qi2 15W Wireless In-Car Charger - Vent mount,70.5,,,
HSTSHK09101,Shokz OpenFit Open-Ear True Wireless Headphones - Beige Ultra-Lightweight & Comfortable - Secure Fit - Multipoint (OTA) - Up to 7hrs Battery Life / 28hrs with Charging Case,233.99,232.99,0.43,PBDEAL
NBGSTM0062,"STM Myth Laptop Sleeve for 13""-14"" MacBook Air & Pro - Granite Black with Removable Strap",79.0,64.64,18.18,DAILYSTEAL
NBGSTM0075,"STM Myth Laptop Sleeve for 15""-16"" MacBook Air & Pro - Granite Black with Removable Strap",64.68,,,
NBGSTM11443011,"STM Myth Laptop Sleeve for 15""-16"" MacBook Air & Pro - Magnet Black with Removable Strap",79.0,64.28,18.63,DAILYSTEAL
NBGSTM11443012,"STM Myth Laptop Sleeve for 15""-16"" MacBook Air & Pro - Midnight Blue with Removable Strap",79.0,63.78,19.27,DAILYSTEAL
CABDLK111000,D-Link Cat6 UTP Patch Cord - 10m - Blue,18.46,15.82,14.3,CLEARANCE
CABDLK122000,D-Link Cat6 UTP Patch Cord - 20m - Black,33.55,31.87,5.01,CLEARANCE
CABDLK125000,D-Link Cat6 UTP Patch Cord - 50m - Black,71.88,68.29,4.99,CLEARANCE
CABDLK143000,D-Link Cat6 UTP Patch Cord - 30m - Red,50.31,43.14,14.25,CLEARANCE
CABDLK153000,D-Link Cat6 UTP Patch Cord - 30m - Green,57.87,42.54,26.49,CLEARANCE
CABDLK155000,D-Link Cat6 UTP Patch Cord - 50m - Green,71.88,61.63,14.26,CLEARANCE
CABDLK160200,D-Link Cat6 UTP Patch Cord - 2m - Yellow,5.04,4.32,14.29,CLEARANCE
CABDLK160300,D-Link Cat6 UTP Patch Cord - 3m - Yellow,6.7,6.37,4.93,CLEARANCE
CABDLK161500,D-Link Cat6 UTP Patch Cord - 15m - Yellow,26.83,19.72,26.5,CLEARANCE
CABDLK163000,D-Link Cat6 UTP Patch Cord - 30m - Yellow,50.31,36.98,26.5,CLEARANCE
CABSTT690276,StarTech.com MDP2DPMM3M 4K x 2K Mini DisplayPort to DisplayPort 1.2 Cable - 3m (10ft) - Black 4K x 2K UHD Mini DP to DP Cable for monitor / mDP to DP Converter Cord - Male to Male,31.73,27.21,14.25,CLEARANCE
CABDNX0124,Dynamix PLG-C6A-7H Cat6 RJ45 Patch Lead - 7.5m - Green UTP - T568A - 250MHz - 24AWG - Slimline - Snagless - Gold Plated,16.04,15.24,4.99,CLEARANCE
ADPORC1109,Orico Bluetooth 5.0 USB-A Adapter,22.0,18.86,14.27,CLEARANCE
CABGG0109,"GGPC Braided Extension Cable Kit, (Rainbow, 40cm) Includes 1 x 20+4 Pin, 2 x 6+2 Pin, 1 x 4+4 Pin Cables",39.0,37.04,5.03,CLEARANCE
CCTALO5910,Arlo SmartHub (VMB4540-100AUS),103.88,,,
CABSTT2086100,StarTech.com 650MHz - 100W PoE++ Cat6 Ethernet Cable - 15m - Blue Gigabit Ethernet Wire - RJ45 - UTP - Network-Patch Cord - Snagless - Strain Relief - Fluke Tested - UL-TIA Certified,44.77,42.53,5.0,CLEARANCE
CABSTT3376688,StarTech.com N6PATC10MYL Cat6 - 10GbE - 100W PoE++ Ethernet Cable - 10m - Yellow Gigabit Ethernet Wire / 650MHz 100W PoE++ RJ45 UTP Category 6 Network / Patch Cord Snagless with Strain Relief Fluke Tested UL / TIA Certified - Male to Male,21.79,16.0,26.57,CLEARANCE
CABSTT3536177,StarTech.com 650MHz - 100W PoE - Cat6 Ethernet Cable - 10m - Purple Gigabit Ethernet Wire - RJ45 - UTP - Network-Patch Cord - Snagless - Strain Relief - Fluke Tested - UL-TIA Certified,19.78,16.3,17.59,CLEARANCE
CABSTT690217,StarTech.com N6PATC5MBL Cat6 - 10GbE - 100W PoE++ Ethernet Cable - 5m - Blue Gigabit Ethernet Wire / 650MHz 100W PoE++ RJ45 UTP Category 6 Network / Patch Cord Snagless with Strain Relief Fluke Tested UL / TIA Certified - Male to Male,13.42,12.8,4.62,CLEARANCE
CABBEL6524237,Belkin Connect Thunderbolt 5 Cable - 1M,62.44,,,
CCTALO7600,Arlo Solar Panel Charger (VMA7600-10000S),89.18,,,
SPKJBL6494053,JBL Charge 6 45W Portable Bluetooth Speaker with Built-in Powerbank - Red - Rugged & durable - Multi-speaker connection with Auracast - USB-C lossless wired audio - Up to 28 hours of playtime with fast charging,247.99,227.99,8.06,PBDEAL
SPKJBL6508065,JBL Horizon 3 Bluetooth Alarm Clock Radio Speaker - Black - Powerful JBL Pro Sound - FM Radio + Bluetooth music streaming - Sunrise effect alarm - Customisable sleep mode - Ambient light - USB-C charging port - JBL One App for iPhone & Andr,164.99,163.99,0.61,PBDEAL
CABDNX0389,Dynamix PL-AUGS-7H Cat6a RJ45 Patch Lead - 7.5m - Beige S/FTP - Shielded - 10G - 26AWG - 500MHz - Gold Plated,26.88,20.32,24.4,CLEARANCE
CABDNX0159,Dynamix PLK-AUGS-TQ Cat6A RJ45 Patch Lead - 0.75m - Black S/FTP - Shielded - 10G - 26AWG - 500MHz - Gold Plated,7.2,6.6,8.33,CLEARANCE
CABDNX0284,Dynamix PLO-AUGS-1H Cat6A RJ45 Patch Lead - 1.5m - Orange S/FTP - Shielded - 10G - 500MHz - Slimline - Gold Plated,9.0,8.67,3.67,CLEARANCE
CABDNX0288,Dynamix PLO-AUGS-7H Cat6A RJ45 Patch Lead - 7.5m - Orange S/FTP - Shielded - 10G - 26AWG - 500MHz - Slimline - Gold Plated,29.75,21.38,28.13,CLEARANCE
CABDNX0517,Dynamix PLY-AUGS-0 Cat6A RJ45 Patch Lead - 50cm - Yellow S/FTP - Shielded - 10G - 26AWG - Slimline - 500MHz - Gold Plated,8.46,8.04,4.96,CLEARANCE
MICSHU1076,Shure MV7+ Black USB/XLR Dynamic Podcasting Microphone USB-C and XLR outputs,547.98,,,
TAAMST81151,"Microsoft Surface Slim Pen 2 (Black) -Pen Only Charger not included for  Surface Pro 11/10/ 9/8/X, Laptop Studio, Surface Go 3 (Also will be Compatible and work well with Pro 7  &  7+, Laptop 4  but not Optimised)",179.0,,,
TABAPP841112811,Apple 11-Inch iPad Air Wi-Fi - M4 ( Space Grey ) - 128GB Storage,1373.0,,,
NBGSTM11443013,"STM Myth Laptop Sleeve With Removable Strap for 15""-16"" MacBook Air & Pro Micro Chip",79.0,63.66,19.42,DAILYSTEAL
CABDLK113000,D-Link Cat6 UTP Patch Cord - 30m - Blue,50.31,47.79,5.01,CLEARANCE
CABDLK121500,D-Link Cat6 UTP Patch Cord - 15m - Black,26.83,23.0,14.28,CLEARANCE
CABDLK135000,D-Link Cat6 UTP Patch Cord - 50m - White,71.88,58.55,18.54,CLEARANCE
CABDLK140200,D-Link Cat6 UTP Patch Cord - 2m - Red,5.04,3.9,22.62,CLEARANCE
CABDLK140300,D-Link Cat6 UTP Patch Cord - 3m - Red,6.7,5.19,22.54,CLEARANCE
CABDLK141000,D-Link Cat6 UTP Patch Cord - 10m - Red,18.46,13.57,26.49,CLEARANCE
CABDLK142000,D-Link Cat6 UTP Patch Cord - 20m - Red,33.55,24.66,26.5,CLEARANCE
CABDLK145000,D-Link Cat6 UTP Patch Cord - 50m - Red,71.88,52.83,26.5,CLEARANCE
CABDLK161000,D-Link Cat6 UTP Patch Cord - 10m - Yellow,18.46,15.03,18.58,CLEARANCE
CABDLK162000,D-Link Cat6 UTP Patch Cord - 20m - Yellow,33.55,24.66,26.5,CLEARANCE
CABDLK165000,D-Link Cat6 UTP Patch Cord - 50m - Yellow,71.88,52.83,26.5,CLEARANCE
CABDLK171500,D-Link Cat6 UTP Patch Cord - 15m - Grey,26.83,21.85,18.56,CLEARANCE
CABDLK175000,D-Link Cat6 UTP Patch Cord - 50m - Grey,71.88,58.55,18.54,CLEARANCE
MVRKWD0001,Kiwi Design for META Oculus Quest 2 Comfort Head Strap - White Replacement for Elite Strap - Flippable Hinge - All-Round Cushion Wrapped - Robust Side Straps - Enlarged Head Support,69.99,66.49,5.0,CLEARANCE
MSEGEN0114,Genius DX-120 USB Wheel Mouse - Calm Black 3 Button Rounded Design - Optical Sensor - 1000 DPI - 1.5m - Windows & MacOS Compatible,11.68,,,
HEAORB0007,Oral-B iO SW-2 Replacement Brush Heads for Oral-B iO Series Toothbrush - 2 Pack - Sensitive White,35.28,,,
BAPBAS0089,Baseus EnerFill 10000mAh 22.5W 1-Output Magnetic Wireless Charging Power Bank -Black Input 20W / Output 22.5W / 22.5W USB-C / Qi2 15W Wireless Charging,59.0,,,
CAMELG10WAE9901,Elgato Facecam Neo Streaming Camera,99.95,,,
INKESN0999,eSun Accessories eSPOOL+ Removable Spool for Refilament 1.75mm - 3D Filament - 1kg (Adaptable Bambu Lab),7.9,6.0,24.05,CLEARANCE
CABBEL6593821,"Belkin BoostCharge USB-A TO USB-C 2.0, Braided PCR Cable - 1m - Black",23.72,,,
CABBEL6593835,Belkin BoostCharge USB-A to USB-C Cable 15W - 2m - White,23.64,,,
HOMNJA0048,Ninja BN500 Nutri-Blender Pro with Auto IQ 1000 Watts - 2 Auto IQ Preset Programs - Blend the Toughest Ingredients - Including Fruit / Vegetables / Nuts / Seeds and Even Ice,199.98,145.0,27.49,PBDEAL
HSTSHK09400,Shokz OpenFit Pro Premium Open-Ear True Wireless Sports Headphones - Black - Open-Ear Noise Reduction - Superior Sound - Premium Metal Design - Secure Fit & All-Day Comfort - Clear Calls with AI Noise Cancelling - IP55 - Dolby Atmos - Up to,443.99,397.99,10.36,PBDEAL
SPKJBL6494045,JBL Charge 6 45W Portable Bluetooth Speaker with Built-in Powerbank - Blue - Rugged & durable - Multi-speaker connection with Auracast - USB-C lossless wired audio - Up to 28 hours of playtime with fast charging,247.99,227.99,8.06,PBDEAL
PETPTK0007,"Petkit Fresh Nano Adjustable Double Cat/Dog/Pet Feeding Bowl Set Stainless Steel Premium Quality Stainless steel Bowls are made of dishwasher-safe, durable, sanitary, rust-free, and non-leaching material",45.0,38.62,14.18,DAILYSTEAL
HSTJBL782252,JBL JR 310 BT Wireless On-Ear Headphones for Kids - Blue Microphone - JBL Safe Sound (<85dB) - Comfort Fit - Compact & Portable - Up to 30 Hours Battery Life,34.99,,,
TAAZAG10157296,ZAGG Universal Keyboard Tri-Folding with Trackpad (Charcoal),59.0,,,
HSTSEN700384,Sennheiser MOMENTUM 4 Wireless Premium Over-Ear Noise Cancelling Headphones - Pride Limited Edition Next Gen ANC - Superior Sound & Call Quality - Exceptional Comfort - AptX Adaptive - Up to 60 hours Battery Life,498.0,,,
HSTJBL6386962,JBL Tune T110 Wired In-Ear Headphones - Blue Microphone - JBL Pure Bass Sound - 1-button Remote - Tangle-Free Flat Cable - 3.5mm Jack,14.98,,,
CABDIG7850,Digitus AK-340106-010-S DisplayPort v1.4 DisplayPort Cable - 1m,6.98,,,
NBBOEM0188,Laptop Battery For HP Pavilion 15-D035DX 15-g013dx 14.8V 41Wh 2620mAh 4 Cell PN: OA04 740715-001 HSTNN-LB5S / 6 Months Warranty,33.99,30.68,9.74,CLEARANCE
MPPSKA0000061,"skinarma iPhone 18 Pro Max/17 Pro Max (6.9"") 2025 Saido Mag-Charge Case - Clear , Compatible with Magnetic Charging- 360  Full Protection- 2H Scratch Resistance- Accessories Pack Includes Extra Set of Transparent Button & Frost Red Lanyard",34.01,17.0,50.01,CLEARANCE
MOALCK0047,"Loctek PAD618 7""-12"" Tablet Backseat Car Headrest Mount Holder Compatible with iPad Galaxy Surface Tablet",24.99,19.0,23.97,CLEARANCE
NBKMST70315121,"Microsoft Surface Laptop (7th Edition) Copilot+ PC - Platinum Snapdragon X Plus (10 Core) - 16GB RAM - 512GB SSD - 13.8"" HDR  Touch Display  - Win 11 Home",1788.0,,,
ITPCAH120,Dynamix C-VDDCBK-MM20 VESA DDC1 DDC2 VGA Cable - 20m - Black Molded - Coaxial - Shielded,93.87,89.18,5.0,CLEARANCE
MSAGEN0128,Genius G-WP100 Gel Wrist Rest for Keyboard - Black,16.99,,,
HOMDYS598756,Dyson HS09 Airwrap Co-anda2x multi-styler and dryer - Ceramic pink/Rose gold,1049.0,1044.99,0.38,PBDEAL
HSTAPP6331749,Apple AirPods Max 2 Wireless Over-Ear Noise Cancelling Headphones - Midnight,1143.99,1038.99,9.18,PBDEAL
SMTSSB1004,SENSIBO AirPro Smart Wi-Fi Air Conditioner Controller Temperature Humidity Sensor / Air Quality Monitor,182.28,,,
NETTPL0047,TP-Link Archer TX20UH (AX1800) Dual-Band WiFi 6 High Gain USB Wireless Adapter,65.66,64.6,1.61,CLEARANCE
NBKMST70315123,"Microsoft Surface Laptop (7th Edition) Copilot+ PC - Sapphire Snapdragon X Plus (10 Core) - 16GB RAM - 512GB SSD - 13.8"" HDR  Touch Display  - Win 11 Home",1788.0,,,
CCTEZV122411,EZVIZ BC1C AOV 8MP/4K Outdoor Wire-Free Battery Camera with Spotlight & Solar Panel 10400 mAh Battery / Customisable Voice Notification,249.0,236.54,5.0,CLEARANCE
CCTRLK1071,Reolink Argus PT Ultra 8MP/4K Outdoor PT Wire-Free Battery Camera with Spotlight & Solar Panel 21.6Wh Rechargeable Battery / Smart Detection / Dual-Band WiFi / Time Lapse,354.0,,,
BAPAKR138811,ANKER 10000mAh 22.5W 2-Output Power Bank with Cable & Display Input 20W / Output 22.5W / 22.5W USB-A / 22.5W USB-C,59.0,,,
WTHFIT5586298,Fitbit Versa 4 Smart Watch - Pink Sand / Copper Rose Built-in GPS - 24/7 Heart Rate Monitoring - Alexa Built-in - Oxygen Saturation,378.99,364.32,3.87,PBDEAL
CABGG0024,GGPC 16 Slot Cable Comb (2 pieces),6.32,4.65,26.42,CLEARANCE
MPHMIX0115003,"Xiaomi 15 (2025) Dual SIM Smartphone - 12GB+512GB - Black Snapdragon 8 Elite Chip - Leica Triple Camera System - 6.36"" 120Hz AMOLED Ultra-Bright Display - Xiaomi HyperAI - IP68 - 5240mAh - 2Y Warranty (VoLTE Support - Manual Activation Requ",1399.0,1177.0,15.87,SUPER
HSTSAM064000I,Samsung Galaxy Buds4 Pro True Wireless Noise Cancelling In-Ear Headphones - Black - Dual-Amped Dual Drivers - Samsung UHQ 24bit/96kHz HiFi Quality - Super Wideband Clear Voice Calls - Hands-Free Galaxy AI - IP57 - Up to 6hrs Playtime/26hrs,327.99,,,
HSTEDI00090D,Edifier Comfo Flex Open Ear True Wireless Sports Earbuds - Black - EX DEMO FOR CLEARANCE,99.0,89.36,9.74,CLEARANCE
HOMDYS470529,Dyson Ball Animal Origin Upright Corded Vacuum,698.0,494.99,29.08,PBDEAL
HSTBEL6339849,Belkin SoundForm Mini 2 Wireless Headphones for Kids - Pink Volume Limited to -85dB - Spill Resistant & Durable - Up to 30 Hours Battery Life with USB-C Fast Charging - 2 Years Warranty,59.0,49.98,15.29,PBDEAL
HOMNJA0034,Ninja SLUSHi Frozen Drink Maker Rapid Chill Technology - 5 Present Programs: Frozen Margaritas / Frappes / Milkshake / Frozen Juice / Slush,599.0,432.0,27.88,PBDEAL
HOMRBK0071,"Roborock Q7 T+ Black Robot Vacuum 10,000Pa Suction - High Intensity Mopping & Clean Along Floor Direction - LiDar Navigation - RockDock Plus - Auto Boost on Carpet",499.0,,,
HEABAN0030,Braun M30 Mobile Foil Pocket Shaver Fully Washable - 60 Minutes Battery Life,21.55,,,
KEYELG87858,Elgato Stream Deck MK.2 - White,269.0,,,
KEYELG87510,"Elgato Stream Deck Plus - Customisable Buttons, Touchscreen and Dials",359.95,,,
AUDROD000001,"RODE PSA1+ PLUS Professional Studio Boom Arm for Broadcast Microphones Best for Podcasting, Twitch & Vlogging -Black",297.0,,,
CABDNX0933,Dynamix PLSGY-C6-2 Cat6A RJ45 Patch Lead - 2m - Grey UTP - 10G - 30AWG - Ultra-Slim - Gold Plated - PoE 802.3af,8.49,6.59,22.38,CLEARANCE
CABBEL6593823,"Belkin BoostCharge USB-A TO USB-C 2.0, PCR Cable - 3M - Black",27.68,,,
MPPGNK10172692,GENKI Covert Dock 2 HDMI & Charger,49.0,42.01,14.27,CLEARANCE
WTHFIT5586297,Fitbit Versa 4 Smart Watch - Beet Juice / Copper Rose Built-in GPS - 24/7 Heart Rate Monitoring - Alexa Built-in - Oxygen Saturation,378.99,364.32,3.87,PBDEAL
WTHFIT5586299,Fitbit Versa 4 Smart Watch - Waterfall Blue / Platinum Built-in GPS - 24/7 Heart Rate Monitoring - Alexa Built-in - Oxygen Saturation,378.99,364.32,3.87,PBDEAL
MPHMIX0115004,"Xiaomi 15 (2025) Dual SIM Smartphone - 12GB+512GB - Green Snapdragon 8 Elite - Leica Triple Camera System - 6.36"" 120Hz AMOLED Ultra-bright Display - Xiaomi HyperAI - IP68 - 5240mAh - 2 Year Warranty (VoLTE Support - Manual Activation Requi",1399.0,1177.0,15.87,SUPER
MOABRA0009,Bracom LCD-T9 Dual LCD Table Stand Supports 75 & 100 mm VESA mount. Max Load: 15kg. Swivel 360 deg Tilt +- 30 deg. Max Height 450mm,95.83,91.03,5.01,CLEARANCE
HSTMOK854001877,Moki ACC-HPK Wired On-Ear Headphones for Kids - Red Volume Limited,17.61,15.39,12.61,CLEARANCE
CCTALO41001,Arlo Pro 3 2K Outdoor Wire-Free Battery Camera with Floodlight 160° Field of View / 2000lm Connected to Battery/ 3000lm Connected to Power,291.06,,,
MVRKWD0029,Kiwihome Cooling Fan for Sony PlayStation 5 - Black with LED Light - Upgraded Quiet Cooler Fan with 3 Fans & Controller USB Port - Compatible with PS5 Digital Edition/Ultra HD Console - Enhanced Support,39.0,37.04,5.03,CLEARANCE
HSTSEN800074,Sennheiser MOMENTUM 4 Wireless Premium Over-Ear Noise Cancelling Headphones - Brown Next Gen ANC - Superior Sound & Call Quality - Exceptional Comfort - AptX Adaptive - Up to 60 hours Battery Life,498.0,,,
CCTRLK1267,Reolink Argus Eco V2 3MP/2K Outdoor Wire-Free Battery Camera - 2 Pack 5200mAh Rechargeable Battery / Smart Detection / Time Lapse,289.0,274.55,5.0,CLEARANCE
HSTJBL6386960BD,JBL Tune T110 Wired In-Ear Headphones - Black BOX DAMAGED - FULL WARRANTY APPLIES,18.0,16.24,9.78,CLEARANCE
HSTAPP6331747,Apple AirPods Max (USB-C) Wireless Noise Cancelling Headphones - Purple,947.0,837.99,11.51,PBDEAL
HSTBEL5274040,Belkin SoundForm Mini Wireless Headphones for Kids - Black Volume Limited & Water Resistant - Up to 30 Hours Battery Life - 2 Years Warranty,59.0,35.33,40.12,CLEARANCE
TABAPP841312811,Apple 13-Inch iPad Air Wi-Fi - M4 ( Space Grey ) - 128GB Storage,1693.0,,,
CABBEL2920950,Belkin MIXITUP 3.5mm Audio Cable - 1.2m - Silver Metallic,18.73,,,
KEYELG4361693,Elgato Stream Deck Mini,99.0,,,
PAPAON30708,AOne 30708 Copy Paper 80GSM A4 210x297 LG 210x297mm 500 sheets per ream,7.81,7.05,9.73,CLEARANCE
PETPTK0002,Petkit Eversweet SUS304 Smart Pet Water Dispenser with APP Monitoring Remain Water and Filter status,116.62,,,
HOMSHK0017,Shark CarpetXpert EX200 Deep Carpet Cleaner with Built-In StainStriker,439.04,,,
MPPBEL6642268,Belkin BoostCharge 15W Wireless Charging Stand - Include 20W USB-C  Power Adpater  ( Black ),55.43,,,
HSTSEN700440,"Sennheiser RS 275 Wireless TV Headphones with Auracast Bluetooth - Black - Ultra-light HDR 275 Headphones + BTA1 TV Transmitter + Headphone Stand - Works with TV, Smartphones, Tablets, and more - Up to 50m Range - HDMI ARC + Optical + 3.5mm",494.1,,,
CABDNX0908,Dynamix PLS-C6-3 Cat6A RJ45 Patch Lead - 3m - Beige UTP - 10G - 30AWG - Ultra-Slim - Gold Plated - PoE 802.3af,8.96,5.42,39.51,CLEARANCE
CABDNX0913,Dynamix PLSE-C6-1.25 Cat6A RJ45 Patch Lead - 1.25m - Blue UTP - 10G - 30AWG - Ultra-Slim - Gold Plated - PoE 802.3af,8.33,4.34,47.9,CLEARANCE
TAAMST110201,"Microsoft Surface Pro Keyboard 13-Inch with Pen Storage  - (  Black ) for Surface Pro 13"" ( 12/11/10th Edition) - Surface Slim Pen not included",259.0,,,
GAMMST1610,Xbox Series S 512GB Console,828.99,,,
EXMONHPB24041,"HP EliteDisplay E243 24"" FHD Monitor (B-Grade Refurbished) OEM STAND - DisplayPort - HDMI - VGA - - 18-Month Warranty - GreenMachine Certified Refurbished",119.0,113.06,4.99,CLEARANCE
HOMNJA0054,Ninja Luxe Cafe Premier Espresso Machine 15+ Drink Presents & Hands Free Frothing - 3 Machines in 1 - Espresso - Filer - Cold Brew,1099.0,795.0,27.66,PBDEAL
NBKLEN1583060,"Lenovo LOQ 15ARP10E NVIDIA RTX 3050 Gaming Laptop 15.6"" FHD 144Hz AMD Ryzen 5 7535HS - 16GB RAM - 512GB SSD - Win 11 Home - 1Y Warranty",1488.0,,,
BULTPL9305,"TP-Link Tapo L930-5 Smart Light Strip -5M, RGB Multicolour, Dimmable",73.5,,,
MOABRA0413,"Brateck LDT30-T01 17""-32"" Single Screen       Articulating Monitor Stand. Free-Tilting Design, Sturdy Steel Base, 360 Rotary VESA Plate. VESA 75x75, 100x100, Max Load 8Kgs. Built-in Cable Management.",63.68,,,
MPHPAN6822,"Panasonic KX-TG6822NZS Cordless Landline Telephone Twin Pack - Silver - Digital Answering Machine - 1.8"" White Backlit Display - 1x Additional Handset with Charge Station Included",138.99,108.99,21.58,PBDEAL
SPKGOG09978,Google Home Speaker with Gemini AI - Porcelain - Rich 360-degree Sound - Bluetooth + WiFi - Smart Home Voice Control - Stereo Pairing + Google Cast & Multiroom - Works with Google Home & Matter + Thrread,199.0,,,
SPKEDI1261,"Edifier R2000DB 120W Powered Bookshelf Speaker System with Bluetooth - Black 10 Degree Angled Design with High-Gloss Piano Finish - 55Hz-20kHz - 5"" Woofers + 25mm Eagle Eye Tweeters - Optical + 2x RCA Inputs",275.0,,,
HDDTOS41020,Toshiba Canvio Flex USB 3.0 Portable External Hard Drive 2TB (X2) (Silver) - Support Both USB-A and USB-C,249.0,239.0,4.02,PBDEAL
HSTJBL6224915,JBL Tune Beam 2 True Wireless Noise Cancelling Earbuds - Black JBL Pure Bass Sound - Adaptive ANC & Smart Ambient - Multipoint - IP54 sweat & water resistant - Personalised sound - 6-mic clear calls - Up to 10hrs battery life/40hrs with cas,144.99,128.0,11.72,PBDEAL
MPHMOT7130838,Motorola Moto G06 (2026) Dual SIM Smartphone - Tapestry,177.0,,,
HSTJBL780072BD,JBL Free WFH Wired Over-Ear Headset - Black BOX DAMAGED - FULL WARRANTY APPLIES,47.0,44.65,5.0,CLEARANCE
HSTJBL6224880,JBL JR 320 Wired On-Ear Headphones for Kids - Purple Microphone - Safe sound <85dB - Stickers included - Foldable & durable - 3.5mm jack,39.89,25.99,34.85,PBDEAL
TAABEL6817638,Belkin BoostCharge Pro 67W Single USB-C Port With Retractable USB-C cable GaN Wall Charger,67.28,,,
CABDNX0935,Dynamix PLSGY-C6-3 Cat6A RJ45 Patch Lead - 3m - Grey UTP - 10G - 30AWG - Ultra-Slim - Gold Plated - PoE 802.3af,9.22,8.76,4.99,CLEARANCE
HSTJBL782930,JBL Tune 125BT Wireless In-Ear Headphones - White Microphone - USB-C Speed Charge - JBL Pure Bass Sound - Magnetic Earbuds - Multipoint - Bluetooth 5.0 - Up to 16 Hours Battery Life,49.0,44.23,9.73,CLEARANCE
CABDNX0923,Dynamix PLSG-C6-1.5 Cat6A RJ45 Patch Lead - 1.5m - Green UTP - 10G - 30AWG - Ultra-Slim - Gold Plated - PoE 802.3af,8.02,6.82,14.96,CLEARANCE
CABDNX0943,Dynamix PLSK-C6-2.5 Cat6A RJ45 Patch Lead - 2.5m - Black UTP - 10G - 30AWG - Ultra-Slim - Gold Plated - PoE 802.3af,7.62,6.99,8.27,CLEARANCE
CABDNX0959,Dynamix PLSW-C6-1.5 Cat6A RJ45 Patch Lead - 1.5m - White UTP - 10G - 30AWG - Ultra-Slim - Gold Plated - PoE 802.3af,8.8,6.47,26.48,CLEARANCE
CABDNX0961,Dynamix PLSW-C6-2.5 Cat6A RJ45 Patch Lead - 2.5m - White UTP - 10G - 30AWG - Ultra-Slim - Gold Plated - PoE 802.3af,8.25,6.32,23.39,CLEARANCE
CABDNX0610,Dynamix PLSP-C6-3 Cat6A RJ45 Patch Lead - 3m - Purple UTP - 10G - 30AWG - Slimline - Gold Plated - PoE 802.3af,10.89,,,
CABDNX0916,Dynamix PLSE-C6-2.5 Cat6A RJ45 Patch Lead - 2.5m - Blue UTP - 10G - 30AWG - Ultra-Slim - Gold Plated - PoE 802.3af,8.25,6.11,25.94,CLEARANCE
CABDNX0921,Dynamix PLSG-C6-1 Cat6A RJ45 Patch Lead - 1m - Green UTP - 10G - 30AWG - Ultra-Slim - Gold Plated - PoE 802.3af,7.3,6.93,5.07,CLEARANCE
HSTJBL6224934,JBL JR 320BT Wireless On-Ear Headphones for Kids - Purple Microphone - Safe Sound >85dB - Parental controls & customisation with JBL Headphones app - Durable & foldable - Stickers included - Up to 50hrs playback with USB-C,57.99,51.99,10.35,PBDEAL
BAPBAS0079,Baseus PicoGo 5000mAh 20W 1-Output MagSafe Magnetic Wireless Charging Power Bank -Grey Input 20W / Output 20W / 20W USB-C / Qi2 15W Wireless Charging,75.0,,,
PTRHPD2922E,HP Deskjet 2922 Inkjet Wireless Multifunction Printer - Black Print / Copy / Scan - MFP - Instant Ink Enabled: Sign up to Instant Ink to get 3 months printing,59.0,,,
KEYDNX0012,Dynamix KEY-PAD001 Numerical Keyboard USB Interface - 19 full-size number keys including backspace,21.94,15.25,30.49,CLEARANCE
CABBEL6593827,Belkin BoostCharge Braided USB-A to USB-C 2.0 Cable - 1m - White,23.72,,,
HDDTOS11010,Toshiba Canvio Ready B3 USB 3.0 Portable External Hard Drive 1TB (Black),199.0,189.0,5.03,PBDEAL
IPHJAB5700556,Jabra Evolve2 55 Bluetooth On-Ear Active Noise Cancelling Headset - Teams Certified USB-A / 4-Mics Noise Cancellation / Hybrid ANC / Busy Light / Up to 30m Distance / Up to 16-Hour Talk-Time,394.59,348.32,11.73,BUSTER
CCTTPL4001,"TP-Link Tapo C400 KIT 2MP/1080P Outdoor Wire-Free Camera With Solar Panel - White Up to 180-Day with 5,200mAh Battery / Color Night Vision with Spotlight / 70dB Siren / Smart AI Detection",106.82,,,
HOMEVC0027,"EcoVacs Deebot T80S OMNI Smart Floor Vacuum & Mopping Cleaner 24,800Pa Suction Power, OZMO ROLLER 2.0, TruEdge 3.0 Extreme Edge, AIVI 3D 3.0, 98mm Ultra Silm Design, 63°C Hot Air Roller Mop Drying, Hot Water Soak Washing",1195.0,,,
TABAPP841112812,Apple 11-inch IPad Air Wi-FI - M4 ( Blue ) 128GB Storage,1373.0,,,
ITPCARJ106,Dynamix C-RJ11-10M 6C RJ11 to RJ11 Cable - 10m All Pins Connected Straight Through,8.71,8.51,2.3,CLEARANCE
MOAAVS1033,"AVS ADM701 Desktop Mount - VESA 100x100 - 10""-24""- Height Adjustable - Black Arm with Silver Tube",36.1,27.93,22.63,CLEARANCE
PETPTK0015,Petkit Professional LED Pet Nail Clipper,24.99,18.24,27.01,DAILYSTEAL
GAMDBE3158,DOBE Nintendo Switch 2 Silicone Protective Case - Black,8.0,3.17,60.38,CLEARANCE
NAPUBI1071,Ubiquiti UniFi U7-IW (BE5000) Dual-Band 4-Stream Wi-Fi 7 Access Point with 2.5GbE x3 (PoE+ 22W),354.19,,,
NBKMSI1514400,"MSI Katana 15 HX B14WEK-400NZ NVIDIA GeForce RTX 5050 Gaming Laptop 15.6"" QHD 165Hz Intel Core i7-14650HX - 16GB RAM - 512GB SSD - Win 11 Home - WiFi 6E + BT5.3 - 1Y Warranty",2799.0,2498.0,10.75,PBDEAL
CABBEL6593822,Belkin BoostCharge USB-C to USB-C Cable 60W - 1m ( Black ),15.4,,,
HSTCOR9011260,Corsair HS55 Gaming Headset - Carbon Stereo - AP,74.95,,,
SMTSSB1003,SENSIBO AIR Smart Wi-Fi Air Conditioner Controller Temperature and Humidity Sensor / Motion Sensor,182.28,,,
HOMDYS626408,"Dyson V15 Detect Absolute Handheld Vacuum Cleaner 60 Minutes - 240aw- Hair De-tangling, illuminates, Dust Detect- 2 Years Guarantee",1349.0,945.0,29.95,PBDEAL
SPKSNY01000,Sony SRS-XB100 Wireless Portable Bluetooth Speaker - Black IP67 Rugged & Durable - Up to 16 Hours Playback Per Charge - Speakerphone - Stereo Pairing - Google Fast Pair - USB-C Charging,87.99,87.98,0.01,PBDEAL
CABDNX0934,Dynamix PLSGY-C6-2.5 Cat6A RJ45 Patch Lead - 2.5m - Grey UTP - 10G - 30AWG - Ultra-Slim - Gold Plated - PoE 802.3af,7.02,6.32,9.97,CLEARANCE
AUDSNP700065,"Sennheiser Pro Profile USB Microphone - USB-C powered (MacOS/iPadOS/Windows/Android), cardioid condenser capsule, integrated features for enhanced Podcasting & Streaming - 2 Year Warranty",269.0,233.99,13.01,PBDEAL
CABDNX0609,Dynamix PLSP-C6-2.5 Cat6A RJ45 Patch Lead - 2.5m - Purple UTP - 10G - 30AWG - Slimline - Gold Plated - PoE 802.3af,7.02,6.32,9.97,CLEARANCE
CABDNX0924,Dynamix PLSG-C6-2 Cat6A RJ45 Patch Lead - 2m - Green UTP - 10G - 30AWG - Ultra-Slim - Gold Plated - PoE 802.3af,8.49,6.59,22.38,CLEARANCE
CABDNX0958,Dynamix PLSW-C6-1.25 Cat6A RJ45 Patch Lead - 1.25m - White UTP - 10G - 30AWG - Ultra-Slim - Gold Plated - PoE 802.3af,7.7,5.72,25.71,CLEARANCE
HEABRR0089,Beurer EM59 Digital TENS/EMS Device with Heat Function Pain Therapy (TENS) & Muscle Stimulation (EMS),268.0,,,
NBGSTM11743101,"STM Myth Brief Carry Case for 14"" MacBook Air / Pro - Magnet Black",115.0,96.48,16.1,DAILYSTEAL
MSEGEN1715,Genius Scorpion KM-GX6 Genius Scorpion KM-GX6 Gaming Keyboard and Mouse Kit,50.2,,,
MOABRA1481,"Brateck BT-AMA-B2 17""-32"" Dual Monitor Desk Articulating Mount Bracket Desk Clamp & Grommet Included",62.49,,,
PETPTK0014,Petkit Replaced Waste Bags Portable Cat Litter Waste Receptacles Bags for Pura MAX/ Pura MAX 2 / Pura Max Pro  Pet Cat Litter Tray Box,15.0,11.52,23.2,DAILYSTEAL
HEABRR0014,Beurer MG151 3D Shiatsu Massager Provides you with a Really Effective Treatment - Whether on your Shoulders / Neck / Back / Legs - Device has a Wide Variety of Uses,178.0,,,
HEASGW0055,"Segway E2 PlusII E Scooter - Black Max Speed 25km/h - Max Distance 25km - Payload 12% Climbing 10"" Tires RGB Ambient Light 500w Motor - Cruise Control - Mobile App Connectivity",895.0,720.0,19.55,SEGWAYFAN
KEYLOG6332403,Logitech G Pro X TKL Rapid Analog Gaming Keyboard - White,218.98,213.38,2.56,CLEARANCE
HDDTOS11020,Toshiba Canvio Ready B3 USB 3.0 Portable External Hard Drive 2TB (Black),229.0,218.99,4.37,PBDEAL
HOMVEF0001,Verefa L20M Plus 11-in-1 Robot Wet & Dry Vacuum Cleaner Pet Grooming Kits Self Empty Dustbin App & Voice Control - 2.4G Hz - Bluetooth Connect - 360 Lidar Navigation - 2-in-1 Dual Purpose Dustbin - 3L Dust Bag - 2600mAh -3000 Pa Pet Model S,399.0,299.0,25.06,MEGA
TABAPP841125611,Apple 11-Inch iPad Air Wi-Fi - M4 ( Space Grey ) - 256GB Storage,1563.0,,,
TABAPP841125612,Apple 11-Inch iPad Air Wi-Fi - M4 (  Blue  ) - 256GB Storage,1563.0,,,
HSTBEL6339847,Belkin SoundForm Mini 2 Wireless Headphones for Kids - Blue Volume Limited to -85dB - Spill Resistant & Durable - Up to 30 Hours Battery Life with USB-C Fast Charging - 2 Years Warranty,59.0,46.98,20.37,PBDEAL
HSTJBL6224932,JBL JR 320 Wired On-Ear Headphones for Kids - Blue Microphone - Safe sound <85dB - Stickers included - Foldable & durable - 3.5mm jack,39.89,33.99,14.79,PBDEAL
SWHEDM1003,Edimax SW5500GV3 5 Port 10/100/1000 Gigabit Desktop Switch. High-Speed Networking and Jumbo Frames. Perfect Solution for Home and Small Business. Full Duplex. Includes 5V 1A Power Supply.,53.89,51.2,4.99,CLEARANCE
NETDIG9121,Digitus DN-93904 CAT5e RJ45 Data/Data Splitter Dual Adapter (2 x Data Devices) with 0.19m lead,8.98,,,
PRM1093,Promate XCORD-AI.BLK 2A - 480Mbps USB-A to Lightning Cable - 1m - Black Super Flexible - Data & Charge,8.88,6.98,21.4,CLEARANCE
NBGSTM11743103,"STM Myth Brief Carry Case for 16"" MacBook Air / Pro - Magnet Black",115.0,96.48,16.1,DAILYSTEAL
TAAMST110304,"Microsoft Surface Pro Keyboard 13-Inch Bundle with Slim Pen (Platinum) for Surface Pro 13"" ( 12/11/10th Edition)",399.0,,,
HSTJBL6224933,JBL JR 320BT Wireless On-Ear Headphones for Kids - Blue Microphone - Safe Sound <85dB - Parental controls & customisation with JBL Headphones app - Durable & foldable - Stickers included - Up to 50hrs playback with USB-C,57.99,51.99,10.35,PBDEAL
CABBEL6593834,"Belkin BoostCharge USB-A TO USB-C 2.0, Braided PCR Cable - 2M - Black",27.68,,,
KEYLOG6782689,Logitech Alto Keys K98M Wireless Mechanical Keyboard - Graphite,159.18,,,
IPHJAB5320758,Jabra Evolve2 75 Bluetooth On-Ear Active Noise Cancelling Headset with Charging Stand - Teams Certified USB-A / 8-Mics Noise Cancellation / 40mm Speakers / Hybrid ANC / Retractable Mic / Busy Light / Fast Charge / Up to 30m Distance / Up to,672.05,,,
HSTCOR1002994,Corsair HS80 RGB USB Gaming Headset - Black,179.95,,,
MPPBEL5195419,Belkin Secure Holder with Key Ring for AirTag - Black,19.76,,,
HSTSHK02024,Shokz OpenComm2 UC (2025 Upgrade) Wireless Open-Ear Bone Conduction Stereo Business Headset - Black Includes Loop 110 USB-C Bluetooth Adapter - USB-C fast charging - Multipoint - Up to 16 Hours Talk Time / 8 Hours Playback - 2 Years Warrant,369.0,347.99,5.69,PBDEAL
NBBOEM0306,"Laptop Battery For Toshiba Satellite C650 C655 C650D C675 C660 L700 L750 L755 L770 L645 10.8V 48Wh 4400mAh 6-cell, PN: PA3634U-1BAS, PA3635U-1BAM, PA3635U-1BRM, PA3636U-1BAL, PA3636U-1BRL, PA3638U-1BAP, PABAS117, PABAS118",49.0,46.55,5.0,CLEARANCE
SPKEDI12610,"Edifier R2000DB 120W Powered Bookshelf Speaker System with Bluetooth - Brown 10 Degree Angled Design with High-Gloss Piano Finish - 55Hz-20kHz - 5"" Woofers + 25mm Eagle Eye Tweeters - Optical + 2x RCA Inputs",275.0,,,
MPPBEL6632364,"Belkin Wireless Charging Pad 15W, Black",38.69,,,
NBDBEL6695707,Belkin Connect USB-C 8-PORT HUB WITH 2.5GB ETHERNET,87.11,,,
WTHFIT5586253,Fitbit Sense 2 Smart Watch - Graphite / Graphite Compatible ECG APP - Built-in GPS - 24/7 Heart Rate Tracking - Alexa Built-in - Oxygen Saturation Monitoring - Up to 6 day battery life,448.99,422.73,5.85,PBDEAL
TOLSPR1010,Sprotek TC-33 33 Piece PC Repair Kit,41.98,40.48,3.57,CLEARANCE
TOYRAS0068,"RASTAR 1:14 White BMW M Hybrid V8 2.4GHz Remote R/C Car Official Authorization, Doors Can Be Opened Manually, LED Driving Lights, Batteries are NOT Included! Ages 6+!",59.0,44.85,23.98,CLEARANCE
BAPBAS0088,Baseus EnerFill 10000mAh 22.5W 1-Output Magnetic Wireless Charging Power Bank -White Input 20W / Output 22.5W / 22.5W USB-C / Qi2 15W Wireless Charging,59.0,,,
HSTSNP506909,Sennheiser Pro HD 25 Wired On-Ear Professional DJ & Studio Monitoring Headphones - Black Rugged & Durable - Single-ear listening option - 16Hz-22kHz - 70ohms - Detachable 1.5m Cable - 3.5mm jack + 6.3mm adapter - 2 Year Warranty,298.0,248.99,16.45,PBDEAL
CABBEL6593825,Belkin BoostCharge USB-C to USB-C Cable 60W - 1m ( White ),15.4,,,
BAPBAS0101,Baseus EnerFill 25000mAh 145W 4-Port Laptop Power Bank with Dual-Cable & Display -Black Input 65W / Output 100W / 22.5W USB-A / 100W USB-C,129.0,,,
CABSTT3578216,StarTech.com 45PAT50CMBL Cat5e Patch Cable - 50cm - Blue Snagless - RJ45 Connectors,7.22,6.52,9.7,CLEARANCE
PTRCNN03630,Canon Eco-Friendly Megatank G3630 Colour Ink Tank All-in-One Printer Mega value for your Home,275.0,,,
TAAMST81152,Microsoft Surface Charger for  Slim Pen 2,34.99,,,
MPPKTF0162219,KONTROLFREEK Omni Performance Thumbsticks for Xbox X/S + One,11.5,5.61,51.22,CLEARANCE
MPPGEN0853,Xiaomi Redmi Note 14 Pro+ 5G (2025) Glass Screen Protector Clear - Case Friendly,16.32,14.73,9.74,CLEARANCE
HOMEVC0023,"EcoVacs X11 OMNI Cyclone Floor Vacuum & Mopping Cleaner Smart Planck Ultra 19,500 Pa Suction Power - Fresh Water OZMO Roller Mopping 2.0 - TruEdge 3.0 with TruEdge 3D - AIVI 3D 3.0 - 75°C Mop Washing 63°C Hot Air Dry",1745.0,,,
CABBEL6631628,Belkin BoostCharge USB-A to USB-C Cable 15W ( Black ) - 2M,23.64,,,
CARMNX0520,"MINIX CA520 Wireless CarPlay with 1080P Baby Cam for iPhone Only (Not Compatible with Android Auto), 1080P Rear Seat Baby Monitor, Night Vision, 150° Wide View, Low Latency for Factory Wired CarPlay",159.36,135.0,15.29,DAILYSTEAL
HOMNJA0069,"Ninja Crispi Pro 6 - in-1 CounterTop Glass Air Fryer Colour of Stone 2050w Cooking Power, With 5.7L Clean Crisp Glassware",499.0,375.0,24.85,PBDEAL
HOMDYS626439,"Dyson V8 Advance + Car Cleanning Kit 40 Minutes, 115aw- Combination Tool Engineered filtration captures 99.99% of particles - 2 Years Guarantee.",749.0,423.0,43.52,PBDEAL
IPHJAB5320756,Jabra Evolve2 75 Bluetooth On-Ear Active Noise Cancelling Headset with Charging Stand - Teams Certified USB-C / 8-Mics Noise Cancellation / 40mm Speakers / Hybrid ANC / Retractable Mic / Busy Light / Fast Charge / Up to 30m Distance / Up to,720.0,541.21,24.83,SUPREME
ADPDNX0831,Dynamix C-DPAC-DVI DisplayPort Male to DVI Female Active Converter - 200mm - Max Resolution 4096x2048,35.28,15.35,56.49,CLEARANCE
HOMELG85278,Elgato Wave Mic Arm LP,179.95,,,
KEYLOG6332404,Logitech G Pro X TKL Rapid Analog Gaming Keyboard - Black,224.62,213.38,5.0,CLEARANCE
HSTJAB6278227,Jabra Evolve 65 TE Mono Bluetooth On-Ear Headset with Charging Stand - Teams Certified USB-A / Busy Light / Up to 30m Distance / Up to 16-Hour Talk-Time,271.4,249.93,7.91,BUSTER
HOMNJA0044,Ninja Foodi Everyday Possible 6L Cooker Pro - Black,249.99,215.0,14.0,PBDEAL
CABBEL6593836,Belkin BoostCharge Braided USB-A to USB-C 2.0 Cable - 2m - White,27.68,,,
BAPBAS0097,Baseus Airpow Lite 10000mAh 22.5W 4-Output Power Bank with Dual-Cable -Black Input 18W / Output 20W / 18W USB-A / 20W USB-C / 20W Lightning,34.99,,,
BAPMOP401112176,Mophie Powerstation Essential 10000mAh 20W 3-Output Power Bank - Black Input 18W / Output 20W / 18W USB-A / 20W USB-C,55.99,53.2,4.98,CLEARANCE
HDDOEM0254,256GB M.2 NVMe Internal SSD 2242 - with single notch - Brand may vary,163.3,155.14,5.0,CLEARANCE
MPHMOT129801,Motorola Moto G15 (2025) Dual SIM Smartphone 4GB+128GB - Iguana Green,193.0,,,
HSTSDC3874011,Soundcore by Anker AeroFit 2 Adjustable Open-Ear AI True Wireless Earbuds - Midnight Free AI Translation 100+ Languages - All-day comfort earhook design - 4-level adjustable fit - Hi-Res LDAC - Qi wireless charging - Up to 10hrs per charge/,145.99,,,
CCTLGR252992,Ledger Nano X Crypto Hardware Wallet - Onyx Black,159.19,,,
MOABRA0182,"Brateck LPA57-466A 37""-80"" Contemporary Design  Full-Motion TV Wall Bracket, -2 15  tilt, -90 90 swivel - Level adjust -3 3, Max VESA 600x400 - Profile 70 800mm - 70kg Max load - Black",233.1,,,
ADPSTT3614449,StarTech.com VS421HD20 4-Port HDMI Switch - 4K 60HZ,97.99,83.02,15.28,CLEARANCE
SPKEDI1285,Edifier R1280DBs 42W Powered Bookshelf Speaker System with Bluetooth & Subwoofer Output - Black 2x RCA + Optical + Coax Inputs - Bass / Treble Controls - Wireless Remote Included,174.0,,,
NETTTK2024,Teltonika RUT200 4G LTE CAT4 N150 WiFi 4 Industrial Router 100M FE x 2 / SIM Slot x 1 & eSIM / with Digital IO,249.55,193.56,22.44,SUPREME
MPPBEL6774078,Belkin Qi2 15W Wireless In-Car Charger - Dash Mount Option,70.5,,,
BAPBAS0091,Baseus EnerFill 10000mAh 22.5W 3-Port Power Bank with Cable & Display -White Input 18W / Output 22.5W / 18W USB-A / 22.5W USB-C,39.0,,,
MPHMOT7130845,Motorola Moto G06 (2026) Dual SIM Smartphone - Arabesque,177.0,,,
TABAPP841312812,Apple 13-Inch iPad Air Wi-Fi - M4 ( Blue ) - 128GB Storage,1693.0,,,
TABAPP841312813,Apple 13-Inch iPad Air Wi-Fi - M4 ( Starlight ) - 128GB Storage,1693.0,,,
SPKGOG10554,Google Home Speaker with Gemini AI - Hazel - Rich 360-degree Sound - Bluetooth + WiFi - Smart Home Voice Control - Stereo Pairing + Google Cast & Multiroom - Works with Google Home & Matter + Thread,199.0,,,
NBGSTM6518440,"STM Origin Laptop Sleeve - Stylish & Protective Design for 15""-16"" MacBook Air & Pro - Black Slate - 4mm EVA Shock Absorption, Smooth Zipper Access",39.95,29.46,26.26,DAILYSTEAL
VNT1101,Vention IKABJ Cat8 SFTP Patch Cable - 5m - Black Shielded,24.3,21.93,9.75,CLEARANCE
HSTJBL6671222,"JBL Tune 530 Wired On-Ear Headphones - Black Microphone - 33mm Drivers with JBL Pure Bass Sound - Lightweight, Comfortable & Foldable - Tangle-Free Flat Cable with 3.5mm Aux Jack",28.99,,,
HOMDYS492607,"Dyson Wash G1 2-in-1 wet floor cleaner (Ultra Blue/Matte Black) 2 Roller, 6 Point Edge Cleaning, Self-Clean Cycle",1090.0,489.0,55.14,PBDEAL
CCTEZV1224122,EZVIZ BC1c AOV 8MP/4K Outdoor Wire-Free Battery Camera with Solar - 2 Pack 10400 mAh Battery Life / Customisable Voice Notification,499.0,474.04,5.0,CLEARANCE
HDDTEM10020,"TeamGroup MagPortable PD20M 2TB - 20Gbps - USB-C, 3YR Warranty - Ultra-Thin at 8.2mm and Super Lightweight at 40g - Up to 2,000 MB/s",549.0,499.0,9.11,PBDEAL
MPHMIX0117300,"Xiaomi REDMI Note 17 Pro 5G Dual SIM Smartphone - 6GB+128GB - Black - 6.83"" 120Hz AMOLED Screen - 8340mah Large Battery - Snapdragon 6s Gen 4 Chipset - IP66/IP68 Water Resistance",674.0,516.99,23.3,POWER17
HSTCOR3108,Corsair HS55 Surround Gaming Headset - Carbon,74.95,,,
HSTSCD09401,Skullcandy Dime 3 True Wireless In-Ear Headphones - Bone White / Orange Glow IPX4 - Bluetooth 5.2 - Find My Buds with Tile - Stay-Aware Mode - Mulitpoint - Multi EQs - Up to 8 Hours Per Charge / 20 Hours with Case,98.0,88.45,9.74,CLEARANCE
NBKASU14043ISS,"ASUS Vivobook 14 X1404VA 14"" FHD Intel Core i3-1315U 8GB RAM - 512GB SSD - Win 11 Home S Mode - AC WiFi 5 + BT - Webcam - 1yr warranty",788.0,,,
CABSTT3578215,StarTech.com 45PAT50CMBK Cat5e Ethernet Patch Cable - 50cm - Black Snagless - RJ45 Connectors,5.85,5.28,9.74,CLEARANCE
HSTSNY18061510,Sony LinkBuds Open WF-L910 Open-fit True Wireless Earbuds - Black IPX4 Sweat & Water Resistant - Ultra-Small & Light for All-day Comfort - Unique Open-Ring design - Multipoint - Up to 8 Hours Battery Life / 22 Hours Total with Charging Case,95.0,,,
HSTEDI0008300B,Edifier W830NB Wireless Over-Ear Noise-Cancelling Headphones - Black - Bundled with Edifier X3 Pro True Wireless Noise Cancelling Earbuds - Black,148.0,128.0,13.51,30YEARSOFSOUND
WTHWTH00023,Withings Scanwatch 2 Hybrid Smartwatch 38mm - Rose Gold Up to 35 Days Battery Life - 5ATM Water Resistance - 24/7 Advanced Health Tracking with TempTech24/7 Module - Sleep Tracking - ECG - Activity Tracking and Workout Modes,669.0,535.2,20.0,WITHINGS
HEABRR0129,"Beurer IH51 Rechargeable Nebuliser For use in colds, asthma, respiratory diseases, etc - For fast and effective inhalation",128.0,,,
CABSTT3141119,StarTech.com TBLT3MM2M 20Gbps Thunderbolt 3 Cable - 2m USB-C - 20Gbps,87.6,86.78,0.94,CLEARANCE
CHRBTN141141,Brenton H-8369F-P Office Chair Mid Back - Black Mesh,213.11,173.57,18.55,CLEARANCE
HEABRR0087,Beurer EM55 Menstrual Relax TENS & Heat for Natural Menstrual Pain Relief Suitable for Endometriosis - 15 Intensity Levels - Rechargeable Battery - Wear Under Clothes - Medical Device,178.0,,,
WTHAMF00003,"Amazfit Bip 5 Smart Watch - Black 1.91"" Display - Up to 10 Days Battery Life - Built-in GPS - Heart Rate, Stress, SpO2 & Sleep Monitoring - Bluetooth Calling",148.0,140.6,5.0,CLEARANCE
NETGSM485557,Grandstream GWN7711P 8-Port Gigabit L2 Managed PoE Switch (60W) 1GbE x8,111.85,100.07,10.53,SUPREME
MPHMOT129726,Motorola Moto G15 (2025) Dual SIM Smartphone 4GB+128GB - Gravity Grey,193.0,,,
CAMCNPR0051,Canon EOS R50 Mirrorless Camera with 18-45mm & 55-210mm Lenses 24.2MP APS-C Sensor - 4K 30p Video Recording - Multi-Function Shoe - Wi-Fi & Bluetooth - 15fps E. Shutter - (RF-S 18-45mm f/4.5-6.3 IS STM Lens) (RF-S 55-210mm f/5-7.1 IS STM Le,1699.0,,,
HSTAPP6331748,Apple AirPods Max (USB-C) Wireless Noise Cancelling Headphones - Orange,947.0,837.99,11.51,PBDEAL
MPPGEN0767,Galaxy A06 4G Rugged Case - Black Tough - Dual Layer Protection,23.32,9.33,59.99,CLEARANCE
TABAPP841325611,Apple 13-Inch iPad Air Wi-Fi - M4 ( Space Grey ) - 256GB Storage,1883.0,,,
HSTBEL6339848,Belkin SoundForm Mini 2 Wireless Headphones for Kids - White Volume Limited to -85dB - Spill Resistant & Durable - Up to 30 Hours Battery Life with USB-C Fast Charging - 2 Years Warranty,59.0,49.98,15.29,PBDEAL
NBGSTM6518444,"STM Origin Laptop Sleeve - Stylish & Protective Design for Apple 13""-14"" MacBook Air & Pro & Neo Laptop - Black Slate  - 4mm EVA Shock Absorption, Smooth Zipper Access",39.95,29.46,26.26,DAILYSTEAL
SURMOK854010299,Moki ACC-MTMINTA Inbound Travel Adaptor - World to AU / NZ Universal Adaptor - Converts USA / UK / Japanese Plugs to NZ / AU - SAA Approved Converter,8.79,8.35,5.01,CLEARANCE
CCTRNG2300,RING Outdoor Camera Plus Battery- Black -2K Video,89.0,,,
TVNELG10GBR9901,Elgato Game Capture 4K S,279.94,,,
HSTBTS9121708,Beats Solo 4 Wireless On-Ear Headphones - Matte Black Spatial Audio with Dynamic Head Tracking - Lossless Audio via USB-C or 3.5mm - Compatible with iPhone & Android - Up to 50 hours of battery life,342.0,308.99,9.65,PBDEAL
CARHIK309502165,HIKVISION D1 PRO Dashcam 1440P High Resolution - 2 Way Audio- Build-in WiFi,90.85,60.0,33.96,DAILYSTEAL
WTHHUA3150777,"Huawei Band 10 Aluminum Fitness Tracker - Green 1.47"" AMOLED Display - Up to 14 Day Battery Life - 5ATM Water Resistance - Blood Oxygen / Sleep / Fitnesss / Health Tracking - Call Notifications",119.0,83.1,30.17,CLEARANCE
MVRKWD0024,Kiwi Design for META Oculus Quest 2 VR Shell Protective Cover - White Two Side Protective Shell - Durable and Eco-friendly - Smooth Camera Tracking - Enhanced Support,15.0,13.54,9.73,CLEARANCE
TAAMST110302,"Microsoft Surface Pro Keyboard 13-Inch Bundle with Slim Pen (Dune) for Surface Pro 13"" ( 12/11/10th Edition)",378.99,,,
PETPTK0048,Petkit Odor Eliminator N60 for Purobot Ultra Litter Box / Pura Max Pro Litter Box 2/ Purobot Max 3,28.42,,,
PETTRC6337586,Tractive GPS Longer Battery Life Tracker for Dogs - Subscription Required,109.0,92.62,15.03,DAILYSTEAL
MPP4GM10166060,4GAMERS XP-PANTHER-4G 4G PANTHER BLACK,28.0,24.01,14.25,CLEARANCE
MPPKTF0163224,KONTROLFREEK Performance Inferno Kit for PlayStation 4,19.0,18.04,5.05,CLEARANCE
MPPKTF0163231,KONTROLFREEK CQC Rush Performance Thumbsticks for PlayStation 4/5,19.0,18.04,5.05,CLEARANCE
WSHSAM76004,Samsung WW90DG5U34AE Front Load Smart Washer - 9kg - White,1099.0,,,
HSTJBL5911304,JBL Live 770NC Wireless Over-Ear Noise Cancelling Headphones - Blue True Adaptive ANC - Hands-Free Hey Google / Alexa - Multipoint - 40mm Drivers - Carry Pouch Included - Up to 50 Hours Battery Life (ANC On),248.0,198.0,20.16,PBDEAL
AUDSNP700100,"Sennheiser Pro Profile Streaming Set - USB-C microphone with cardioid condenser capsule, integrated features, & boom arm for enhanced Podcasting & Streaming applications - 2 Year Warranty",409.0,369.99,9.54,PBDEAL
WTHAMF00005,"Amazfit Bip 5 Smart Watch - White 1.91"" Display - Up to 10 Days Battery Life - Built-in GPS - Heart Rate, Stress, SpO2 & Sleep Monitoring - Bluetooth Calling",148.0,108.8,26.49,CLEARANCE
NBKLEN8300820,"Lenovo LOQ Essential 15IRX11 NVIDIA RTX 5050 Gaming Laptop 15.6"" FHD 144Hz Intel Core i7-13650HX - 16GB RAM - 512GB SSD - Win 11 Home - 1yr warranty",2449.99,1957.06,20.12,PBDEAL
MPHMIX0117330,Xiaomi REDMI Note 17 Pro Max 5G Dual SIM Smartphone - 8GB+512GB - Black - 9210mAh Massive Battery - 100W HyperCharge - Snapdragon 6s Gen 5 Chipset - IP66/IP68 Water Resistance,1147.0,885.99,22.76,POWER17
HSTFIO5570122,FiiO JT1 Closed-back Wired Over-Ear Headphones - Black 50mm Dynamic Drivers - 32 ohms - Dual TRS Detachable Cable - In-line Mic & Remote,139.94,138.99,0.68,PBDEAL
IPHJAB5735453,Jabra Evolve2 65 Flex Bluetooth On-Ear ANC Headset with Wireless Charger - UC Certified USB-C / 6-Mics Noise Cancellation / Hybrid ANC / Retractable Mic / Busy Light / Up to 30m Distance / Up to 20-Hour Talk-Time,554.94,498.09,10.24,SUPREME
MPPSPB3781,Sansai IPH-X227 Magsafe Wireless Charger,56.35,,,
NBGSTM6518441,"STM Origin Laptop Sleeve - Stylish & Protective Design for Apple 13""-14"" MacBook Air & Pro & Neo Laptop - Glacier Blue - 4mm EVA Shock Absorption, Smooth Zipper Access",39.95,29.46,26.26,DAILYSTEAL
MSEPRM1020,Promate BREEZE Wireless Mouse with noise reduction - Black Smooth Scrolling - Sensor Resolution 800/1000/1200/1600DPI - Extended Battery Life - Wireless range 6-10m - Compatible with Windows and Mac,19.58,18.31,6.49,CLEARANCE
CABSTT2875725,StarTech.com 45PAT3MBL Cat5e Patch Cable - 3m - Blue Snagless - UTP - RJ45 Connectors,10.0,9.95,0.5,CLEARANCE
CABDNX6038,Dynamix C-U2AMICB-1.2WH USB-A 2.0 to USB Micro B Cable - 1.2m - White,6.64,4.57,31.17,CLEARANCE
HEASGW0121,Segway Foldable Seat For G30 Max / G30LP - Weight Capacity 100kg - Comfortable and Removable,94.99,55.0,42.1,CLEARANCE
SPKJBL6324975,JBL PartyBox Stage 320 240W Wireless Portable Party Speaker - White Powerful JBL Pro Sound - Wheels & Handle - Rugged & IPX4 Splash Resistant - Dual Mic / Guitar Inputs - RGB Lightshow - Auracast - Up to 18 Hours Battery Life,788.0,667.97,15.23,PBDEAL
HSTSHK06100,Shokz OpenRun AIR 2 Wireless Open-Ear Bone Conduction Headphones - Black IP67 Sweat & Water Resistant - Bluetooth 6.0 - AI Clear Calls with Wind Resistance - Up to 10hrs Playtime with USB-C fast charging,257.99,,,
HOMSHK0050,Shark Chill Pill 3-in-1 Mist and InstaChill Fan System Silver Colour,194.04,,,
HSTSEN508674,Sennheiser MOMENTUM True Wireless 2 Premium Noise Cancelling In-Ear Headphones - Black ANC - Bluetooth 5.1 - Exceptional Sound - Up to 4 Hours Battery Life / 16 Hours Total with Charging Case,299.0,269.85,9.75,CLEARANCE
HOMSHK0049,Shark ChillPill 3-in-1 Mist and InstaChill Fan System Charcoal Colour,194.04,,,
NBKHNB143005,"HP OmniBook 3 14-ha0005AU 14"" FHD Copilot+ PC AMD Ryzen AI 5 340 - 16GB RAM - 512GB SSD - Win 11 Home - 1Y Warranty",1684.62,,,
MPPUGR80889,UGREEN Bluetooth 5.0 USB-A Adapter,14.09,13.37,5.11,CLEARANCE
TVNELG10GBH9901,Elgato Game Capture 4K X,389.95,,,
AUDPAU0016,"Plaud AI Note Taker NotePin S - Black The most wearable AI note taker  with lanyard, wristband, magnetic pin & clip",295.0,,,
HSTSEN800125,"Sennheiser CX 80U Wired USB-C In-Ear Headphones - Black Up to 24bit/96kHz playback - Lightweight & Portable - In-line MEMs Microphone & 1-Button Remote - 3x Eartip Sets Included - Compatible with iOS, Android, Windows, Mac & more",66.75,,,
HDDADA67100,ADATA SD620 1TB USB Durable Portable SSD - Black,419.75,349.0,16.86,PBDEAL
BAPBAS0010,Baseus Bipow2 20000mAh 20W 3-Output Power Bank with Cable & Display -White Input 18W / Output 20W / 18W USB-A / 20W USB-C,49.0,,,
PTREPA041501,Epson Expression EcoTank ET-2950 Multifunction Printer Scan / Print / Fax,485.0,,,
MVRVIT0001,"VITURE Luma AR Glasses 146"" - 1200P Ultra-Sharp Display - 1000Nits Brightness - 50° FOV - USB-C Connection for Phone / PC / Gaming",899.0,599.0,33.37,CLEARANCE
HOMRBK0085,"Roborock Saros 20 Black Vacuum Cleaner 36,000 Pa Suction Power with Brand New RockDock , Adaptlift Chassis 3.0, Star Sight Autonomous System 2.0, Ultra Thin Design 7.95cm, Flexi Arm Technology. 100°C Hot Water Mop Washing, 55°C Warm Air Dry",2695.0,,,
MPHMIX0117321,Xiaomi REDMI Note 17 Pro Max 5G Dual SIM Smartphone - 8GB+256GB - Cloud Blush - 9210mAh Massive Battery - 100W HyperCharge - Snapdragon 6s Gen 5 Chipset - IP66/IP68 Water Resistance,947.0,757.0,20.06,POWER17
BAPBAS0092,Baseus Bipow2 Pro 10000mAh 22.5W 3-Output Power Bank with Cable & Display -Black Input 18W / Output 22.5W / 18W USB-A / 22.5W USB-C,39.0,,,
TABAPP841325613,Apple 13-Inch iPad Air Wi-Fi - M4 ( Starlight ) - 256GB Storage,1883.0,,,
CCTRNG3202,RING Chime 3rd Gen,54.87,,,
ADPSAC0009,SATECHI Aluminium Pro Power Delivery Hub with Ethernet for USB-C - Space Gray MacBook Pro with Thunderbolt 3 - 1x 4K HDMI - 2x USB - 1x Ethernet - 1x Micro SD Card Reader - 1x USB-C 87W Power Delivery,99.0,94.06,4.99,CLEARANCE
HSTBEL6339846,Belkin SoundForm Mini 2 Wireless Headphones for Kids - Black Volume Limited to -85dB - Spill Resistant & Durable - Up to 30 Hours Battery Life with USB-C Fast Charging - 2 Years Warranty,59.0,47.98,18.68,PBDEAL
NBGSTM6518442,"STM Origin Laptop Sleeve - Stylish & Protective Design for 15""-16"" MacBook Air & Pro - Glacier Blue - 4mm EVA Shock Absorption, Smooth Zipper Access",39.95,29.47,26.23,DAILYSTEAL
CABSTT3337627,StarTech.com CDP2HD4K60 USB-C to HDMI Adapter - 4K 60Hz - Thunderbolt 3 Compatible - USB-C Adapter - USB Type C to HDMI Dongle Converter (CDP2HD4K60),62.94,60.94,3.18,CLEARANCE
CAAELG10LAJ9901,Elgato Key Light Neo,99.95,,,
ADPUGR60164,UGREEN UG-60164 USB-C to 3.5mm Audio Adapter with PD,33.18,31.52,5.0,CLEARANCE
HSTJBL6142326,JBL SoundGear Frames Audio Sunglasses - Round / Pearl JBL OpenSound technology - Hands-free calling - Rugged & IP54 water resistant - UV A/B blocking lenses - Up to 8hrs playtime with USB-C charging,87.0,,,
HSTEDI005500,Edifier K550 Wired PC Headset with Boom Mic - Black 30mm Drivers - 2m Cable with 3.5mm Jack - Volume & Mute Controls - 3.5mm Microphone/Audio Splitter Cable for PC Included,19.99,18.99,5.0,CLEARANCE
AVEMNX1023,"MINIX CP89-HD 8.9 Inch Portable Wireless Carplay and Android Auto HD 60FPS Touchscreen - Buit-in 1W Speaker, FM Transmitter, 3.5mm AUX output and Dual Bluetooth Connection - Magnetic Mount Included",309.35,299.0,3.35,DAILYSTEAL
SPKEDI03302,Edifier MP330 40W Portable Tabletop Bluetooth 6.0 Stereo Speaker - Ivory Premium Wooden Finish - Quality Sound with Punchy Bass - Hi-Res Audio certified - Easy-carry handle - Bluetooth 6.0 + USB-C + Micro SD inputs - Up to 19hrs playtime,147.99,,,
BATPAD4415,PAIRDEER PDR/AA/AKL PAIRDEER AA Alkaline Battery BP4,4.72,2.63,44.28,CLEARANCE
HSTJAB6398896,Jabra Evolve 30 II USB-C/A Wired On-Ear Headset with In-Line Controls - UC Certified Plug and play / Busy Light / Mic Noise Cancellation,140.66,104.54,25.68,SUPREME
NETAMZ701103,Amazon eero 7 2.5Gbps (BE5000) ) Dual-Band Mesh Wi-Fi 7 Router & Extenders - 3 Pack Up to 1.8Gbps Wi-Fi Throughput for 3-4+ Bedroom Home,685.02,,,
SPKJBL6628266,JBL PartyBox 720 800W Wireless Portable Party Speaker - Black Powerful JBL Pro Sound - Wheels & Handle - Rugged & IPX4 Splash Resistant - Dual XLR inputs - RGB Lightshow - Auracast - Up to 15 Hours Battery Life,1387.99,1348.0,2.88,PBDEAL
MSEGEN1717,Genius Scorpion M700K Wired Gaming Mouse - Black,30.98,,,
HOMSHK0038,"Shark IZ380 Cordless Vacuum Cleaner with Floor Detect Technology Anti Hair Wrap, Anti Allergen Complet Seal, - 50mins Run Time 0.7L Dust Bin - Navy Metallic, 3-4 hour Charging time",468.44,,,
HSTBTS4483250,Beats Powerbeats Pro 2 Premium True Wireless Noise Cancelling Sports Earbuds - Hyper Purple Secure Earhook Fit - IPX4 - Heart Rate Monitoring for Workouts - Powerful ANC & Transparency Mode - Adaptive EQ - Apple H2 Chip - Up to 10hrs playti,448.99,418.99,6.68,PBDEAL
CABBEL6607566,Belkin 60W USB-C Cable - 2m - Black,22.85,,,
NBKHNB152023,"HP AI 15-fd2023TU 15.6"" FHD Intel Core Ultra 5 225U - 16GB RAM - 512GB SSD - Win 11 Home - AX WiFi 6 + BT5.4 - Webcam - USB-C (PD & DP1.4) - HDMI1.4 - 1Y Warranty",1557.22,,,
MPHMIX0117310,"Xiaomi REDMI Note 17 Pro 5G Dual SIM Smartphone - 6GB+256GB - Black - 6.83"" 120Hz AMOLED Screen - 8340mah Large Battery - Snapdragon 6s Gen 4 Chipset - IP66/IP68 Water Resistance",774.0,607.0,21.58,POWER17
HOMSHK0051,Shark Carpet Force Lightweight Deep Carpet Cleaner,342.02,,,
HEASGW0202,"Segway F3 Pro Electric Scooter 25km/h (35km/h Overclocked) 70 KM Range, 24% Climbing slope, IPX6 Waterproof, 10 Inch Tyres, Smart TFT Display,",1884.0,1615.0,14.28,
HOMDYS385276,Dyson Pure HP00 Hot+Cool Purifying Fan -White/Silver -2 Years Guarantee,798.0,595.0,25.44,PBDEAL
HEABAN5550,"Braun Series 5 BG5550 Body Groomer Gentle & easy trim, Gentle even on sensitive areas, 100-min runtime",99.0,,,
HOMDLH0053,Delonghi DLSC002 Water Filter- Limescale Reducer,27.44,,,
SPKJBL67796400B,JBL The Superstar Bundle - Black - Includes JBL PartyBox 130 200W Wireless Portable Party Speaker & JBL EasySing Wireless AI Karaoke Microphone 2 Pack,820.0,679.91,17.08,PBSTAR
EXNBKLEN00070BG,"Lenovo ThinkPad X1 Yoga G7 14"" FHD Touch Laptop (B-Grade Refurbished) Intel Core i5-1235U - 16GB RAM - 256GB SSD - Win11 Pro - Reconditioned by PB Tech - 1 Year Warranty",951.05,691.52,27.29,CLEARANCE
SPKJBL65830010B,JBL The Spotlight Bundle - Includes JBL PartyBox Encore Essential 2 100W Wireless Portable Party Speaker & EasySing Wireless AI Karaoke Microphone 2 Pack,619.0,519.92,16.01,PBSTAR
ADPSTT1991394,StarTech.com UUSBHAUB1M USB 2.0 - 480Mbps USB-A to Micro USB Cable - 1m Micro USB - A to Micro B,14.27,13.56,4.98,CLEARANCE
HSTSEN700306,Sennheiser MOMENTUM Sport True Wireless Premium Noise Cancelling In-Ear Headphones - Olive Adaptive ANC - Heart Rate Monitor & Body Temperature - Secure Workout Fit + IP55 - Works with Polar / Apple Health / Strava & More,299.0,243.54,18.55,CLEARANCE
MPPTOR00000110,"Torras iPhone 16 Pro Max (6.9"") Pstand Case - Clear MagSafe Compatible - Built-in Versatile Seamless Stand",64.0,38.39,40.02,CLEARANCE
HDDADA67050,ADATA SD620 512GB USB Durable Portable SSD - Black,240.35,218.99,8.89,PBDEAL
CARBSB0002,"BOTSLAB V9H 4K Car/Action Camera, WiFi 2.4 GHz, 1700 mAh",148.35,99.0,33.27,DAILYSTEAL
HDDTOS41010,Toshiba Canvio Flex USB 3.0 Portable External Hard Drive 1TB (X2) (Silver) - Support Both USB-A and USB-C,235.0,225.0,4.26,PBDEAL
AUDIKM1043,"SAMSON SCR10S Dynamic Handheld Microphone 1/8"" Connector w/On/Off Switch Includes a Desktop Stand",26.02,23.54,9.53,CLEARANCE
CCTRNG3011,RING Solar Panel (USB-C) - Black For Stick Up Cam/ Outdoor Camera Plus / Stick Up Cam Pro / Spotlight Cam Plus /Pro,70.0,,,
HSTJBL6224884,JBL Tune Beam 2 True Wireless Noise Cancelling Earbuds - White JBL Pure Bass Sound - Adaptive ANC & Smart Ambient - Multipoint - IP54 sweat & water resistant - Personalised sound - 6-mic clear calls - Up to 10hrs battery life/40hrs with cas,144.99,128.0,11.72,PBDEAL
HOMNJA0046,Ninja Luxe Cafe Premier Espresso Machine 15+ Drink Presents & Hands Free Frothing - 3 Machines in 1 - Espresso - Filer - Cold Brew,1099.0,784.0,28.66,PBDEAL
MVRVIT0002,"VITURE Luma Pro AR Glasses 152"" 1200PUltra Sharp Display - 1000 Nits Brightness - 52°FOV - Built-in Camera - USB-C Connection for Phone / PC / Gaming",1099.0,739.0,32.76,CLEARANCE
CAMGPO1120,"GoPro HERO 12 Black Action Camera 4K Video - Waterproof Design (10m) - Wi-Fi & Bluetooth - 2.27"" Rear Touch Display & 1.4"" Front Display",623.0,,,
HOMSWN0820,Swann DC820PB Wireless Door Chime with Receiver - Black,46.06,,,
MPPBTS817301,"Beats iPhone 17 Pro Max (6.9"") MagSafe and Camera Control Case - Granite Grey , Durable double-shot design, Shock-absorbing sidewalls, Strong hardshell back, Matt finish",79.0,52.92,33.01,SUPREME
TABAPP841312814,Apple 13-Inch iPad Air Wi-Fi - M4 ( Purple  ) - 128GB Storage,1693.0,,,
GAMSNY2029,Crimson Desert Day One - PS5,109.0,,,
PRM1081,Promate MEDIASWITCH-H3 3-in-1 Triple HDMI Splitter with 0.5M Cable Supports 4K 60Hz - Manual Switch to Toggle Bewtween Displays - Plug & Play - Compatible with Both Mac OS & Win OS,60.92,,,
SURDNX0019,Dynamix A16U 6 Outlet 10A Home & Office Powerboard with 2x USB 3.4A Rapid Charging Ports Safety Overload with Push Button Reset - Includes 1m Power Cable - For Indoor Use ONLY,31.11,24.75,20.44,CLEARANCE
ADPAEN3136,AEON AR2 adaptor 2x RCA(f) to 2x RCA(f) Simple straight through twin RCA socket to socket joiner,3.16,2.58,18.35,CLEARANCE
CABDIG7720,Digitus AK-330124-005-S Ultra High Speed HDMI 2.1 HDMI Cable - 50cm 36GBs UHD 8K 60Hz,9.98,,,
SEVRBP0399,Raspberry Pi Official Camera Module 3 Wide NoIR Version Build-In 12M Pixel Sony IMX708 Image Sensor Module,80.71,71.3,11.66,CLEARANCE
HSTGEN0734,"Genius HS-M905BT True Wireless Bluetooth V5.3 Earbuds - Black HiFi quality sound with bass Play music time up to 4 hours, Type-C charging",26.29,16.5,37.24,CLEARANCE
HOMDYS496025,Dyson V16 Piston Animal Submarine Wet and Dry Vacuum - 900W Motor - 315 AW Suction - 70 Minutes of Running Time,1699.0,1695.0,0.24,PBDEAL
HOMEFY0063,"Eufy Omini c20 Robot Vacuum Omni With All in one Station mop Master Technology, 3.35 inch Ultra Silm Body, Pro-Detangle Comb",683.07,,,
CLEVPC5471,VACPAC P5471 Microply Vacuum Cleaner Bags,18.98,,,
WTHUHN29555,ULTRAHUMAN Ring AIR Smart Ring - Aster Black - Size 11 Sleep and Fitness Tracker - Smart Ring for Men and Women - No app fee for Standard Features - Up to 6 Days Battery Life,649.0,616.55,5.0,CLEARANCE
BAPBEL6632363,Belkin BoostCharge 10000mAh 20W 2-Output Power Bank with Cable & Display -Blue Input 20W / Output 20W / 20W USB-C,62.44,,,
CCTHLK1103,HiLook IPC-T381H-MU (2.8mm) 8MP/4K Outdoor Turret PoE Camera (9.5W) - White Built-In Mic & MicroSD Slot / FOV 127° / IP67,229.0,180.63,21.12,SUPREME
HOMRBK0083,"Roborock Q Revo Curv 2 Flow White Vacuum Cleaner with Multifunction Dock 4.0 20,000Pa Hyperforce Suction - Reactive AI Obstacle Recognition -55 °C Warm Air Drying - 75°C High temperature Mop Cleanning, TUV Certified Cybersecure",1799.0,,,
CAMGPO1133,"GoPro HERO 13 Black Action Camera Accessory Bundle HERO13 Black Camera, The Handler. Enduro Battery (2x). Curved Adhesive Mount (2x). 64GB SanDisk MicroSD Card. Camera Case",826.0,,,
TABSAM63606431,"Samsung Galaxy Active4 Pro 5G 10.1"" with S-Pen Rugged Tablet 4GB RAM - 64GB Storage - 5G - IP68",789.0,,,
CCTRLK2468,Reolink Argus 3 Pro Kit 5MP/2K+ Outdoor Wire-Free Battery Camera with Solar Panel -4PK with Homehub Mini 6000mAh Battery / Smart Detection / Dual-Band WiFi,697.0,,,
GAMDBE1873,DOBE Nintendo Joy-Con Thumbstick / Thumbgrips / Caps / Joystick Cover - 4pcs,9.99,5.4,45.95,CLEARANCE
CCTALO4031,Arlo Go 2 1080P Outdoor 4G/Wi-Fi Wire-free Battery Camera 130° Field of View / Built-in MicroSD Card Slot,418.46,352.05,15.87,SUPREME
HSTSEN700304,Sennheiser MOMENTUM Sport True Wireless Premium Noise Cancelling In-Ear Headphones - Black Adaptive ANC - Heart Rate Monitor & Body Temperature - Secure Workout Fit + IP55 - Works with Polar / Apple Health / Strava & More,299.0,284.05,5.0,CLEARANCE
SPKEDI20269112B,Edifier MR4 Studio Monitor Speakers + T5 Subwoofer 112W 2.1 Bundle - Black,399.0,328.57,17.65,30YEARSOFSOUND
PRM7476,Promate AIRLINK-BT In-Flight AUX to Bluetooth Wireless Audio Transmitter Adapter 7m Transmission Range,30.29,25.7,15.15,CLEARANCE
HSTJAB6398909,Jabra Evolve2 30 SE USB-C/A Wired On-Ear Headset - UC Certified 2-Mics Noise Cancellation / Busy Light,188.6,147.66,21.71,BUSTER
HSTSCD000252,Skullcandy Icon ANC Wireless On-Ear Noise Cancelling Sports Headphones - True Black IPX4 Sweat & Water Resistant - Rugged & Durable - Adjustable Stay-Aware Mode - Skullcandy App for iPhone & Android - USB-C Fast Charging - Up to 50hrs batte,137.97,,,
BAPBAS02002,Baseus EnerFill 20000mAh 22.5W 4-Output Power Bank with Dual-Cable & Display -Beige Input 20W / Output 22.5W / 22.5W USB-A/ 22.5W USB-C / 20W Lightning,45.0,,,
CABBEL4940759,Belkin BoostCharge USB-C Cable - 2m - White,25.99,24.69,5.0,CLEARANCE
HDDSEA4420,Seagate FireCuda 2TB Game Drive - RGB Lighting / Rescue Data Recovery Services,339.0,329.0,2.95,PBDEAL
WRIPLT20394,"Pilot IC-50-B Fountain Pen Ink Cartridge Black, Pack of 6",4.26,3.86,9.39,CLEARANCE
CABDNX0645,Dynamix PLSSGY-C6A-0.75 Cat6A RJ45 Patch Lead - 75cm - Grey S/FTP - Shielded - 10G - 34AWG - Ultra-Slim - Gold Plated - PoE 802.3af,7.13,5.01,29.73,CLEARANCE
HSTSNP506845,Sennheiser Pro HD 280 PRO Closed-back Wired Over-Ear Professional Studio Headphones - Black Rugged & Durable - 64ohm - Swivel Earcups - Coiled 3m Cable - 3.5mm Jack - 6.3mm Adapter Included - 2 Year Warranty,199.0,188.99,5.03,PBDEAL
HSTSNP700286,Sennheiser Pro HD 490 PRO Open-Back Wired Over-Ear Professional Studio Headphones - Black - Switchable earpads for Mixing & Producing - Linear frequency response - 130ohms - 3.5mm + 6.3mm connections - 1.8m cable - 2 Year Warranty,799.0,731.99,8.39,PBDEAL
HSTEDI00301,Edifier X3 Lite True Wireless Earbuds - Ivory Bluetooth 5.3 - Clear Handsfree Calls - IP55 Sweat & Water Resistance - 6mm Drivers - Edifier Connect app for Android & iPhone - 6hrs Battery Life + 18hrs with Charging Case,39.0,28.67,26.49,CLEARANCE
TAAMST101040,Microsoft Surface USB 4 Dock,339.0,,,
CCTEFY814420,Eufy Security eufyCam E40 Essential 2K Outdoor Wire-Free Battery Solar Camera  - Add on Requires Homebase to operate,347.0,,,
CCTEZV1224131,EZVIZ BC1c AOV 8MP/4K Outdoor Wire-Free Battery Camera (3-Pack) with 75Wh Battery Solar Panel Camera with 10400 mAh Battery / Solar Panel with 5000 mAh Battery,599.0,487.89,18.55,CLEARANCE
MPHMIX0117320,Xiaomi REDMI Note 17 Pro Max 5G Dual SIM Smartphone - 8GB+256GB - Black - 9210mAh Massive Battery - 100W HyperCharge - Snapdragon 6s Gen 5 Chipset - IP66/IP68 Water Resistance,947.0,757.0,20.06,POWER17
MPHMIX0117332,Xiaomi REDMI Note 17 Pro Max 5G Dual SIM Smartphone - 8GB+512GB - Green - 9210mAh Massive Battery - 100W HyperCharge - Snapdragon 6s Gen 5 Chipset - IP66/IP68 Water Resistance,1147.0,885.99,22.76,POWER17
KEYLOG6322889,Logitech POP Icon Keyboard & Mouse Combo - Lilac & Off White,129.0,,,
PTRCNN1861616R,Canon Remanufactured MAXIFY MegaTank GX3060 All-in-One Printer Mega value for small business - Print / Scan / Copy /PB 6 mths warranty,539.25,512.28,5.0,CLEARANCE
WTHHUA5502607R,"Huawei Remanufactured Watch GT 6 Pro 46mm Smart Watch - Black 1.47"" AMOLED Display - Up to 21 Days Battery Life - 5ATM IP69 Water Resistance - Golf Maps - 40m Diving - ECG (Electrocardiogram) - Dual-Band GPS - Huawei TruSense Health System",486.76,462.43,5.0,CLEARANCE
NBGSTM11143201,"STM Myth 18L Backpack for 15""-16"" MacBook Pro / Air - Magnet Black Suitable For Business & Travel",165.0,132.46,19.72,DAILYSTEAL
BAPBAS0090,Baseus Bipow2 Pro 20000mAh 22.5W 3-Output Power Bank with Cable & Display -Black Input 18W / Output 22.5W / 18W USB-A / 22.5W USB-C,59.0,,,
MPPBTS817200,"Beats iPhone 17 Pro (6.3"") MagSafe and Camera Control Case - Bedrock Blue , Durable double-shot design, Shock-absorbing sidewalls, Strong hardshell back, Matt finish",79.0,52.92,33.01,SUPREME
TABAPP841151211,Apple 11-Inch iPad Air Wi-Fi - M4 ( Space Grey ) - 512GB Storage,1943.01,,,
TABAPP841325612,Apple 13-Inch iPad Air Wi-Fi - M4 ( Blue ) - 256GB Storage,1883.0,,,
WTHFIT5586254,Fitbit Sense 2 Smart Watch - Blue Mist / Pale Gold Compatible ECG APP - Built-in GPS - 24/7 Heart Rate Tracking - Alexa Built-in - Oxygen Saturation Monitoring - Up to 6 day battery life,448.99,422.73,5.85,PBDEAL
WTHFIT5586295,Fitbit Sense 2 Smart Watch - Lunar White / Platinum Compatible ECG APP - Built-in GPS - 24/7 Heart Rate Tracking - Alexa Built-in - Oxygen Saturation Monitoring - Up to 6 day battery life,448.99,422.73,5.85,PBDEAL
KVMLNK1187,"LENKENG LKV3061 HDMI Audio Extractor 1x HDMI In. 1x HDMI Out. 3x Audio Out. Audio Signal Out via Toslink (Optical Audio), Coaxial or 3.5mm R/L Audio Port.",118.99,,,
MPHPAN0422,Panasonic KX-TGM422AZB Amplified Cordless Home Landline Telephone Twin Pack Includes Digital Answering Machine - Large Buttons - Loud Ringer Volume - Call Blocking - Caller ID - One-Touch Slow Talk Control,221.98,,,
SCBDNX1013,Dynamix FP-C6AUGS-06  Cat6A Shielded Keystone     Slimline Jack - Component Compliant,10.56,10.03,5.02,CLEARANCE
WTHHUA3149146,"Huawei Band 10 Polymer Fitness Tracker - Black 1.47"" AMOLED Display - Up to 14 Day Battery Life - 5ATM Water Resistance - Blood Oxygen / Sleep / Fitnesss / Health Tracking - Call Notifications",99.0,94.06,4.99,CLEARANCE
TABSAM73612811,Samsung Galaxy Tab S11 5G + WiFi Tablet ( Grey ) - 11-inch 128GB Storage - 12GB RAM,1469.0,,,
HSTJBL6662199,JBL Endurance Peak 4 True Wireless Noise Cancelling In-Ear Sports Headphones - White IP68 Sweatproof & Waterproof - Secure PowerHook Design - Adaptive ANC - Up to 8 Hours Battery Life / 24 Hours Total with Charging Case (ANC On),147.99,143.99,2.7,PBDEAL
MSERAZ113683,Razer Viper v4 Pro Wireless Esports Gaming Mouse - White 50g - 8k Polling - Gen.4 Optical Switches - 50k DPI Sensor,264.99,,,
NBKASU5060130,"ASUS TUF A15 FA506NCQ NVIDIA RTX 3050 Gaming Laptop 15.6"" FHD 144Hz - AMD Ryzen 7 170 - 16GB RAM - 512GB SSD - Win 11 Home - 1yr warranty",1606.55,,,
HOMRBK0089,"Roborock F25 Ace Pro Cordless Wet Dry Handheld Vacuum 25000 Pa Suction Power up to 60 Mins Running Time, 1000ml Water tank, 2.0 Lay Flat Cleanning, Smart Self-Cleanning and Drying, Jaw Scraper Anti-Tangle Structure, App, Voice Alerts",649.0,,,
MICELG10MAO9901,Elgato Wave: 3 MK.2 - USB Audio Microphone,349.0,,,
SPKJBL6500342BD,JBL Charge 6 45W Portable Bluetooth Speaker with Built-in Powerbank - Pink - BOX DAMAGED - FULL WARRANTY APPLIES,218.01,207.1,5.0,CLEARANCE
HSTSHK06101,Shokz OpenRun AIR 2 Wireless Open-Ear Bone Conduction Headphones - Ice Blue IP67 Sweat & Water Resistant - Bluetooth 6.0 - AI Clear Calls with Wind Resistance - Up to 10hrs Playtime with USB-C fast charging,257.99,248.99,3.49,PBDEAL
HSTSHK06110,Shokz OpenRun AIR 2 Mini Wireless Open-Ear Bone Conduction Headphones - Black IP67 Sweat & Water Resistant - Bluetooth 6.0 - AI Clear Calls with Wind Resistance - Up to 10hrs Playtime with USB-C fast charging,257.99,,,
HSTSHK09310,Shokz OpenDots 2 Premium Open-Ear True Wireless Clip-On Sports Earbuds - Black - Excellent Sound with Dolby Audio + Bassphere 2.0 - Secure Fit & Lightweight Comfort - 3-Mic Clear Calls - IP57 - Bluetooth 6.1 - Up to 10hrs Playtime/40hrs wit,389.0,378.99,2.57,PBDEAL
HOMDYS601887,"Dyson Airwrap i.d. Multi Styler and Dryer - Ceramic Pink/ Rose Gold Dry, curl, shape and volumise with new attachments in the box.- 2 Years Guarantee",895.0,695.0,22.35,PBDEAL
HSTASO5511047,Astro A10 Gen.2 Gaming Headset for PC - Lilac,99.98,,,
ADPSAC0002,SATECHI USB-C Pass-Through USB Hub with USB-C for Mac & IPad Pro Charging Port - 2x USB 3.0 - SD / Micro SD Card Reader,69.0,31.97,53.67,CLEARANCE
KEYELG10GBJ9901,Elgato Stream Deck Neo,159.0,,,
LABCRS8230,CRS TH15738 Thermal Plain Paper Roll 57x38mm eftpos Paper 5x10s BOXED 50 rolls in total 57mm (paper width) x 38mm (roll diameter) x8mm cord diameter,33.07,31.42,4.99,CLEARANCE
SPKJBL6224939,JBL PartyLight Beam Bluetooth Projection RGB Party Light Wirelessly Syncs with JBL PartyBox Speakers - Built-in Music Detection - Auracast Enabled - 2m Cable - Up to 40 Square Metres of Coverage,198.0,177.99,10.11,PBDEAL
MPP4GM10166067,"4GAMERS SWL-01BLK-WHT-4G Premium Travel Case- Black For Nintendo Switch, Switch Lite and Switch OLED",14.03,12.03,14.26,CLEARANCE
NETTTK9010,Teltonika RUT901 4G LET CAT4 N150 WiFi 4 Industrial Router 100M FE x 4 / SIM Slot x 2 / with Digital IO,322.0,266.32,17.29,SUPREME
MPPKTF0157502,KONTROLFREEK USB A-to-Micro USB Cable 3.6m,19.0,18.04,5.05,CLEARANCE
NBGHNB0027,"HP Wings Backpack for 15.6"" Laptops - Black",29.0,27.55,5.0,CLEARANCE
PETNEA0010,Neakasa Fence for M1 Open Top Self-Cleaning Cat Litter Tray - Easy for cats to get in and out  no disruption to their routine,33.35,25.3,24.14,DAILYSTEAL
PETNEA0011,Neakasa Litter Deodorizer (12 Packs) 100g Per Pack for M1 Open Top Self-Cleaning Cat Litter Tray,39.0,31.0,20.51,DAILYSTEAL
TVSAM925375,"Samsung LS03F The Frame Pro 75"" 4K QLED Mini LED Smart TV",2998.0,,,
KEYELG10GBJ9911,Elgato Stream Deck Neo Black,174.95,,,
HOMEVCS0034,EcoVacs DNC010003 DEEBOT High-Density-Nylon Antibacterial Mop Roller for T80S OMNI & X11 OMNICyclone,17.73,,,
TABSAM63606432,"Samsung Galaxy Active4 Pro 5G 10.1"" with S-Pen Rugged Tablet 4GB Ram - 64GB Storage - 5G - IP68 Bundle with 30W Baseue Wall Charger ( MPPBAS12101)",799.0,,,
HOMJAC0008,"Jackson 21"" Oneplace Family Calendar 21"" (White) 16GB Built in Memory - Play Video & Pictures - Touch Panel - Smart Frameo App Support - Android & IOS Support - 2.4Ghz",465.0,,,
CCTSWN34401,Swann EvoSolar2K Outdoor Wire-Free Battery Solar Camera with 64GB Card - 4 Pack,536.51,,,
MONAOC62507,"AOC 27G4H 27"" FHD 200Hz Fast IPS Gaming Monitor -  1920X1080 ,  HDMI + Displayport ,   Height adjustable .  100x100mm VESA",207.0,196.65,5.0,CLEARANCE
CAMSNY6400,"Sony Alpha A6400 Mirrorless Camera (Body Only) 24.2MP APS-C Exmor CMOS Sensor - 3.0"" 921.6k-Dot Tilting LCD - Built-in WiFi with NFC Support - UHD 4K30 & 1080p120 Recording",1219.0,,,
CCTALO52001,Arlo Chime 2 for Arlo Cameras & Doorbells,68.6,,,
MPPBEL5195422,Belkin Secure Holder with Key Ring for AirTag - White,19.76,,,
MOABRA1120,"Brateck PSDC100 100"" Projector Screen with Tripod 4:3 Aspect Ratio - 2mx1.5m (WxH)",229.46,,,
NAPTPL10011,TP-Link Omada EAP100-Bridge KIT 2.4GHz 300Mbps Indoor/Outdoor Wireless Bridge with 1GbE x3 (PoE+ 4.8W),136.76,,,
BAPBAS0096,Baseus Airpow 10000mAh 22.5W 4-Output Power Bank with Dual-Cable -White Input 18W / Output 20W / 18W USB-A / 20W USB-C / 20W Lightning,34.99,,,
CAMFUJ16982717,Fujifilm Instax Link Wide 2 - Duo Blue,328.0,,,
CAMFUJ16982743,Fujifilm Instax Link Wide 2 - Duo Beige,328.0,,,
EXNBKDEL532002,"Dell Latitude 5320 13.3"" FHD Touch Business Laptop (A-Grade Refurbished) Intel Core i5 1145G7 - 8GB RAM - 256GB SSD - Win11 Pro - 18-Month Warranty - GreenMachine Certified Refurbished",829.0,787.55,5.0,CLEARANCE
EXNBKDEL5320BG,"Dell Latitude 5320 13.3"" FHD Touch Business Laptop (B-Grade Refurbished) Intel Core i5 1145G7 - 16GB RAM - 256GB SSD - Win11 Pro - 18-Month Warranty - GreenMachine Certified Refurbished",749.0,711.55,5.0,CLEARANCE
CABSTT1585598,"StarTech.com LP4PCIEXADAP 4-Pin to 6-Pin PCIe Power Cable Adapter - 15cm (6"") LP4 to 6 Pin PCIe Power Cable Adapter - Male to Female",9.49,8.73,8.01,CLEARANCE
CHADNX1265,"Dynamix RWM12 12RU Wall Mount Cabinet 450mm Deep (600 x 450 x 635mm) - Includes 1x Fixed Shelf, 2x Fans & 10x Cage Nuts - Black Gloss Colour, front door",452.38,426.85,5.64,CLEARANCE
WSHSAM96006,Samsung DV91T6440LE Heat Pump Smart AI Dryer - 9kg - White,1399.0,,,
MPHMIX0117322,Xiaomi REDMI Note 17 Pro Max 5G Dual SIM Smartphone - 8GB+256GB - Green - 9210mAh Massive Battery - 100W HyperCharge - Snapdragon 6s Gen 5 Chipset - IP66/IP68 Water Resistance,947.0,757.0,20.06,POWER17
MPHMOT7131334,Motorola edge 70 Fusion 5G Smartphone - Silhouette,738.0,,,
VCLOG6837939,Logitech Rally Modular Microphones Mic Pod 2 - Graphite Compatible with - Rally Board,1400.0,1398.0,0.14,PBDEAL
EXMONHP024042,"HP P24H G4 24"" FHD LED Business Monitor (A-Grade Refurbished) OEM STAND - HDMI - DisplayPort - VGA - Supplied with Power and HDMI Cables - 18-Month Warranty - GreenMachine Certified Refurbished",179.0,170.05,5.0,CLEARANCE
EXMONLG240550,"LG 24BA550 24"" FHD Monitor (A-Grade Refurbished) HDMI - Displayport - VGA - 18-Month Warranty - GreenMachine Certified Refurbished",169.0,160.55,5.0,CLEARANCE
EXMONLG27065,"LG 27MB65PY-B 27"" FHD Monitor (A Grade Refurbished) DisplayPort - VGA -  DVI - 18-Month Warranty - GreenMachine Certified Refurbished",199.0,189.05,5.0,CLEARANCE
ADPSTT2771223,StarTech.com USB3AUB15CMS USB 3.0 - 5Gbps USB-A to Micro USB Cable - 15cm Short - Slim - SuperSpeed USB 3.0 - A to Micro B - M/M,16.61,15.78,5.0,CLEARANCE
PRM1091,Promate XCORD-AC 2A - 480Mbps USB-A to USB-C Cable - 1m - White Super Flexible - Data & Charge,8.44,6.77,19.79,CLEARANCE
NBGRVC8825,"Rivacase Lantau Backpack for 13.3"" Laptops - Grey Suitable for MacBook Pro Neo",89.0,65.0,26.97,MEGA
NBGSTM6518438,"STM Origin Laptop Sleeve - Stylish & Protective Design for Apple 13""-14"" MacBook Air & Pro & Neo - Lilac Plum - 4mm EVA Shock Absorption, Smooth Zipper Access",39.95,29.47,26.23,DAILYSTEAL
HEABRR0050,Beurer Beauty FS60 Facial Sauna Ideal Both for Cosmetic Facial Care and for Inhalation with the Appropriate Steam Attachment for Mouth & Nose Inhalation,68.0,,,
MPPCSM5895459,Casemate iPhone 15 Pro Max Karat MagSafe Case - Touch of Pearl,39.05,32.68,16.31,CLEARANCE
MPPSPB0988,"Sansai HDM-3010S 3 Ports HDMI Switcher 3 Way HDMI Switch 1080p, 3D, Ultra HD/ 4K with high resolutions",21.5,19.58,8.93,CLEARANCE
AUDSNP509261,"Sennheiser Pro XS Lav USB-C Omnidirectional lavalier microphone - 2m cable with USB Type-C connector for mobile devices, Mac, & PC - Includes foam windshield, clip & travel pouch - 2 Year Warranty",148.99,106.98,28.2,PBDEAL
SPKEDI000600,"Edifier ES60 34W Rugged Portable Bluetooth Speaker - Black - IP66 water & dust resistant - Crisp, full-range sound with bass radiators - Bluetooth 5.4 + USB-C Wired input - Built-in speakerphone - Ambient LED lighting - Up to 9hrs playtime",118.0,,,
SPKHMK6292728,Harman Kardon Onyx Studio 9 50W Wireless Portable Stereo Bluetooth Home Speaker - Grey,399.0,299.0,25.06,PBDEAL
SPKEDI03301,Edifier MP330 40W Portable Tabletop Bluetooth 6.0 Stereo Speaker - Retro Black Premium Wooden Finish - Quality Sound with Punchy Bass - Hi-Res Audio certified - Easy-carry handle - Bluetooth 6.0 + USB-C + Micro SD inputs - Up to 19hrs playt,147.99,,,
HSTHYX1027,HyperX Cloud Alpha Wired Gaming Headset - Red,134.99,,,
CABBEL6718284,Belkin BoostCharge USB-C to Lightning Cable ( PCR ) - 1m - White,26.81,,,
HSTBTS9121814,Beats Solo 4 Wireless On-Ear Headphones - Cloud Pink Spatial Audio with Dynamic Head Tracking - Lossless Audio via USB-C or 3.5mm - Compatible with iPhone & Android - Up to 50 hours of battery life,342.0,274.0,19.88,PBDEAL
BAPBAS0015,Baseus PicoGo 10000mAh 45W 1-Output MagSafe Wireless Charging Power Bank with Built-in Cable -Black Input 30W / Output 45W / 22.5W USB-C / Qi2.2 25W Wireless Charging,99.0,,,
MPHMIX0117302,"Xiaomi REDMI Note 17 Pro 5G Dual SIM Smartphone - 6GB+128GB - Purple - 6.83"" 120Hz AMOLED Screen - 8340mah Large Battery - Snapdragon 6s Gen 4 Chipset - IP66/IP68 Water Resistance",674.0,516.99,23.3,POWER17
CAB8WR80213,8Ware UC-3001AC USB 3.1 USB-A to USB-C Cable - 1m - Black,9.98,,,
BATAKR1019,ANKER SOLIX PS200 V2 200W Bifacial Portable Solar Panel Monocrystalline IP68,688.85,,,
HSTMLY1123,MARLEY Little Bird True Wireless Earbuds - Signature Black Bamboo finish & recycled materials - IPX4 sweat & water resistant - Bluetooth 5.3 - USB-C fast charging - Up to 6 hours battery per charge / 28 hours total with charging case,49.0,42.01,14.27,CLEARANCE
IPHGSM473834,Grandstream GWN7703 24-Port Gigabit Unmanaged Switch 1GbE x24,141.05,126.2,10.53,SUPREME
IPHHPE6076883,HP Poly Blackwire 3225 USB-C/A/3.5mm Wired On-Ear Headset - UC Certified Noise-Canceling Mic / Dynamic EQ / In-line Control,103.98,93.84,9.75,CLEARANCE
LAS41378,Laser AO-AT4P1-378 Silicone Key Ring for Apple AirTag - 4 Pack,31.29,26.83,14.25,CLEARANCE
MPP3SI10167002,3SIXT Galaxy S23+ PureFlex Case - Bulimba - Clear (RC),17.76,15.12,14.86,CLEARANCE
CAAKDC8515,"Kodak UltraMax 400 Color Negative Film (35mm Roll Film, 36 Exposures)",32.0,,,
INKESN0066,eSun eABS+ HiSpeed Filament - Black 1kg Roll - 1.75mm - Compatible with Most FDM 3D Printers such as Creality / Bambu Lab / AnkerMaker / Raise3D / Flsun,39.0,23.0,41.03,CLEARANCE
PRM1282,Promate LaxMount FlexGrip Cradleless MagSafe InCar Smartphone Dashboard Holder SecureAnti-slipMount - Flexible Mount Design - Mounting Kit Included,37.58,27.92,25.71,CLEARANCE
MPP4GM10166053,"4GAMERS C6-100BLU-RED-4G C6-100 Wired Gaming Headset for Switch, XBOX, PS4/PS5, PC, Neon Blue/Red",23.75,18.38,22.61,CLEARANCE
IPHGSM1121,Grandstream GWN7604 (AX3000) Dual-Band 4-Stream Wi-Fi 6 Access Point with 1GbE x1 / PSE x2 / PoE+ x1 (PoE+ 12W),125.9,112.65,10.52,SUPREME
WTHHUA3149146D,"Huawei Band 10 Polymer Fitness Tracker - Black - (ex-demo, PB 3 month warranty)",109.0,71.29,34.6,CLEARANCE
BAPBEL6633072,Belkin BoostCharge 20000mAh 20W 3-Output Power Bank with Cable & Display -Black Input 20W / Output 20W / 12W USB-A / 20W USB-C,78.41,,,
HSTSDC3954021,Soundcore by Anker Liberty 4 Pro True Wireless Noise Cancelling In-Ear Headphones - White 7-Sensor Precise Noise Cancelling - Dual Drivers for Detailed Hi-Res Sound - Touch Bar & Smart Case Display - IPX5 - Up to 7.5hrs playtime/30hrs with,279.0,208.0,25.45,ANKER
MPPBTS817313,"Beats iPhone 17 Pro Max (6.9"") Kickstand Case with MagSafe and Camera Control - Pebble Pink Shock-absorbing sidewalls - Removable lanyard and hands-free kickstand - Strong hardshell back - Matt finish",109.0,73.01,33.02,SUPREME
HOMNJA0052,Ninja Blast Max BC251 Cordless Portable Blender - Lavendar 650ml Vessel - PowerBlast Technology - Removable Vessel - Intelligent Auto IQ Crush & Smoothie Programs,95.06,,,
EXNBKDEL53207BG,"Dell Latitude 5320 13.3"" FHD Business Laptop (B-Grade Refurbished) Intel Core i5 1145G7 - 16GB RAM - 256GB SSD - Win11 Pro - 18-Month Warranty - GreenMachine Certified Refurbished",778.8,739.86,5.0,CLEARANCE
NBKACN1452A,"Acer Aspire 14 AI A14-52M 14"" WUXGA Intel Core Ultra 7 258V - 32GB RAM - 1TB SSD - Win 11 Home - AX WiFi 6 + BT5.3 - Webcam - HDMI",2116.0,,,
CABBEL6607144,Belkin 60W  PCR USB-C Cable - 2m - White,22.85,,,
WTHWTH00010,Withings Scanwatch Light Hybrid Smartwatch 37mm - Rose Gold Up to 35 Days Battery Life - 5ATM Water Resistance - Sleep & Activity Tracking - 24/7 Heartrate Tracking,479.0,383.2,20.0,WITHINGS
NBDBEL6695718,Belkin Connect USB-C 5-Port Hub with 4K HDMI,63.35,,,
OFSMPH22160B,"Matthews 50 rolls of box MPH22160 Thermal Paper Roll - White, 57x38mm 1Ply,FSCMix(50)10Rolls/Pack50Rolls/Box priced for Per Box",16.97,15.32,9.72,CLEARANCE
CCTEFY1731,Eufy Security SoloCam E42 4K Outdoor  Wire-Free Battery PTZ Camera With Solar - 44.3Wh Solar Powered Battery / AI Motion Tracking / Strobe Light,397.95,,,
HOMNJA0072,Ninja Blast Max BC251 Cordless Portable Blender -  Platinum Silver 650ml Vessel - PowerBlast Technology - Removable Vessel - Intelligent Auto IQ Crush & Smoothie Programs,133.28,,,
NBKGRHP60004,HP Prodesk 600 G4 Intel Core i5-8500T Mini Desktop PC (Elite-Grade Refurbished) 8GB RAM - 256GB SSD - Includes Wired Keyboard & Mouse - Win11 Pro (Upgraded) - 18-Month Warranty - GreenMachine Certified Refurbished,639.0,576.69,9.75,CLEARANCE
EXMONLG24037BG,"LG 24MB37PY 24"" FHD Monitor (B Grade Refurbished) DisplayPort - VGA -  DVI - 18-Month Warranty - GreenMachine Certified Refurbished",129.0,122.54,5.01,CLEARANCE
KEYHUN0620,"Huion Inspiroy Dial Q620M Wireless Pen Tablet 10 x 6"" - 8 Press Keys & Dial Controller - Tilt Function - Android Supported - Ideal Use for Distance Education & Wed Conference",175.21,173.5,0.98,CLEARANCE
SPKJBL67849080B,JBL The Audition Bundle - Black - Includes JBL GO 5 Ultra-Portable Rugged Speaker  & JBL EasySing Mini AI Wireless Lapel Microphone,315.0,255.92,18.76,PBSTAR
CARPRM1022,Promate 1200A/12V Jump Starter 16000mAh 18W Power Bank / LED Flashlight,255.88,,,
MSEMTI2003,Matias M20CW Wired USB-C Mouse - White,69.0,28.85,58.19,CLEARANCE
MPPBEL5195421,Belkin Secure Holder with Key Ring for AirTag - Pink,19.76,,,
ADPSTT2514070,StarTech.com USBAB2MR USB 2.0 - 480Mbps USB-A to USB-B Cable - 2m Right Angle - A to B - M/M,16.74,15.27,8.78,CLEARANCE
BULTPL9205,"TP-Link Tapo L920-5 Smart Light Strip -5M, RGB Multicolour, Dimmable",77.42,,,
CCTRNG2121,RING Pan-Tilt Indoor Camera-Black -1080p HD Video,84.0,,,
MPPGEN0762,Galaxy S24 FE (2024) Rugged Case - Black Tough - Dual Layer Protection,23.32,11.65,50.04,CLEARANCE
HSTHYX1029,HyperX Cloud Jet Wireless Gaming Headset - Black,117.99,,,
CABPWW1010,Powerwave PS4 / PS5 5M Controller Charge Cable USB-A to micro USB / USB-A to USB-C,19.01,,,
KEYHUN1010,Huion Note X10 A5 Size Work-Book Memento Notebook Digital Notepad - Elk Brown,152.96,118.36,22.62,CLEARANCE
ADPSTT690205,StarTech.com ICUSB1284 USB to Parallel Printer Adapter - 6ft 2m,37.97,34.64,8.77,CLEARANCE
CABDNX0652,Dynamix PLSSR-C6A-0.25 Cat6A RJ45 Patch Lead - 25cm - Red S/FTP - Shielded - 10G - 34AWG - Ultra-Slim - Gold Plated - PoE 802.3af,6.64,5.67,14.61,CLEARANCE
CABPRM1031,Promate PROLINK4K1-300 4K 60Hz HDMI Cable - 3m - Black Right Angle - 24K Gold Plated - High-Speed Ethernet - 3D Support - Mesh Braided - PVC,21.91,21.13,3.56,CLEARANCE
CABDNX0647,Dynamix PLSSGY-C6A-1.25 Cat6A RJ45 Patch Lead - 1.25m - Grey S/FTP - Shielded - 10G - 34AWG - Ultra-Slim - Gold Plated - PoE 802.3af,7.65,5.12,33.07,CLEARANCE
IPHJAB5700559,Jabra Evolve2 55 Mono Bluetooth On-Ear Active Noise Cancelling Headset - Teams Certified USB-A / 3-Mics Noise Cancellation / Hybrid ANC / Busy Light / Up to 30m Distance / Up to 16-Hour Talk-Time,413.24,338.0,18.21,SUPREME
NBGSTM6518435,"STM Kin Laptop Sleeve for Apple 13""-14"" MacBook Air & Pro & Neo - Black Slate - Slim & Lightweight, Fleece-Lined Interior, 4mm EVA Shock Absorption, Zippered Storage Pocket, Retractable Handle, Stylish & Protective",49.0,38.03,22.39,DAILYSTEAL
SPKJBL6596874,JBL PartyBox 520 400W Wireless Portable Party Speaker - Black Powerful JBL Pro Sound - Wheels & Handle - Rugged & IPX4 Splash Resistant - Dual Mic / Guitar / XLR Inputs - RGB Lightshow - Auracast - Up to 15 Hours Battery Life,923.99,923.0,0.11,PBDEAL
HSTJBL6146987,JBL Live Buds 3 True Wireless Noise Cancelling In-Ear Headphones with Smart Case - Purple,214.0,174.31,18.55,CLEARANCE
EXNBKLEN13003,"Lenovo Thinkpad X13 Yoga G3 13.3"" WUXGA Touch Laptop (A-Grade Refurbished) Intel core i5-1235U - 16GB RAM - 512GB SSD -  1920x1200 - Win11 Pro - 18-Month Warranty - GreenMachine Certified Refurbished",1199.0,1028.0,14.26,CLEARANCE
MPHMIX0117331,Xiaomi REDMI Note 17 Pro Max 5G Dual SIM Smartphone - 8GB+512GB - Cloud Blush - 9210mAh Massive Battery - 100W HyperCharge - Snapdragon 6s Gen 5 Chipset - IP66/IP68 Water Resistance,1147.0,885.99,22.76,POWER17
MPHMOT7131317,Motorola moto G37 Smartphone - Impenetrable,328.0,,,
MPHMOT7131319,Motorola moto G37 Smartphone - Nautical Blue,328.0,,,
HSTJBL4306359,JBL Tune 500 Wired On-Ear Headphones - White Microphone - JBL Pure Bass Sound - Lightweight and Foldable Design - Tangle-free Flat Cable,38.0,37.0,2.63,PBDEAL
MPPBTS817001,"Beats iPhone 17 (6.3"") MagSafe and Camera Control Case - Granite Grey , Durable double-shot design, Shock-absorbing sidewalls, Strong hardshell back, Matt finish",79.0,52.92,33.01,SUPREME
TABAPP841151212,Apple 11-Inch iPad Air Wi-Fi - M4 ( Blue  ) - 512GB Storage,1943.01,,,
NBGSTM6518443,"STM Origin Laptop Sleeve - Stylish & Protective Design for 15""-16"" MacBook Air & Pro -  Lilac Plum - 4mm EVA Shock Absorption, Smooth Zipper Access",39.95,29.51,26.13,DAILYSTEAL
SPKUER6407789,Ultimate Ears UE MINIROLL Wireless Portable Bluetooth Speaker - Sand Beige IP67 Waterproof - Dustproof & Rugged - USB-C Charging - Up to 40m Range - PartyUp with Auracast - Up to 12 Hours Playtime - 2 Year Warranty,128.0,99.04,22.62,CLEARANCE
CABDNX9046,Dynamix C-POWERNC BULK 7.5A 3 Pin to IEC C5 Power Cord - 2m Clover Shaped - SAA Approved - Bulk Packed,6.98,5.83,16.48,CLEARANCE
KEYHUN0064,Huion HS64 Pen Tablet Android Supported - Battery-Free Pen - 8192 Levels - 4 Express Keys,69.64,66.16,5.0,CLEARANCE
MOABRA1105,"Brateck PLB-CE946-01L 37""-70"" Ceiling Mount Bracket for LCD/Plasma TV",142.88,,,
VNT1256,Vention CQVBF 2A USB-C to USB-B Cable - 1m - Black USB 3.0,14.08,,,
ADPSTT3510397,"StarTech.com ST4200MINI2 4 Port Portable USB 2.0 Hub with Cable Universal, multi-platform compatible with Windows, Mac, Chrome OS, Linux",27.72,23.76,14.29,CLEARANCE
CABSTT690226,"StarTech.com MDP2DPMF6IN 4K x 2K Mini DisplayPort to DisplayPort Adapter - 15cm (6"") 4K x 2K UHD Video / Mini DP to DP Converter / Mini DisplayPort to DisplayPort 1.2 Adapter / mDP PC/Computer to DP Monitor / Display - Male to Female",40.26,34.52,14.26,CLEARANCE
IPHGSM1083,Grandstream GWN7664E (AX6000) Dual-Band 8-Stream Wi-Fi 6 Access Point with 2.5GbE x2 (PoE+ 21W),270.93,242.41,10.53,SUPREME
HSTNTG10600061,Nothing Ear True Wireless Noise Cancelling In-Ear Headphones - Black Adaptive ANC - Hi-Res Audio with LDAC + LHDC - IP54 Sweat & Water Resistant - Google Fast Pair + Microsoft Swift Pair - Up to 5.2hrs playtime/24hrs with charging case (ANC,279.0,258.99,7.17,PBDEAL
NBKMSI13023I,"MSI Thin 15 B13VE NVIDIA RTX 4050 Gaming Laptop 15.6"" FHD 144Hz Intel Core i5-13420H - 16GB RAM - 512GB SSD - Win 11 Home - 1Y Warranty",1762.04,,,
MPHMIX0117301,"Xiaomi REDMI Note 17 Pro 5G Dual SIM Smartphone - 6GB+128GB - Sky Blue - 6.83"" 120Hz AMOLED Screen - 8340mah Large Battery - Snapdragon 6s Gen 4 Chipset - IP66/IP68 Water Resistance",674.0,516.99,23.3,POWER17
HOMNJA0074,"Ninja Slushi Max Smart Frozen Drink Maker Mocha 4.4L XXL Capacity, service upto 12 Serving (260ml Each)  per Batch.",684.04,,,
FURPWW1014,Powerwave Bean Bag Chair Fortnite Triburst,78.41,,,
GAMNTD1062,Shinobi Art of Vengeance Deluxe Edition - Nintendo Switch 2 (Game Key Card),85.0,,,
GAMSNY2025,Minecraft Dungeons II Deluxe Edition - PS5,94.0,,,
BATAKR1020,ANKER SOLIX PS400 V2 400W Bifacial Portable Solar Panel Monocrystalline IP68,1378.85,,,
EXWKAHP440090,"HP ProOne 440 G9 23.8"" FHD Business All in One (A-Grade Refurbished) Intel Core i7-12700 - 16GB RAM - 512GB SSD - Includes Wireless Keyboard & Mouse - Win11 Pro - 18-Month Warranty - GreenMachine Certified Refurbished",1499.0,1285.21,14.26,CLEARANCE
SWHNGR1160,NETGEAR GS116 16-Port Gigabit Unmanaged Switch - 1GbE x16,166.58,,,
CABSTT2308010,StarTech.com HDMM5M 4K 30Hz HDMI Cable with Ethernet - 5m (16.4ft) - Black HDMI Cable - 4K High Speed HDMI Cable with Ethernet - UHD 4K 30Hz Video - HDMI 1.4 Cable - Ultra HD HDMI Monitors / Projectors / TVs & Displays - Black HDMI Cord - M,43.75,41.56,5.01,CLEARANCE
CCTUBI9002,Ubiquiti UniFi Protect UFP-VIEWPORT ViewPort PoE,480.54,,,
MPP3SI10168465,3SIXT 3S-2584 Neo Case - iPhone 15 Pro - (MS)(RC) Black,24.43,21.59,11.63,CLEARANCE
TAASPC810021,SUPCASE Unicorn Beetle Rugged Case For Samsung Galaxy Tab S10 + & S9+  ( SM-X810 / X816 / X820/ X826B ),49.0,29.34,40.12,CLEARANCE
CABDIG1906,Digitus DK-1644-A-100/BL Cat6A S-FTP Patch Lead - 10m - Black,16.56,11.4,31.16,CLEARANCE
KEN4465453,Kensington 55726 EXTRA WIDE MONITOR STAND,39.94,,,
MPPOTB10170080,OtterBox 77-94442  Symmetry Clear - Samsung Galaxy S23 FE - Clear,48.64,40.82,16.08,CLEARANCE
NETTTK1951,Teltonika RUT951 4G LET CAT4 N300 WiFi 4 Industrial Router 100M FE x 4 / SIM Slot x 2 / with Digital IO,504.85,423.68,16.08,
TAAMST110203,"Microsoft Surface Pro Keyboard 13-Inch with Pen Storage ( Platinum ) for Surface Pro 13"" ( 12/11/10th Edition)  -  Surface Slim Pen  not included",259.0,,,
SPKEDI20269113B,Edifier MR4 Studio Monitor Speakers + T5 Subwoofer 112W 2.1 Bundle - White,399.0,328.57,17.65,30YEARSOFSOUND
HSTJBL6224938,JBL Tour Pro 3 True Wireless Noise Cancelling In-Ear Headphones - Black - Smart Touchscreen Charging Case with Audio Retransmission - Dual Drivers + Hi-Res sound with LDAC - 6-mic clear calls - Up to 8hrs playtime/24hrs with case (ANC On),398.0,294.0,26.13,
MPPKTF0163230,KONTROLFREEK Performance Galaxy Kit for Xbox One & Series X/S,19.0,18.04,5.05,CLEARANCE
OFSOKN5968874,Okin IBPRGPUR Okin Ballpoint Retractable Pen with Grip Purple,0.64,0.43,32.81,CLEARANCE
BAPBEL6632362,Belkin BoostCharge 10000mAh 20W 2-Output Power Bank with Cable & Display -Sand Input 20W / Output 20W / 20W USB-C,62.44,,,
MPPZAG200118669,ZAGG InvisibleShield Glass XTR5 For Apple 17 Pro,53.23,,,
WSHSAM96003,Samsung DV80T5420AW/SA Front-load Dryer - Quick Dry - 8kg - White,1288.0,,,
HSTEDI0008302B,Edifier W830NB Wireless Over-Ear Noise-Cancelling Headphones - Sand White - Bundled with Edifier X3 Pro True Wireless Noise Cancelling Earbuds - Black,148.0,128.0,13.51,30YEARSOFSOUND
HDDWDX53020,WD My Passport Ultra for Mac 2TB Portable External HDD USB 3.2 - 3yr Warranty,299.0,289.0,3.34,PBDEAL
HEAPAN0310541,Panasonic 2-Way Hair Straightener and Styler (Sakura Pink),79.19,,,
SPKJBL6784011,JBL Go 5 Ultra-Portable Rugged Bluetooth Speaker - Yellow Ambient Edge Lighting - AirTouch Instant Stereo Pairing - Auracast - JBL Portable App for iPhone & Android - USB-C Lossless Audio - 7-Band EQ - Up to 10hrs Battery Life with Playtime,57.99,,,
NBKACN90215A,"Acer Aspire 7 A715-59G NVIDIA RTX 3050 Gaming Laptop 15.6"" FHD - Intel Core i5-13420H - 16GB RAM - 512GB SSD - Win 11 Home - AX WiFi 6 + BT - Webcam",1545.0,1468.04,4.98,PBDEAL
GAMPWW1008,Powerwave Switch 2 Type-C to HDMI TV Adapter,34.84,,,
MICJBL6787877,"JBL EasySing Mic Mini Duo (2-Pack) AI Karaoke Lapel Microphones with USB-C Receiver - Real-Time AI Vocal Removal - Bluetooth + 3.5mm + USB-C dongle compatible with JBL PartyBox Encore 2 series, PartyBox On-The-Go MK2, PartyBox Club 120",329.0,299.0,9.12,PBDEAL
NBKLEN8330860,"Lenovo IdeaPad Slim 3 15Q8X10 15.3"" WUXGA Copilot+ PC Qualcomm Snapdragon X X1-26-100 - 16GB RAM - 512GB SSD - Win 11 Home - 1Y Warranty",1529.99,,,
EXMONPHS23520,"Philips 235PL2 23"" FHD Monitor (A-Grade Refurbished) OEM STAND - 1920x1080 - LED - DVI - VGA - 18-Month Warranty - GreenMachine Certified Refurbished",155.0,139.89,9.75,CLEARANCE
EXMONPHS23520BG,"Philips 235PL2 23"" FHD Monitor (B-Grade Refurbished) OEM STAND - 1920x1080 - LED - DVI - VGA - 18-Month Warranty - GreenMachine Certified Refurbished",119.0,107.4,9.75,CLEARANCE
NBKGRHP60006,HP Prodesk 600 G6 Intel Core i5-10500T Mini Desktop PC (Elite-Grade Refurbished) 8GB RAM - 256GB SSD - Includes Wired Keyboard & Mouse - Win11 Pro (Upgraded) - 18-Month Warranty - GreenMachine Certified Refurbished,839.01,757.21,9.75,CLEARANCE
SPKJBL67848860B,JBL The Audition Bundle - Blue - Includes JBL GO 5 Ultra-Portable Rugged Speaker  & JBL EasySing Mini AI Wireless Lapel Microphone,315.0,255.92,18.76,PBSTAR
SPKJBL67849060B,JBL The Audition Bundle - Pink - Includes JBL GO 5 Ultra-Portable Rugged Speaker  & JBL EasySing Mini AI Wireless Lapel Microphone,315.0,255.92,18.76,PBSTAR
SPKJBL67848910B,JBL The Audition Bundle - Squad - Includes JBL GO 5 Ultra-Portable Rugged Speaker  & JBL EasySing Mini AI Wireless Lapel Microphone,315.0,255.92,18.76,PBSTAR
SPKJBL67848930B,JBL The Audition Bundle - Red - Includes JBL GO 5 Ultra-Portable Rugged Speaker  & JBL EasySing Mini AI Wireless Lapel Microphone,315.0,255.92,18.76,PBSTAR
NBKGRHP600552,HP Prodesk 600 G5 Intel Core i3-9100T Mini Desktop PC (Elite-Grade Refurbished) 8GB RAM - 256GB SSD - Includes Wired Keyboard & Mouse - Win11 Pro (Upgraded) - 18-Month Warranty - GreenMachine Certified Refurbished,499.0,474.04,5.0,CLEARANCE
NBGDCT0073,"Dicota Perfect Skin Laptop Sleeve for 13.3"" Notebook- Black Suitable for Ultrabook Macbook",34.99,31.58,9.75,CLEARANCE
NBGDCT0074,"Dicota Perfect Skin Laptop Sleeve for 15.6"" Notebook- Black Suitable for Ultrabook Macbook",39.0,35.19,9.77,CLEARANCE
HSTPRM1069,Promate ENGAGE.BLK Over ear Mono Monaural Headset - Black Bluetooth - HD Voice Clarity - Noise-Cancelling Microphone - All day Ergonomic Comfort Fit - Built-in Controls - All day battery - up to 14 Hours with 220mAh,75.61,,,
CAMSNY2010,"Sony ZV-E10 Mirrorless Camera (Body Only) - Black 24.2MP APS-C Exmor CMOS Sensor - UHD 4K30p & FHD 120p Video - Up to 11-fps Shooting - Real-Time Eye AF & Tracking - 3.0"" Side Flip-Out Touchscreen LCD - Headphone & Microphone Ports",1109.0,,,
NBAINC10151460,"Incase Flight Nylon Laptop Compact Sleeve - Black for 13"" MacBook Air MacBook Pro",69.0,46.0,33.33,MEGA
MPPBEL5195420,Belkin Secure Holder with Key Ring for AirTag - Blue,19.76,,,
SWHUBI120801,Ubiquiti UniFi USW-Aggregation 8-Port 10G L2 Managed Switch - SFP+ x8,637.25,,,
CABDIG9636A,Digitus DK-1617-020 Cat6 UTP Patch Lead - 2m - Grey,5.01,3.91,21.96,CLEARANCE
CABDIG9664A,Digitus DK-1617-100 Cat6 UTP Patch Lead - 10m - Grey,16.18,,,
HOMDLH0025,Delonghi Magnifica Start with Milk Fully Automatic Coffee Machines LatteCrema Hot Technology,1297.0,745.0,42.56,PBDEAL
HSTJBL6261449,JBL Tune 305C USB-C Wired Hi-Res Earbuds - Black In-line Mic with 3-Button Remote - Comfortable Open Fit - For USB-C iPhone / Samsung Galaxy / Android / Windows PC & More,39.0,33.99,12.85,PBDEAL
PRM1317,Promate PUNCH.BLK 3W Mini Bluetooth Speaker with Magsafe Compatible Base Supports Music & Calls - High Definition Sound - 12 Hours Playing Time - TWS Compatibility - Metal Ring Included - Ultra C,31.4,26.92,14.27,CLEARANCE
EXNBDHP1003,HP HSTNN-CX01 Thunderbolt 3 Dock - Black (A-Grade Refurbished) 1 Power button - 3 USB 3.0 ports - 1 Audio connector - 1 USB-C port - 2 DisplayPort 1.2 ports - 1 VGA port - 1 Thunderbolt / Power Cable - 1 Ethernet port,129.0,110.6,14.26,CLEARANCE
TOLOLT2027,"Olight Perun 3 White and Red Light Headlamp (Black) 3000 Lumens, 160m, 5 White Light Modes, Red Light",169.0,,,
EXMONPHS242081,"Philips 242V8A 24"" IPS FHD Monitor (A-Grade Refurbished) OEM STAND - DisplayPort - HDMI - VGA - 18-Month Warranty - GreenMachine Certified Refurbished",179.0,170.05,5.0,CLEARANCE
HSTJBL5201,"JBL QUANTUM 520 Wireless Gaming Headset - Black 2.4 GHz Low-Latency Wireless, Bluetooth 5.4 and USB-C - Detachable Boom Microphone with Windshield Foam",168.99,,,
CABDNX0638,Dynamix PLSSG-C6A-1.25 Cat6A RJ45 Patch Lead - 1.25m - Green S/FTP - Shielded - 10G - 34AWG - Ultra-Slim - Gold Plated - PoE 802.3af,7.65,4.38,42.75,CLEARANCE
SPKEDI002001,Edifier MF200 Portable / Desktop Bluetooth PC Soundbar Speaker - Space Grey Fits under monitors - USB-C & 3.5mm Aux Inputs - Premium Metal Design - Easy Touch Controls - Works with PC / Mac & More - Up to 10hrs Playback Per Charge,99.0,84.88,14.26,CLEARANCE
BAGEKB4190,"Everki EKB419 16"" Laptop Bag Flight Briefcase - Black Checkpoint friendly design, Felt-lined iPad/tablet pocket, Well-organized compartments, Ergonomic shoulder pad",77.02,,,
BULFSL1107007,FSL LED Bulb 5W - E27 - Warm White 3000K - 470lm - Non-Dimmable,4.19,3.98,5.01,CLEARANCE
CABDNX0657,Dynamix PLSSR-C6A-1.5 Cat6A RJ45 Patch Lead - 1.5m - Red S/FTP - Shielded - 10G - 34AWG - Ultra-Slim - Gold Plated - PoE 802.3af,8.72,6.91,20.76,CLEARANCE
HSTLAS1046,Laser AO-BT180 Wireless In-Ear Headphones - Black Bluetooth - Up to 4 Hours Battery Life,20.01,16.3,18.54,CLEARANCE
MSECOR88726411,Corsair Harpoon RGB Pro FPS MOBA Gaming Mouse,55.0,,,
CABDNX0670,Dynamix PLSSY-C6A-0.25 Cat6A RJ45 Patch Lead - 25cm - Yellow S/FTP - Shielded - 10G - 34AWG - Ultra-Slim - Gold Plated - PoE 802.3af,6.64,4.05,39.01,CLEARANCE
CABDNX0674,Dynamix PLSSY-C6A-1.25 Cat6A RJ45 Patch Lead - 1.25m - Yellow S/FTP - Shielded - 10G - 34AWG - Ultra-Slim - Gold Plated - PoE 802.3af,8.4,6.19,26.31,CLEARANCE
CABDNX0675,Dynamix PLSSY-C6A-1.5 Cat6A RJ45 Patch Lead - 1.5m - Yellow S/FTP - Shielded - 10G - 34AWG - Ultra-Slim - Gold Plated - PoE 802.3af/at,8.79,6.14,30.15,CLEARANCE
CCTUBI8502,Ubiquiti UniFi Protect UVC-G5-Pro 8MP/4K Bullet PoE Camera (White) 4K 30FPS / 3x Optical Zoom / Viewing Angle - 128 Degree / Built-In Mic / IP65 & IK04,631.35,599.78,5.0,CLEARANCE
IPHJAB5700283,Jabra Evolve2 55 Bluetooth On-Ear Active Noise Cancelling Headset with Stand - Teams Certified USB-C / 4-Mics Noise Cancellation / Hybrid ANC / Busy Light / Up to 30m Distance / Up to 16-Hour Talk-Time,508.74,388.77,23.58,SUPREME
TOLLEC850833,Leica Disto X3 IP65 rated laser distance meter ultra-rugged design 150m measuring range,542.5,509.45,6.09,CLEARANCE
BAPBAS0004,Baseus PicoGo 10000mAh 45W 2-Output Laptop Power Bank with Cable & Display -Black Input 30W / Output 45W / 22.5W USB-A / 45W USB-C,78.99,,,
MPPGEN0806,Xiaomi Redmi Note 14 4G/5G (2025) Rugged Kickstand Case - Black,23.32,19.0,18.52,CLEARANCE
CCTSWN3202,Swann MaxRanger4K Mini Outdoor Wire-Free Battery Camera with 32GB Base Station - 2 Pack,425.32,,,
MPPSKA0000058,"skinarma iPhone 18 Pro/17 Pro (6.3"") Saido Mag-Charge Case - Clear , Compatible with Magnetic Charging- 360  Full Protection- 2H Scratch Resistance- Accessories Pack Includes Extra Set of Transparent Button & Frost Red Lanyard Loops",34.01,17.0,50.01,CLEARANCE
MPPBEL6633068,"Belkin Wireless Charging Pad 15W, White",38.69,,,
HOMBAN0018,"Braun MultiFry 5 Air Fryer 3 in 1 Black 2000watts, Temperature from 80 to 220 degrees, Air Fry, Grill & FastOven, Real Oven Technology",399.0,148.99,62.66,PBDEAL
SPKJBL6780751,JBL PartyBox On-The-Go 2 Plus 100W Wireless Portable Party Speaker - Black With 2x EasySing AI Karaoke Microphones - Powerful JBL Pro Sound - Dynamic Lightshow - Handle + Shoulder Strap - Auracast - JBL One App - Up to 15hrs Playtime,524.99,,,
HSTJBL6671179BD,JBL Tune 530 Wired On-Ear Headphones - White - BOX DAMAGED - FULL WARRANTY APPLIES,39.0,35.19,9.77,CLEARANCE
SPKJBL6357376BD,JBL PartyBox Ultimate 1100W 39.5kg Premium Party Speaker with Wheels & Handle WiFi - Bluetooth - 3.5mm AUX - USB - Dual Mic & Guitar Inputs - Dolby Atmos - Spotify Connect & Apple AirPlay - Automatic Tuning - DJ PartyPad,2198.0,1983.69,9.75,CLEARANCE
MPHMIX0117311,"Xiaomi REDMI Note 17 Pro 5G Dual SIM Smartphone - 6GB+256GB - Sky Blue - 6.83"" 120Hz AMOLED Screen - 8340mah Large Battery - Snapdragon 6s Gen 4 Chipset - IP66/IP68 Water Resistance",774.0,607.0,21.58,POWER17
MPHMIX0117312,"Xiaomi REDMI Note 17 Pro 5G Dual SIM Smartphone - 6GB+256GB - Purple - 6.83"" 120Hz AMOLED Screen - 8340mah Large Battery - Snapdragon 6s Gen 4 Chipset - IP66/IP68 Water Resistance",774.0,607.0,21.58,POWER17
EXMONVIE24000BG,"Viewsonic VA2446M-LED 24"" FHD Monitor (B Grade Refurbished) 1920x1080 - VGA - DVI-D - 18-Month Warranty - GreenMachine Certified Refurbished",159.0,143.5,9.75,CLEARANCE
NBGSTM11143202,"STM Myth 18L Backpack for 14""-16"" MacBook Pro / Air - Midnight Blue Suitable For Business & Travel",165.0,132.46,19.72,DAILYSTEAL
PTRCRL0025,Creality CR-Scan Otter 3D Scanner Accuracy up to 0.02mm 60mm - 3D Resolution 0.05 - 2mm - Scan up to 20fps - Single Capture Range Max 1350x840 mm 1000mm - Minimum Scanning Size 10x10x10mm - Working Distance 110 - 1000mm,1489.0,1414.55,5.0,CLEARANCE
WTHSLK000030,"Spacetalk Adventurer 2 Kids Smartwatch - Dusk - 4G Phone Calling, Chat & SMS - Safe Zones & Location Tracking - No Social Media or Web Browser - HD Video Calling - IP67 Water Resistance - Fitness Tracking",378.99,369.5,2.5,PBDEAL
WTHSLK000031,"Spacetalk Adventurer 2 Kids Smartwatch - Frost - 4G Phone Calling, Chat & SMS - Safe Zones & Location Tracking - No Social Media or Web Browser - HD Video Calling - IP67 Water Resistance - Fitness Tracking",378.99,369.5,2.5,PBDEAL
TABMST121151212,Microsoft Surface Pro 12-Inch ( 1st Edition ) Copilot+ PC Tablet - Violet Snapdragon X Plus (8 Core) with LCD Display - 16GB RAM - 512GB SSD -Windows 11 Home,1899.0,,,
HSTSHK09300,Shokz OpenDots ONE Premium Open-Ear True Wireless Clip-On Sports Earbuds - Black - Ultra-lightweight super-comfortable & secure fit - Dolby Audio with powerful bass - IP55 - Qi Wireless Charging - Up to 10hrs playtime/40hrs with charging ca,297.99,296.99,0.34,PBDEAL
MPPBTS817000,"Beats iPhone 17 (6.3"") MagSafe and Camera Control Case - Bedrock Blue , Durable double-shot design, Shock-absorbing sidewalls, Strong hardshell back, Matt finish",79.0,52.92,33.01,SUPREME
MPPBTS817202,"Beats iPhone 17 Pro (6.3"") MagSafe and Camera Control Case - Lime Stone , Durable double-shot design, Shock-absorbing sidewalls, Strong hardshell back, Matt finish",79.0,52.92,33.01,SUPREME
MPPBTS817302,"Beats iPhone 17 Pro Max (6.9"") MagSafe and Camera Control Case - Lime Stone , Durable double-shot design, Shock-absorbing sidewalls, Strong hardshell back, Matt finish",79.0,52.92,33.01,SUPREME
NBGDCT31304,"Dicota Eco BASE Slim Case Carry Bag for 13.3""-14.1"" Laptops - Black Light Notebook Case with Protective Padding",39.0,37.04,5.03,CLEARANCE
SURACC5403,ALLOCACOC PowerCube 4 Outlet Extended USB Surge Protector with 2 USB 2.1A 10W - 1.5m - Blue Stackable Mountable Modern Reinvention Power,45.0,43.77,2.73,CLEARANCE
HSTBEL6522271,Belkin SoundForm Mini 2 Wireless Headphones for Kids - Disney Lilo & Stitch Limited Edition Volume Limited to -85dB - Spill Resistant & Durable - Up to 30 Hours Battery Life with USB-C Fast Charging - 2 Years Warranty,68.0,52.61,22.63,CLEARANCE
PADLOG5605527,Logitech G640 Cloth Large Gaming Mouse Pad 3mm Low Profile - 400 mm x 460 mm,53.99,,,
IPHJAB5273565,Jabra PanaCast 20 4K UHD AI-Enabled Personal Video Conference Camera - Microsoft Teams Certified Picture-in-Picture Mode - Dual-Stream - Privacy Cover - FOV 117 Degree - Microphone Range up to 1.2m,369.0,366.76,0.61,PBDEAL
CABDIG1063,Digitus AK-300203-030-S USB-A 3.0 Male to USB-A Female Extension Cable - 3m,10.94,5.13,53.11,CLEARANCE
CABDNX0018,Dynamix C-HDMI2BLK-1.5 Nano High Speed HDMI Cable - with Ethernet - 1.5m - Black Designed for UHD Display up to 4K2K 60Hz - Slimline Robust - Supports CEC 2.0 / 3D / ARC - Up to 32 Audio Channels,10.46,9.45,9.66,CLEARANCE
HOMNJA0004,Ninja Foodi Cold & Hot Blender Combines High-Speed Total Crushing & Extraction with Aprecision-Heat Cooking Blender to Go Beyond Smoothies & Frozen Drinks to Unlock Natural Flavors with Heat,499.0,255.0,48.9,PBDEAL
NBGSTM0061,"STM Summary Laptop Sleeve for 15""-16"" MacBook Pro / Laptops - Royal Purple",34.99,29.0,17.12,BUSTER
POSHON01170,"Honeywell 1470G2D-2USB-1-R EMEA USB KIT: Omni-Directional, 1D, PDF, 2D, Black Scanner (1470G2D-2), Flexible",189.37,136.0,28.18,CLEARANCE
KEYLOG6290785,Logitech MX Keys S Performance Keyboard & Mouse Combo For Mac,359.18,,,
MPPTOR00000158,Torras Galaxy S25+ 5G Guardian Magnetic Case - Black MagSafe Compatible - Translucent Slim,49.0,29.39,40.02,CLEARANCE
CAMMFS60181,myFirst Camera 2 Kids Digital Camera - Pink with 16GB Micro-SD Card & Waterproof Case.,88.0,,,
CAMMFS60198,myFirst Camera 2 Kids Digital Camera - Blue with 16GB Micro-SD Card & Waterproof Case.,88.0,,,
ADPJAC8142,"Jackson PT1814USB3C 4 Individually Switched Power Board w/ 2 x USB A & 2 x USB C Charging Outlets, BLACK",93.94,,,
HOMEVCS0060,EcoVacs DMB010027 DEEBOT Anti-Tangle Main Brus for  T50 Pro & X8 Pro,38.42,,,
FURPWW1012,Powerwave Bean Bag Chair Fortnite Peely,78.41,,,
TAAARX116020,Armor-X ( RIN  Series) RainProof Military Grade Rugged Tablet Case With Hand Strap & Kick-Stand  for Lenovo P11 (2nd Gen) TB350 Tablet,49.0,18.49,62.27,CLEARANCE
MEMYBC9240,Yubico YubiKey 5 Nano - USB-A Multi-Protocol - v5.7 - Two Factor Security Key,189.04,153.97,18.55,CLEARANCE
MPPMOK012385,Moki Keyboard & Mouse Combo Wireless + Nano Receiver,35.74,33.95,5.01,CLEARANCE
KEYELG87511,Elgato Stream Deck Plus White Edition,359.95,,,
CABDIG1891,Digitus DK-1644-A-020/R Cat6A S-FTP Patch Lead - 2m - Red,4.83,4.63,4.14,CLEARANCE
CABDIG1910,Digitus DK-1644-A-250 Cat6A S-FTP Patch Lead - 25m - Grey,40.97,,,
MEMYBC9399,Yubico YubiKey C Bio - FIDO Edition - USB-C FIDO Only - Biometric - v5.7 - 5060408464175,272.72,233.83,14.26,CLEARANCE
CABDIG1904,Digitus DK-1644-A-100/B Cat6A S-FTP Patch Lead - 10m - Blue,13.72,11.37,17.13,CLEARANCE
CABDIG1911,Digitus DK-1644-A-300 Cat6A S-FTP Patch Lead - 30m - Grey,52.98,,,
CABSPB4550,Sansai HDM-1055 5 Meters HDMI AV Cable,15.19,14.18,6.65,CLEARANCE
CCTSWN8002,Swann 4K Outdoor Bullet Analog Camera for DVR Security System,130.41,,,
MPPICPI10169505,INCIPIO Grip MagSafe IPH-2075-BCLR - iPhone 15 Plus - Black/Clear,39.16,29.5,24.67,CLEARANCE
NETUBI1306,Ubiquiti ETH-SP-G2 Gigabit Ethernet Surge Protector,24.98,,,
CAAKDC8534,"Kodak GOLD 200 Color Negative Film (35mm Roll Film, 36 Exposures)",31.0,,,
HSTSPB4078,Sansai IPH-2201 Lightning Earphone,25.68,23.46,8.64,CLEARANCE
WTHSLK000021,"Spacetalk Loop Kids Smartwatch - Frost - 4G Phone Calling, Talk & SMS - Safe Zones & Location Tracking - No Social Media or Web Browser - IP67 Water Resistance - SOS Alert - Up to 3 Days Battery Life",249.0,229.68,7.76,PBDEAL
MPPKTF0162220,KONTROLFREEK Call of Duty Warzone Performance Thumbsticks for PlayStation 4/5,19.0,18.04,5.05,CLEARANCE
OFSICN8988261,Okin IBPTRIBLUE Ballpoint Retractable Pen Triangular Blue,0.61,0.55,9.84,CLEARANCE
NAPUBI7701,Ubiquiti UniFi U7-PRO-XGS (BE15000) Tri-Band 8-Stream Wi-Fi 7 Access Point with 10GbE x1 (PoE++ 29W),717.75,,,
MPPKTF10163200,KONTROLFREEK 2807-NP FPS Freek Galaxy for Nintendo Switch Pro,17.1,13.93,18.54,CLEARANCE
KEYHDT6384135,HP 9T5B1AA 720 Multi-Device Rchrgbl WL KBD,103.07,88.38,14.25,CLEARANCE
BAPBEL6633067,Belkin BoostCharge 10000mAh 20W 2-Output Power Bank with Cable & Display -Black Input 20W / Output 20W / 20W USB-C,62.44,,,
BAPBEL6633071,Belkin BoostCharge 10000mAh 20W 2-Output Power Bank with Cable & Display -Pink Input 20W / Output 20W / 20W USB-C,63.35,,,
NBGINC6335835,Incase INMB200754-CLR Edge Hardshell MacBook Pro 16in Clear,38.25,25.38,33.65,CLEARANCE
MPPZAG200118670,"ZAGG ZAGG InvisibleShield Glass XTR5, Apple iPhone Pro Max",53.23,,,
POSHON1590,"Honeywell PC42E-D PC42EDB020200 Direct Thermal, Black, 203 dpi, USB, Ethernet, Serial, No Power Cord",317.25,301.39,5.0,CLEARANCE
HSTSHK09401,Shokz OpenFit Pro Premium Open-Ear True Wireless Sports Headphones - White - Open-Ear Noise Reduction - Superior Sound - Premium Metal Design - Secure Fit & All-Day Comfort - Clear Calls with AI Noise Cancelling - IP55 - Dolby Atmos - Up to,443.99,398.99,10.14,PBDEAL
HSTJAB6782106,Jabra Evolve3 85 Foldable Bluetooth Over-Ear AI-Powered ANC Headset - Teams Certified USB-C / 6-Mics Noise Cancellation / 32mm Speakers / Hybrid ANC / Busy Light / Fast Charge / Up to 30m Distance / Up to 25-Hour Talk-Time,806.0,677.0,16.0,SUPREME
EXWKAHP600600,"HP ProOne 600 G6 22"" Business All-in-One PC (A-Grade Refurbished) Intel Core i5-10500 - 8GB RAM - 256GB SSD - Win11 Pro (Upgraded) - 18-Month Warranty - GreenMachine Certified Refurbished",799.0,587.34,26.49,CLEARANCE
HOMNJA0061,"Ninja IntelliSense Kitchen System 4 Appliance in 1 Base 1200w Smart Base, 12 Smart Programs,",398.0,286.99,27.89,PBDEAL
NBKASU6081670,"ASUS TUF A16 FA608UMI NVIDIA RTX 5060 Gaming Laptop 16"" FHD+ 144Hz - AMD Ryzen 7 260 - 16GB RAM - 512GB SSD - Win 11 Home - AX WiFi6E + BT5.4 - USB-C 3.2 (with PD & DP) - HDMI2.1 FRL - 1Y Warranty",2484.0,,,
BAPBAS0011,Baseus PicoGo Ultra Mini 10000mAh 45W 2-Output Laptop Power Bank with Cable & Display -Black Input 30W / Output 45W / 22.5W USB-A / 45W USB-C,89.0,,,
BAPBAS0012,Baseus PicoGo 10000mAh 27W 1-Output MagSafe Wireless Charging Power Bank with Built-in Cable -Titanium Input 20W / Output 27W / 18W USB-C / Qi2 15W Wireless Charging,89.0,,,
HOMTIC0024,"Tineco iFloor U5 Stretch 3-in-1 Cleaning Power Vacuums, mops, and self-cleans 180° Lay Flat Design, 40 Mins Battery Operation, Anti Tangle Design",349.0,,,
NBKLEN8300070,"Lenovo IdeaPad 5 14AGP11 14"" WUXGA Touch 2-in-1 Laptop AMD Ryzen AI 7 445 - 32GB RAM - 1TB SSD - Win 11 Home - 1Y Warranty - Lenovo Pen Gen 2",3130.0,2938.04,6.13,PBDEAL
MOABRA1155,Bracom STB-071 Deluxe Desktop Laptop Height Adjustable Raiser,64.6,58.29,9.77,CLEARANCE
NBGDCT0072,"Dicota Perfect Skin Laptop Sleeve for 14"" Notebook- Black Suitable for Ultrabook Macbook",34.99,31.58,9.75,CLEARANCE
IPHGSM1077,Grandstream GWN7665 (AXE5400) Tri-Band 6-Stream Wi-Fi 6E Access Point with 2.5GbE x1 / 1GbE x1 (PoE+ 22.55W),218.17,195.2,10.53,SUPREME
CABDIG9657A,Digitus DK-1617-070 Cat6 UTP Patch Lead - 7m - Grey,10.97,9.28,15.41,CLEARANCE
EXMONHP2205,"HP LA2206X 22"" FHD LED Monitor (A-Grade Refurbished) OEM STAND - 1920x1080 at 60 Hz - DisplayPort - DVI - VGA - 18-Month Warranty - GreenMachine Certified Refurbished",119.0,113.06,4.99,CLEARANCE
NBGINC6320533,"Incase Flight Nylon Laptop Compact Sleeve - Black for 14"" MacBook Air / MacBook Pro",69.0,46.0,33.33,MEGA
BAPBAS0003,Baseus Qpow3 10000mAh 22.5W 4-Output Power Bank with Dual-Cable & Display -Black Input 18W / Output 22.5W / 22.5W USB-A / 22.5W USB-C / 22.5W Lightning,69.0,,,
CAMINS2104,"Insta360 Ace Pro 2 8K Action Camera Dual Battery Xplorer Bundle ( Dark Grey ) Leica f/2.6 Lens - 90-Minute Runtime - 10M Waterproof - 1/1.3"" 48MP Sensor - Active HDR Capture",719.0,,,
HSTSCD005400,Skullcandy Hesh 540 ANC Wireless Over-Ear Noise Cancelling Headphones - True Black - THX Spatial Audio - Personalised Sound - Clear voice calls - Spotify Tap - Multipoint - Flat-folding design with included travel bag - Up to 65hrs playtime,228.99,218.99,4.37,PBDEAL
CCTRLK122410,Reolink Argus 4 Pro 8MP/5K Dual-Lens 180° Outdoor Wire-Free Battery Camera with Solar Panel 5000mAh Battery / Color NightVision with Spotlight / Dual-Band WiFi 6 / Smart AI Detection,397.0,,,
BAPBAS0013,Baseus PicoGo 10000mAh 27W 1-Output MagSafe Wireless Charging Power Bank with Built-in Cable -Black Input 20W / Output 27W / 18W USB-C / Qi2 15W Wireless Charging,89.0,,,
NBKHNB150838C,"HP 15-fc0838AU 15.6"" FHD Laptop AMD Ryzen 7 7730U - 16GB RAM - 256GB SSD - Win 11 Home - 1Y Warranty",1279.0,,,
EXAPPWKA18100BG,"Apple IMAC18,1 21.5"" (B-Grade Refurbished) Intel Core i5-7360U - 8GB RAM - 251GB SSD - Mac OS - No Keyboard & Mouse - 18-Month Warranty - GreenMachine Certified Refurbished",799.0,759.05,5.0,CLEARANCE
BAPBAS28904,Baseus EnerFill FM11 10000mAh 30W 1-Output Magnetic Wireless Charging Power Bank -Cosmic Black Input 20W / Output 22.5W / 22.5W USB-C / Qi2 15W Wireless Charging,59.0,,,
CABDNX0639,Dynamix PLSSG-C6A-1.5 Cat6A RJ45 Patch Lead - 1.5m - Green S/FTP - Shielded - 10G - 34AWG - Ultra-Slim - Gold Plated - PoE 802.3af,6.8,4.77,29.85,CLEARANCE
CABDNX0636,Dynamix PLSSG-C6A-0.75 Cat6A RJ45 Patch Lead - 75cm - Green S/FTP - Shielded - 10G - 34AWG - Ultra-Slim - Gold Plated - PoE 802.3af,7.82,7.43,4.99,CLEARANCE
CCTALO5911,Arlo XL Rechargeable Battery and Housing for Ultra & Pro (VMA5410-10000S),135.24,87.16,35.55,SUPREME
CABDNX0660,Dynamix PLSSR-C6A-3 Cat6A RJ45 Patch Lead - 3m - Red S/FTP - Shielded - 10G - 34AWG - Ultra-Slim - Gold Plated - PoE 802.3af,8.58,8.14,5.13,CLEARANCE
CABSTT4031907,StarTech.com USBAUB50CMLA USB 2.0 - 480Mbps USB-A to Micro USB Cable - 50cm Left Angle - Micro USB - 24 AWG - M/M,11.17,10.6,5.1,CLEARANCE
CABSTT5505634,StarTech.com R2ACC-50C-USB-CABLE USB 2.0 - 480Mbps USB-A to USB-C Cable - 50cm - Black Coiled - Heavy Duty - Fast Charge - Sync - USB 2.0 - Rugged Aramid Fiber - Durable Male to Male - USB-C,18.68,17.74,5.03,CLEARANCE
CCTRNG3012,RING Solar Panel (USB-C) - White For Stick Up Cam/ Outdoor Camera Plus / Stick Up Cam Pro / Spotlight Cam Plus /Pro,70.0,,,
LAADYM00012,Okin ID99014 Okin Compatible Dymo LW Shipping Labels 54mmx101mm 220 Labels,11.73,9.63,17.9,CLEARANCE
CABDNX0649,Dynamix PLSSGY-C6A-2 Cat6A RJ45 Patch Lead - 2m - Grey S/FTP - Shielded - 10G - 34AWG - Ultra-Slim - Gold Plated - PoE 802.3af,7.33,6.61,9.82,CLEARANCE
HSTSEN508596,"Sennheiser HD 100 - Black- Foldable, durable, lightweight On-Ear Headphones & compact - 2 Year Warranty",69.0,65.55,5.0,CLEARANCE
IPHJAB5700282,Jabra Evolve2 55 Bluetooth On-Ear Active Noise Cancelling Headset with Stand - UC Certified USB-A / 4-Mics Noise Cancellation / Hybrid ANC / Busy Light / Up to 30m Distance / Up to 16-Hour Talk-Time,517.84,450.73,12.96,SUPREME
PTRCRL0024,Creality CR-Scan Ferret Pro 3D Scanner Accuracy 0.1mm - Frame Rate / Scan Speed up to 30fps - Scanning Size 150 - 2000mm - Single Capture Range 560 x 820 mm - Minimum Scanning Size 150 x 150 - Working Distance 150 - 700mm,749.0,711.55,5.0,CLEARANCE
MPPSKA0000040,"skinarma iPhone 16 Pro Max (6.9"") Saido Mag-Charge Case - Clear Apple MagSafe Compatible - Raised 360 Screen Edges & Camera Lens Guard - Includes Interchangeable Corner Bumper Lanyard Loops",34.01,17.0,50.01,CLEARANCE
HOMTIC0001,Tineco GO H2O Sense Wet Dry Vacuum - 2 Years Warranty,348.0,,,
NBGSTM6518433,"STM Kin Laptop Sleeve for Apple 13""-14"" MacBook Air & Pro & Neo - Aqua Blue - Fleece-Lined Interior, 4mm EVA Shock Absorption, Zippered Storage Pocket, Retractable Handle",49.0,38.03,22.39,DAILYSTEAL
NBGSTM6518437,"STM Kin Laptop Sleeve for 15""-16"" MacBook Air & Pro - Black Slate - Fleece-Lined Interior, 4mm EVA Shock Absorption, Zippered Storage Pocket, Retractable Handle",49.0,38.03,22.39,DAILYSTEAL
NBGBSD0001,BIOSLED LOY Customizable LED Display Laptop Backpack Programmable DIY Text / Emojis / Picture & Animation - 64x64 Dot Matrix - Cyclists Scooter Commute - Travel use,89.0,84.55,5.0,CLEARANCE
CCTEZV9115,EZVIZ 5W USB-C Solar Panel - IP65,39.0,37.04,5.03,CLEARANCE
MPHMOT7131333,Motorola edge 70 Fusion 5G Smartphone - Blue Surf,738.0,,,
NBGSTM11143203,"STM Myth 18L Backpack for 14""-16"" MacBook Pro / Air - Micro Chip - Suitable For Business & Travel",105.81,,,
MPPBTS817002,"Beats iPhone 17 (6.3"") MagSafe and Camera Control Case - Lime Stone , Durable double-shot design, Shock-absorbing sidewalls, Strong hardshell back, Matt finish",79.0,52.92,33.01,SUPREME
MPPBTS817201,"Beats iPhone 17 Pro (6.3"") MagSafe and Camera Control Case - Granite Grey , Durable double-shot design, Shock-absorbing sidewalls, Strong hardshell back, Matt finish",79.0,52.92,33.01,SUPREME
MPPBTS817300,"Beats iPhone 17 Pro Max (6.9"") MagSafe and Camera Control Case - Bedrock Blue , Durable double-shot design, Shock-absorbing sidewalls, Strong hardshell back, Matt finish",79.0,52.92,33.01,SUPREME
SPKOBS0360,ORBITSOUND Spaced 360 Bluetooth Speaker Up to 14 Hours Between Charges,230.94,183.08,20.72,CLEARANCE
SPKEDI1288,"Edifier G1500 RGB Desktop PC Gaming Speakers with Bluetooth 5.3 - Black USB-A + 3.5mm AUX + Bluetooth inputs - Game / Music / Movie EQs - 2.5"" full-range drivers - RGB LED light effects",78.99,75.05,4.99,CLEARANCE
HSTGEN0602,Genius HS-02B Lightweight Headset with Microphone,13.05,10.02,23.22,CLEARANCE
CAMNGR1000,Arlo Outdoor Mount (VMA1000-10000S),21.56,,,
ADPSTT690118,StarTech.com USBMBADAPT2 2 Port USB Motherboard Header Adapter,24.17,12.58,47.95,CLEARANCE
HOMSPB1466,Sansai MIR-103 LED Magnifying Glass 11x8 cm White,12.14,10.8,11.04,CLEARANCE
INKCNN720441,Compatible Ink Cartridge Replacement for Canon CLI-651XLM - Magenta High Capacity,13.36,10.88,18.56,CLEARANCE
MPPSKA0000041,"skinarma iPhone 16 Pro Max (6.9"") Saido Mag-Charge Case - Black Apple MagSafe Compatible - Raised 360 Screen Edges & Camera Lens Guard - Includes Interchangeable Corner Bumper Lanyard Loops",34.01,17.0,50.01,CLEARANCE
CABUNI0486,Unitek C18149AGY03-5M Cat8 RJ45 Patch Cable - 5m - Black SSTP - 26AWG - Up to 40 Gigabit Ethernet - 2000MHz - Gold-Plated Shielded RJ45 Connectors - RoHS Compliant - PoE Compatible,21.68,18.14,16.33,CLEARANCE
SPKEDI000601,"Edifier ES60 34W Rugged Portable Bluetooth Speaker - White - IP66 water & dust resistant - Crisp, full-range sound with bass radiators - Bluetooth 5.4 + USB-C Wired input - Built-in speakerphone - Ambient LED lighting - Up to 9hrs playtime",118.0,,,
SPKJBL6605065,"JBL Bar 1300 MK2 Flagship 11.1.4 Channel Soundbar with Detachable Surround Speakers & Wireless Subwoofer - True Dolby Atmos & DTS:X - HDMI eARC - HDMI input with Dolby Vision HDR Passthrough - Room Correction - Apple AirPlay, Spotify Connec",1886.99,,,
NBGRVC7856B,Rivacase Eden 20L Urban Backpack - Black,119.0,85.0,28.57,MEGA
HSTAPP6331751,Apple AirPods Max 2 Wireless Over-Ear Noise Cancelling Headphones - Blue,1143.99,998.99,12.67,PBDEAL
HSTAPP6331752,Apple AirPods Max 2 Wireless Over-Ear Noise Cancelling Headphones - Starlight,1143.99,998.99,12.67,PBDEAL
JOYLOG6789013,Logitech G RS H-Shifter 7+R SPEED H PATTERN SHIFTER,262.99,,,
CCTEZV1224132,EZVIZ BC1c AOV 8MP/4K Outdoor Wire-Free Battery Camera with Solar - 3 Pack 10400 mAh Battery Life / Customizable Voice Notification,659.0,536.75,18.55,CLEARANCE
HSTJBL6686366BD,JBL Tune 680NC Wireless On-Ear Noise Cancelling Headphones - White - BOX DAMAGED - FULL WARRANTY APPLIES,125.0,118.75,5.0,CLEARANCE
TAAMST81153,Microsoft Surface Slim Pen 2 Tips (Only Work with the New Surface Slim Pen 2 Only),25.0,,,
GAMDBE3531,DOBE PlayStation PS5 / PS5 Pro / PS5 Slim Dual Headset Hanger -  White,4.99,0.87,82.57,CLEARANCE
CABSTT1861262,StarTech.com MU6MMS 3.5mm Stereo Audio Cable - 1.8m (6ft) Slim - Male to Male,6.53,5.92,9.34,CLEARANCE
AUDSDG2203,S-DIGITAL SEM2203 Universal wireless microphone  2PK 15m wireless range and a universal 6.3mm receiver &  USB Type-C charging port,67.99,59.21,12.91,CLEARANCE
BAPBTT1010,Bluetti B80P 806WH Omni-Bank Power Bank Expansion Standalone Use or with Bluetti AC Series Power Stations Capacity 806WH - 1x USB-C 100W - 1 USB A Port - 200W Solar Input,659.0,505.7,23.26,CLEARANCE
CAMCNP00601,Canon EOS R6 Mark II Mirrorless Camera with 24-105mm f/4L Lens Kit 24.2MP Full-Frame CMOS Sensor - 4K60 10-Bit Internal Video - C-Log 3 - Sensor-Shift 5-Axis Image Stabilization - 40fps E. Shutter - 12fps Mech. Shutter - External 6K ProRes,5157.0,,,
HSTMOK854009071,Moki Lil Kids ACC-HPLIL Wired Headphones - Blue Volume Limited - Safe - Durable - Ready for Learning - 3.5mm Jack,17.61,16.69,5.22,CLEARANCE
JAC1001,Jackson AV1115 USB-A to Lightning Cable - 1.5m MFi Certified - Braided - Charge & Sync iPhone / iPad or iPod - Braided Cable to Provide Extra Durability,26.97,23.79,11.79,CLEARANCE
MPPCSM5305504,Pelican PP046378 Mount AirTag Black,20.98,,,
ADPSTT690289,StarTech.com DVI2VGAE DVI-D to VGA Active Adapter Converter,65.73,63.11,3.99,CLEARANCE
IPHMHB1301,Maxhub WT13 USB-C/A Wireless Screen Sharing Dongle,329.0,287.78,12.53,PBDEAL
MPP3SI10164858,3SIXT Galaxy A53 5G PureFlex Case,16.51,13.46,18.47,CLEARANCE
MPPOMP9999,OMP Protector Black M9999K Galaxy S23+ Premium Full Coverage Tempered Glass Screen,20.83,19.78,5.04,CLEARANCE
MSEGEN1712,Genius NX-7000 Wireless Mouse - Red,14.97,13.72,8.35,CLEARANCE
POSSAT1006,SATO WS4 WS412DT 4-inch Desktop Label Printer 305dpi Direct Thermal USB + LAN Ethernet,454.18,442.57,2.56,CLEARANCE
RACDIG0733,"Digitus DN-19 12-U-EC 12U 19"" Wall Mount Server Cabinet 600(w)x450(d)x638(h)",241.99,,,
WRIPLT20334,Pilot PENS BL-FRP4-V Frixion Point Erasable Ultra Fine Violet,4.8,3.25,32.29,CLEARANCE
HSASAM01816,Samsung Galaxy Buds3 Clear Case - Compatible with Galaxy Buds3 & Galaxy Buds3 Pro,25.0,9.0,64.0,SUPER
HSTAKG05001,AKG N5 Hybrid Premium True Wireless Noise Cancelling In-Ear Headphones - White Integrated 2.4GHz USB-C Dongle + Bluetooth - Hi-Res AKG Sound - Zoom Certified Perfect Calls - Up to 10hrs Playtime / 30hrs with Charging Case,228.0,195.48,14.26,CLEARANCE
UNI11535,"Unitek 10Gbps USB-A to USB-C Adapter. Supports Data Sync & 3A Fast Charging, Plug &Play,Alloycasing,Built-in over heat Protection. Black",14.34,13.63,4.95,CLEARANCE
MPPCPC0160746,Capcom RESIDENT EVIL VILLAGE XBOX SERIES X,39.0,31.76,18.56,CLEARANCE
MPPKTF0157413,"KONTROLFREEK Performance Grip Strips For Triggers, Keyboards, Mice and More",19.0,14.7,22.63,CLEARANCE
SPKHMK5961809,Harman Kardon Luna 40W Wireless Portable Bluetooth Speaker - Black - IP67 water & dust resistant - 2-way speaker system with superior Harman/Kardon sound - Premium design & materials - Up to 12 hours playtime,202.0,191.9,5.0,CLEARANCE
CCTSWN8801,Swann AdvancedX 4K 8-Channel 1-Bay NVR Security System with 1TB HDD & 8 x 4K Turret PoE Cameras,1121.46,,,
GAMTTM4112905,Thrustmaster T598-P Direct Drive Racing Wheel for PC/PS4/PS5,998.98,977.89,2.11,CLEARANCE
AUDWIM00011,"WiiM Amp Ultra 200W 2.1 Channel Multiroom Streaming Amplifier with premium ESS SABRE DAC - Space Grey Room Correction - Subwoofer Out with Bass Management - WiFi 6 + Ethernet + Optical + HDMI ARC + Bluetooth inputs - 3.5"" Touchscreen - Spot",1249.0,1218.99,2.4,PBDEAL
NBKASU36070130,"ASUS Vivobook 16 V3607VH NVIDIA RTX 5050 Gaming Laptop 16"" WUXGA 144Hz - Intel Core 7 240H - 16GB RAM - 1TB SSD - Win 11 Home - AX WiFi6 + BT5.3 - Webcam - USB-C (with PD & DP) - HDMI2.1 FRL",2190.0,,,
NETUBI06121,"Ubiquiti UACC-Keystone-Coupler-C6 Cat6 Keystone Coupler, 12-Pack",73.75,,,
BAPBEL6633065,Belkin BoostCharge 20000mAh 20W 3-Output Power Bank with Cable & Display -Sand Input 20W / Output 20W / 12W,78.41,,,
BAPBEL6633070,Belkin BoostCharge 20000mAh 20W 3-Output Power Bank with Cable & Display -Blue Input 20W / Output 20W / 12W USB-A / 20W USB-C,78.41,,,
HEAPLR920115931,Polar Loop GEN2 Screen-Free Wearable Health Band & Fitness Tracker - Night Black,339.0,322.05,5.0,CLEARANCE
WSHSAM96005,Samsung DV90DGC4A0AE Heat Pump Smart Dryer - 9kg - White,1388.0,,,
AUDPAU0013,"Plaud AI Voice Recorder Plaud NOTE - Starlight ChatGPT Empowered AI Voice Recorder Black Magnetic Case (Included), Support AI Noise Canceling, Phone Call Recording, Up to 30-Hour Recording, Compatible with MagSafe",271.0,,,
CAMGPO04175,GoPro Max 2 360 Action Camera Accessories Bundle 360 Video: 6K Source / 5.6K Stitched - 3K Source / Stitched - HERO Video: 1440p / 1080p,798.0,,,
NBKLEN1440I,"Lenovo V14 G4 IRU 14"" FHD Intel Core i7-13620H - 8GB RAM - 256GB SSD - Win 11 Home - AX WiFi 6 + BT5.2 - Webcam - USB-C (with PD & DP1.2) - HDMI1.4b - RJ45",884.99,,,
WTHWTH00024,Withings Scanwatch 2 Hybrid Smartwatch 42mm - Black Up to 35 Days Battery Life - 5ATM Water Resistance - 24/7 Advanced Health Tracking with TempTech24/7 Module - Sleep Tracking - ECG - Activity Tracking and Workout Modes,669.0,535.2,20.0,WITHINGS
MICUGR35629,UGREEN UG-35629 Desktop USB Microphone,85.56,81.28,5.0,CLEARANCE
HOMDYS492715,"Dyson HushJet Purifier Compact Purifies rooms up to 100m^2, purify up to 70 litres of air every second, Intelligent particle sensing detects PM2.5 particles",599.0,597.0,0.33,PBDEAL
TABMST111199011,"Microsoft Surface Laptop 7th Edition Copilot+ PC - Black Snapdragon X Plus  - 16GB RAM - 1TB SSD -- 13"" PixelSense Flow LCD Display - Win 11 Home",2399.0,,,
PETUBP0001,"UB Pet C31 Self-Cleaning Cat Litter Box Spacious Design, Cat-Safe Sensors, Non-Stick & Easy Clean",494.99,408.5,17.47,DAILYSTEAL
WTHAMF00330,"Amazfit Active Max Smart Watch - Black - 1.5"" AMOLED Display - Up to 25 Days Battery Life - Built-in GPS with Free Downloadable Maps - 170+ Workout Modes - 4GB Internal Storage",428.0,359.38,16.03,PBDEAL
KEYLOG6789015,Logitech G512 X 98 Palm Rest Acrylic Wrist Rest - Amplifies LIGHTSYNC RGB,88.99,,,
GAMSNY2013,Assassin's Creed Black Flag Resynced - PS5,99.0,,,
NBGTAR4792189,"Targus Cypress EcoSmart Sleeve for 15.6"" Laptop - Grey Foam Laptop Protection - Slim & Lightweight",51.75,42.15,18.55,CLEARANCE
HOMDLH0010,Delonghi La Specialista Arte Manual Espresso Machine - Metal Black Stylish / Compact / User-Friendly Coffee Machine - To Begin the At-Home Coffee Experience,697.99,567.0,18.77,PBDEAL
BAGWFT8003,WeiFeng Fancier Bee 30 FB-8003 Camera Bag,39.0,22.18,43.13,CLEARANCE
FILOSC37055499,Okin CB06161BK Storage Clipboard - Large - Black,20.94,19.9,4.97,CLEARANCE
NETUBI1029,"Ubiquiti NanoStation NSM2 Outdoor airMAX CPE 2.4GHz, 150+ Mbps, 13+ km, 2 x 10/100 Ethernet Ports AP/Bridge",206.88,,,
CABDIG9247,Digitus DK-1617-002/G Cat6 UTP Patch Lead - 20cm - Green,2.98,,,
ITPCAH006,Dynamix C-MDDC-0 VESA DDC VGA Extension Cable - 50cm HDDB15 M/F - Coaxial Shielded - Molded,2.3,2.22,3.48,CLEARANCE
MPPTOR00000112,"Torras iPhone 16 Pro (6.3"") Pstand Case - Clear MagSafe Compatible - Built-in Versatile Seamless Stand",64.0,38.39,40.02,CLEARANCE
CAMINS1208,"Insta360 Ace Pro 2 8K Action Camera Dual Battery Bundle Leica f/2.6 Lens - 90-Minute Runtime - 10M Waterproof - 1/1.3"" 48MP Sensor - Active HDR Capture",619.0,,,
NBGINC10171478,"Incase Flight Nylon Laptop Compact Sleeve - Black Designed for 15""-16"" MacBook Pro",69.0,46.0,33.33,MEGA
BAPBAS0002,Baseus Qpow3 10000mAh 22.5W 4-Output Power Bank with Dual-Cable & Display -Blue Input 18W / Output 22.5W / 22.5W USB-A / 22.5W USB-C / 22.5W Lightning,69.0,,,
CARTRS0020,Transcend DrivePro 20 Dash Cam For MotorCycle / Bike & Scooter Full HD - IP68 - WiFi Streaming - 64GB MicroSD Card,123.05,89.0,27.67,DAILYSTEAL
BAPBAS30400,Baseus EnerFill FC11 10000mAh 22.5W 2-Output Power Bank with Cable & Display -Black Input 30W / Output 45W / 22.5W USB-A / 45W USB-C,49.0,,,
CABSTT690287,StarTech.com MDP2DVIMM3B 1920x1200 - Passive Mini DisplayPort to DVI Cable - 90cm (3ft) - Black Mini DP to DVI Adapter Cable / 1080p Video / Passive mDP 1.2 to DVI-D Single Link / mDP or Thunderbolt 1/2 Mac / PC to DVI Monitor - Male to Mal,32.65,22.03,32.53,CLEARANCE
CABSTT2561437,StarTech.com USB2AAEXT10M USB 2.0 - 480Mbps USB Extension Cable - 10m Active - M/F,124.04,75.2,39.37,CLEARANCE
CABSTT3310237,StarTech.com DP2HDMM3MB 4K 30Hz DisplayPort to HDMI Cable - 3m (10ft) - Black DP 1.2 to HDMI - Passive - Latching DP Connector - Monitor Cable Converter,51.7,35.57,31.2,CLEARANCE
IPHJAB4820959,Jabra Evolve2 85 Bluetooth Over-Ear Active Noise Cancelling Headset with Charging Stand - Teams Certified USB-A / 10-Mics Noise Cancellation / 40mm Speakers / Hybrid ANC / Retractable Mic / Busy Light / Fast Charge / Up to 30m Distance / Up,834.04,639.17,23.36,BUSTER
MPPPHX2005,PHILEX PHM-4040 USB Microphone With Stand,70.18,67.52,3.79,CLEARANCE
HOMNJA0030,Ninja Woodfire 1760w Outdoor Oven For Pizza / Max Roast / Gourment Roast - Top Heat - Bake - Smoker - Dehydrate - Keep Warm,899.0,589.0,34.48,PBDEAL
MPPSKA0000029,"skinarma iPhone 16 Pro Max (6.9"") Saido Mag-Charge Case (NITEGLOW EDITION) - Lime Green Apple MagSafe Compatible - Glow-In-The-Dark Mag-Charge Ring - Raised 360 Screen Edges & Camera Lens Guard - Includes Interchangeable Corner Bumper Lanya",34.01,17.0,50.01,CLEARANCE
SPKEDI170002B,"Edifier R1700BTs Powered Bookshelf Speakers with T5 8"" Powered Subwoofer 135W 2.1 Bundle - AptX HD Bluetooth + 2x RCA Inputs - Wireless Remote Included",447.98,364.93,18.54,30YEARSOFSOUND
HSABWV000650,Brainwavz Sennheiser HD 600/HD 650 Premium Replacement Earpads for Headphones - Black - replacement earpads for Sennheiser HD 600/HD 650/HD 660S & HD 6XX Headphones - Soft velour,46.0,30.52,33.65,CLEARANCE
HSTBAS26075,Baseus Bowie M2s True Wireless Noise Cancelling Earbuds - Black - Baseus Spatial Audio - Baseus App for iPhone & Android - Up to 7hrs battery life/30hrs with charging case - 2 Year Warranty,95.0,85.74,9.75,CLEARANCE
NBGSTM6518436,"STM Kin Laptop Sleeve for Apple 13""-14"" MacBook Air & Pro & Neo - Rose Petal - Fleece-Lined Interior, 4mm EVA Shock Absorption, Zippered Storage Pocket, Retractable Handle",49.0,38.0,22.45,DAILYSTEAL
HSTGEN0733,Genius HS-GX570 USB Wired Gaming Headset,41.28,,,
SPKEDI027801,"Edifier R2750DB MKII 7"" 3-Way 140W Quad-Amped Bookshelf Speakers with Bluetooth & HDMI eARC - Walnut - 7"" Bass Drivers + 4.5"" Midrange + 1"" Silk Dome Tweeters - 45Hz-40kHz - Hi-Res Audio Certified - HDMI eARC + Optical + Coax + RCA + LDAC B",371.0,,,
TAALEN11601,NICE Folio case for Tab P11 (1st Gen J-606F  )  - Black,39.0,12.62,67.64,CLEARANCE
NBAHNB3728823,HP 1JR31AA Premium Wireless Mouse - Black 1600 DPI High - Perfomance & Hyper - Fast Scrolling Soft - Touch fits Left/Right Hand Fingerprint Resistant,88.27,69.49,21.28,CLEARANCE
MPPOMP9952,OMP Premium M9952 Screen Protector for iPad 10.2 2020 Tempered Glass,33.44,26.06,22.07,CLEARANCE
NBGSTM21411010,"STM Street Ridge Laptop Tablet Sleeve for 11"" Chromebook / iPad Air 10.2"" 10.9"" 11"" - Desert Brown",29.0,26.17,9.76,CLEARANCE
MPPGEN0807,Xiaomi Redmi Note 14 Pro 5G/Redmi Note 14 Pro+ (2025) Rugged Kickstand Case - Black,23.32,19.0,18.52,CLEARANCE
PETENA0001,"Enabot SE Wireless Camera Robot designed for pets, families A 1080p mobile pet/home security cam with obstacle avoidance, auto-recharge, two-way talk, and night vision",199.0,180.48,9.31,DAILYSTEAL
WTHAMF00002,"Amazfit T-Rex 3 Rugged Smart Watch - Lava 1.5"" AMOLED Display - Over 3 Weeks Battery Life - Built-in Dual-Band GPS - 10 ATM Water Resistance - Health Monitoring and Sleep Tracking - 170+ Sports Modes",598.0,460.89,22.93,PBDEAL
CCTRNG3201,RING Chime Plus,80.64,,,
TAAZAG10167433,"ZAGG Messenger Folio 2 Keyboard Case for iPad 11"" A16  &  10th Gen 10.9"" (2022) Pencil sold separately.",89.0,,,
NBGDCT0075,"Dicota Top Traveller BASE Laptop Toploader Carry Bag for 13""-14"" Notebook - Black With Shoulder Strap - Suitable for Business Travel Use",79.0,75.05,5.0,CLEARANCE
CCTALO5901,Arlo Ultra Magnetic Wall Mounts (VMA5000-10000S),73.99,53.69,27.44,SUPREME
CABDNX1113,"Dynamix C-USBCDP4K60 USB-C to Displayport Adapter, 4K60Hz",21.59,20.31,5.93,CLEARANCE
HEABAN0002,Braun CCR2 Clean & Charge Refills - 2 Pack for Brauns Patented Clean & Charge System Base,23.0,,,
HOMSPB0307,Sansai GXH032 Student Desk Lamp Black Requires E27 light globe,19.49,,,
MEMYBC9246,Yubico YubiKey 5C Nano - USB-C Multi-Protocol - v5.7 - 5060408461518,197.14,169.03,14.26,CLEARANCE
NBGMSI23808,"MSI Titan Gaming Backpack for 15.6""-17.3"" Laptops - Black Fits GE and GT series Laptop and is Made from Durable Water Resistant Polyester Fabrics",98.99,69.0,30.3,MEGA
TAANCE127011,NICE Slim Light Folio Cover - ( Black)  Case for Lenovo  P12    ( TB 370   ),29.0,12.91,55.48,CLEARANCE
CHSDNX1129,"Dynamix RABPTL-1RU 1RU clip on tool-less 19"" Blanking Panel",11.66,10.41,10.72,CLEARANCE
HSTLEN25030,Lenovo 4XD0K25030 Essential Stereo Analog Headset,37.12,,,
MPPSKA0000031,"skinarma iPhone 16 Pro (6.3"") Saido Mag-Charge Case - Black Apple MagSafe Compatible - Raised 360 Screen Edges & Camera Lens Guard - Includes Interchangeable Corner Bumper Lanyard Loops",34.01,17.0,50.01,CLEARANCE
HOMEFY8521,Eufy Security C34 Deadbolt Smart Lock Bulit-in Wi-Fi / Weatherproof / Up to 8 Months Battery Life with 8 x AA Batteries,271.0,,,
GAMNTD2210,Nintendo Switch 2 Camera,88.98,53.04,40.39,CLEARANCE
TAAMST1211021,Microsoft Surface Pro 12-inch (1st Edition) Keyboard  with Slim Pen - ( Slate  ) for Surface Pro 12-Inch Only,399.0,,,
TAAMST1211023,Microsoft Surface Pro 12-inch (1st Edition) Keyboard with Slim Pen - ( Ocean  ) for Surface Pro 12-Inch Only,399.0,,,
MPPMAR10158784,My Arcade DGUNL-3222 Retro Galaga Micro Player,49.0,39.92,18.53,CLEARANCE
HSTJBL6507044,JBL SoundGear Sense Lite True Wireless Open-Ear Headphones - Black JBL OpenSound with Adaptive Bass Boost - Secure & comfortable earhook design - IP54 sweat & water resistant - 4-mic clear calls - Up to 8hrs playtime/32hrs with charging cas,137.99,136.99,0.72,PBDEAL
HOMTIC0011,"Tineco Carpet One Cuiser Vacuum Effortless pushing and pulling, 130w 75°C Power Dry Technology - 55°C Heated Air - Perfect for Cleanning Carpets, Area rugs and Upholstery - 5 Years Warranty",899.0,,,
MPPBTS817323,"Beats iPhone 17 Pro Max (6.9"") Rugged Case with MagSafe and Camera Control - Sierra Orange Extra-durable triple-shot design - Shock-absorbing sidewalls and corners - Textured matt exterior for no-slip grip - Remarkably strong polymer back",139.0,93.12,33.01,SUPREME
HSTBTS9121920,Beats Solo 4 Wireless On-Ear Headphones - Slate Blue Spatial Audio with Dynamic Head Tracking - Lossless Audio via USB-C or 3.5mm - Compatible with iPhone & Android - Up to 50 hours of battery life,342.0,274.0,19.88,PBDEAL
HOMTIC0016,Tineco Floor One S9 Artist Steam LED Headlight - Crystal IMD Layer - 3D Dynamix Display - 140 Hyper Steam Technology - Triple Sided Edge Cleanning - Upgraded Flash Dry - Self Cleanning,1199.0,,,
NBKMSI143008,"MSI Prestige 14 Flip AI+ D3MTG-008NZ 14"" FHD+ OLED Touch Intel Core Ultra 9 386H - 32GB RAM - 1TB SSD - Win 11 Pro - 1Y Warranty - BE WiFi 7 + BT 6",3898.99,3778.0,3.1,PBDEAL
EXNBKDEL55105,"Dell Latitude 5510 15.6"" FHD Laptop (A-Grade Refurbished) Intel Core i5-10210U - 8GB RAM - 256GB SSD - Windows 11 Home - 18-Month Warranty - GreenMachine Certified Refurbished",729.0,692.54,5.0,CLEARANCE
HSTSHK08201RA,Shokz Refurbished OpenRun Pro 2 Wireless Open-Ear Bone Conduction Sports Headphones - Orange - Grade A,269.0,255.54,5.0,CLEARANCE
HSTSHK09101RA,Shokz Refurbished OpenFit Open-Ear True Wireless Headphones - Beige - Grade A,199.0,189.05,5.0,CLEARANCE
SPKJBL6330030BD,"JBL Cinema SB580 3.1 Channel Soundbar with 6.5"" Wireless Subwoofer Virtual Dolby Atmos - HDMI eARC + 1x HDMI input + Optical + Bluetooth Connectivity - Wall mount bracket & wireless remote included",452.0,407.93,9.75,CLEARANCE
SPKJBL6494047BD,JBL Charge 6 45W Portable Bluetooth Speaker with Built-in Powerbank - Black - Rugged & durable - Multi-speaker connection with Auracast - USB-C lossless wired audio - Up to 28 hours of playtime with fast charging,249.0,224.72,9.75,CLEARANCE
HSTJBL6671225BD,JBL Tune 530C USB-C Wired On-Ear Headphones - Blue - BOX DAMAGED - FULL WARRANTY APPLIES,69.0,62.27,9.75,CLEARANCE
SPKJBL6508065BD,JBL Horizon 3 Bluetooth Alarm Clock Radio Speaker - Black - Powerful JBL Pro Sound - FM Radio + Bluetooth music streaming - Sunrise effect alarm - Customisable sleep mode - Ambient light - USB-C charging port - JBL One App for iPhone & Andr,198.0,178.69,9.75,CLEARANCE
HSTSHK09311,Shokz OpenDots 2 Premium Open-Ear True Wireless Clip-On Sports Earbuds - Grey - Excellent Sound with Dolby Audio + Bassphere 2.0 - Secure Fit & Lightweight Comfort - 3-Mic Clear Calls - IP57 - Bluetooth 6.1 - Up to 10hrs Playtime/40hrs with,389.0,378.99,2.57,PBDEAL
HSTSHK09312,Shokz OpenDots 2 Premium Open-Ear True Wireless Clip-On Sports Earbuds - Pearl White - Excellent Sound with Dolby Audio + Bassphere 2.0 - Secure Fit & Lightweight Comfort - 3-Mic Clear Calls - IP57 - Bluetooth 6.1 - Up to 10hrs Playtime/40h,389.0,378.99,2.57,PBDEAL
NBASTM5917265,"STM Studio Case for 15"" MacBook Air with M5/M4/M3/M2 - (  Dark Smoke )",78.0,62.19,20.27,DAILYSTEAL
CABDIG1882,Digitus DK-1644-A-010 Cat6A S-FTP Patch Lead - 1m - Grey,3.98,,,
HSTMOK854005516,Moki 45 Degree Comfort Buds Wired In-Ear Headphones - Pink,6.96,6.14,11.78,CLEARANCE
CABDIG9300,Digitus DK-1644-A-0025/G Cat6A S-FTP Patch Lead - 25cm - Green,3.98,,,
CABSPB4109,Sansai HDM-1033 3M HDMI AV Cable,13.0,10.14,22.0,CLEARANCE
CABSTT690282,StarTech.com MU1MMMSWH 3.5mm Stereo Audio Cable - 1m - White Slim - Male to Male,4.81,4.62,3.95,CLEARANCE
INKCNN720561,Compatible Ink Cartridge Replacement for Canon CLI-651XLC - Cyan High Capacity,13.36,10.88,18.56,CLEARANCE
NBAALG5344177,Alogic DTS-SGR EDGE DESKTOP TABLET FOLDABLE STAND-GREY,62.53,52.24,16.46,CLEARANCE
NETTTK1020,Teltonika TSW202 Managed Industrial EthernetPoE+ Switch(240W) GbE x 8 / PoE+ x 8 / SFP x 2,369.36,285.98,22.57,SUPREME
PTRCNP004665,Canon TR4665 ADF Inkjet Multifunction Printer Print / Scan / Copy / Fax - A Great Compact Printer for Home User,113.0,107.35,5.0,CLEARANCE
SEVOEM1565,"14.0"" 40Pin 1920x1080 LCD Matte Touch Panel FHD (Slim) (Without Screw Holes), Compatible Model: R140NWF5 RC, B140HAK03.2, B140HAN05.7, LPM140M420, N140HCA-EA1 Rev.C1",99.0,76.3,22.93,CLEARANCE
WRIPLT20238,Pilot Pop Lol Gel Pen 0.7 Pastel Green (BL-PL-7-PG),1.83,1.13,38.25,CLEARANCE
WRIPLT257043,Pilot Hi-Tecpoint V7RT Rollerball Fine Blue (BXRT-V7-L) -- Buy 12 units to receive them in a box,5.59,5.28,5.55,CLEARANCE
BULPHS817004,Philips HUE817004 Hue Solo Lightstrip - 5m,196.35,147.68,24.79,CLEARANCE
IPHGSM1082,Grandstream GWN7660ELR (AX3000) Dual-Band 4-Stream Outdoor Wi-Fi 6 Access Point with 2.5GbE x1 / 1GbE x1 (PoE+ 13W),199.89,178.86,10.52,SUPREME
WTHSLK000020,"Spacetalk Loop Kids Smartwatch - Dusk - 4G Phone Calling, Talk & SMS - Safe Zones & Location Tracking - No Social Media or Web Browser - IP67 Water Resistance - SOS Alert - Up to 3 Days Battery Life",249.0,230.67,7.36,PBDEAL
MPPGEN0744,"iPhone 16 Pro (6.3"") Rugged Case - Black Tough - Dual Layer Protection",23.32,11.65,50.04,CLEARANCE
MOASTT6412504,StarTech.com 161LM-PRIVACY-SCREEN Magnetic Privacy Screen For 16IN Laptop,133.23,108.38,18.65,CLEARANCE
CABBEL6362450,Belkin BoostCharge Pro 2-in-1 Cable with USB-C & Lightning Connector - Black,34.73,,,
MPPBPS10172726,Boompods TTSAOB Tracker Lock - Blue Easily track your bag with the Apple Find My app. Waterproof (IPX5) and TSA-approved,41.11,31.95,22.28,CLEARANCE
SPKEDI003001,"Edifier ES300 60W Tabletop AirPlay + Bluetooth Wireless Speaker - White Hi-Res Audio via WiFi, Bluetooth 5.3, USB & AUX inputs - Apple AirPlay 2 - Dual 1.25"" silk dome tweeters + 4"" long-throw mid-low driver - Ambient lighting - Up to 12hrs",238.0,,,
MPPKTF0163202,KONTROLFREEK FPS Freek Inferno Performance Thumbsticks for Xbox One & Series X/S,19.0,18.04,5.05,CLEARANCE
MPPKTF0163208,KONTROLFREEK FPS Freek Battle Royale Performance Thumbsticks for Xbox One & Series X/S,16.25,13.24,18.52,CLEARANCE
BAPBEL6495372,Belkin BoostCharge 20000mAh 30W 3-Output Power Bank with Cable -Black Input 20W / Output 30W / 12W USB-A / 30W USB-C,86.33,,,
BATPAD1418,PAIRDEER PDR/9V/AKL PAIRDEER 9V Alkaline Battery BP1,5.16,3.0,41.86,CLEARANCE
EXMONHP24045,"HP EliteDisplay E24 G4 24"" IPS FHD Monitor (A-Grade Refurbished) OEM STAND - DisplayPort - HDMI & VGA - 18-Month Warranty - GreenMachine Certified Refurbished",179.0,170.05,5.0,CLEARANCE
HEAORB1031,Oral-B iO Series 10 Electric Toothbrush with 2 Brush Heads - Cosmic Black Display Screen Helps Motivate you and Enables you to Customize your Brushing Experience,598.0,,,
MPPSKA0000057,"skinarma iPhone Air (6.5"") 2025 Saido Mag-Charge Case - Clear , Compatible with Magnetic Charging- 360  Full Protection- 2H Scratch Resistance- Accessories Pack Includes Extra Set of Transparent Button & Frost Red Lanyard Loops",34.01,17.0,50.01,CLEARANCE
EXMONHP02400,"HP E24U G4 24"" FHD Monitor (A-Grade Refurbished) OEM STAND - DisplayPort - HDMI - USB-C - - 18-Month Warranty - GreenMachine Certified Refurbished",179.0,153.47,14.26,CLEARANCE
JOY8BDBM4441,8Bitdo Wireless 2.4G XBOX Arcade Stick - Black 2.4G Xbox Series XS / Xbox One / Windows,236.0,,,
WTHWTH00020,Withings Scanwatch 2 Hybrid Smartwatch 38mm - Black Up to 35 Days Battery Life - 5ATM Water Resistance - 24/7 Advanced Health Tracking with TempTech24/7 Module - Sleep Tracking - ECG - Activity Tracking and Workout Modes,669.0,535.2,20.0,WITHINGS
GAMMZA70810,MOZA RS080 R9 V3 DIRECT DRIVE WHEEL BASE,747.11,742.76,0.58,CLEARANCE
SPKEDI01883B,"Edifier S880DB MKII 3.75"" 2-Way Bookshelf Speakers + T5s Subwoofer 158W 2.1 Bundle - Walnut With USB-C + Optical + Coax + 2x RCA + Bluetooth inputs",608.0,517.5,14.88,30YEARSOFSOUND
PETUBP0002,UB Pet Cat Litter Guard for C31,55.0,44.76,18.62,DAILYSTEAL
HOMTIC0018,"Tineco PURE ONE P30 Pro Cordless Vacuum 200AW Suction Power Up to 65 Mins Ultra-Long Runtime, 180° Foldable Vacuum Tube, ZeroTangle Brush with Clogless System",499.0,,,
HOMTIC0019,"Tineco FLOOR ONE S7 Stretch Steam 140°C HyperSteam Technology, 180° Lay-Flat Design, FlashDry Self-cleaning System, Up to 80* min runtime",899.0,,,
KEYDEL6815624,Dell 580-BDMS  PRO 5 KEYBOARD MOUSE KM526 - ASH,66.61,57.11,14.26,CLEARANCE
MPPKTM10172482,KOEI TECMO FAIRY TAIL 2 - PS5,37.71,29.18,22.62,CLEARANCE
PTRCRI0005,Cricut EasyPress Mini Machine- Zen Blue,116.82,,,
SPKJBL6779640,"JBL PartyBox 130 200W Wireless Portable Party Speaker - Black Dual 5.25"" woofers + Dual 1"" tweeters - AI Sound Boost - Smart EQ - Auracast - Next-gen RGB Lightshow - Foldable handle - IPX4 - Mic + Guitar input - Up to 15hrs Playtime",459.0,,,
CAAGPO1012,GoPro Enduro 2 Rechargeable Li-Ion Battery for MISSION 1 Series & HERO13 Black,68.0,,,
ADPSTT1616794,StarTech.com USBEXTAA3BK USB 2.0 - 480Mbps USB Extension Cable - 1m - Black A to A - M/F,7.35,7.02,4.49,CLEARANCE
MVRKWD0034,Kiwi Design for META Oculus Quest 2 / 3 / 3S / Pro Magnetic Charging VR Stand - Black Compatible with Quest 2 / Quest 3 / Quest Pro,99.0,94.06,4.99,CLEARANCE
ADPSTT690346,StarTech.com USBPLATE4 4 Port USB A Female Slot Plate Adapter,20.85,17.8,14.63,CLEARANCE
CABDIG9643B,Digitus DK-1617-030/B Cat6 UTP Patch Lead - 3m - Blue,6.44,4.55,29.35,CLEARANCE
CABSTT3970058,StarTech.com USB31CC50CM USB 3.1 Gen 2 - 10Gbps USB-C Cable - 50cm M/M,34.78,29.08,16.39,CLEARANCE
CABSTT5659477,StarTech.com NLBK-50C-CAT6A-PATCH Cat6a - 10GbE - LSZH Ethernet Cable - 50cm - Black LSZH - Male to Male,16.72,14.49,13.34,CLEARANCE
MOAFEL235001,"Fellowes 9169401 Premium Monitor Riser GRAPHITE, High impact plastic base supports up to 36kg - Raises monitor to most comfortable viewing height - Attractive graphite colour CRC91694",72.8,69.13,5.04,CLEARANCE
BAPBAS0001,Baseus Qpow3 10000mAh 22.5W 4-Output Power Bank with Dual-Cable & Display -White Input 18W / Output 22.5W / 22.5W USB-A / 22.5W USB-C / 22.5W Lightning,69.0,,,
CAMINS2103,"Insta360 Ace Pro 2 8K Action Camera Dual Battery Xplorer Bundle - Silver Leica f/2.6 Lens - 90-Minute Runtime - 10M Waterproof - 1/1.3"" 48MP Sensor - Active HDR Capture",719.0,,,
BAPBAS0095,Baseus Bipow2 10000mAh 20W 3-Output Power Bank with Cable & Display -White Input 18W / Output 20W / 18W USB-A / 20W USB-C,39.0,,,
HSTJBL6784896,JBL Live Beam 4 True Wireless Noise Cancelling In-Ear Headphones with Smart Case - Black JBL Signature Sound with Hi-Res Audio - Touchscreen Charging Case - True Adaptive ANC - 6-Mic Clear Calls - IP55 - Up to 10hrs Playtime/30hrs with Char,234.99,,,
SPKJBL6784900,JBL Xtreme 5 130W Large Portable Bluetooth Speaker - Black IP68 Waterproof - Replaceable Battery - Bluetooth 6.0 with LE Audio & Auracast - Shoulder Strap with Bottle Opener - Edge Lighting - Up to 28hrs Playtime,398.99,,,
MPPGEN0533,Xiaomi Redmi 12 5G Glass Screen Protector Clear - Case Friendly,16.32,13.29,18.57,CLEARANCE
BAPBEL6100548,Belkin BoostCharge 5000mAh 20W 2-Output Power Bank with 25W Wall Charger Input 25W / Output 20W / 12W USB-A / 20W USB-C,79.19,,,
CAMCNPR0101,Canon EOS R100 Mirrorless Camera with 18-45mm & 55-210mm Lenses 24.2MP APS-C Sensor - 4K24p Video with Crop - FHD 60p - Wi-Fi & Bluetooth - (RF-S 55-210mm f/5-7.1 IS STM Lens) (RF-S 18-45mm f/4.5-6.3 IS STM Lens),1399.0,,,
ITPAK134,Dynamix C-DB9-MM DB9 Male to Male Cable - 2m Molded,9.86,8.76,11.16,CLEARANCE
ITPAK140,Dynamix C-SERAT-M DB9 Female to DB25 Male Serial Printer Cable - 2m Moulded,9.58,7.0,26.93,CLEARANCE
NBBOEM0174,"Laptop Battery for HP Probook 440 450 445 470 455 G0 G1 Series - 10.8V/11.1V 47Wh 6-cell, PN: FP06 FP09 708457-001 708458-001",49.0,34.22,30.16,CLEARANCE
SWHEDM1044,Edimax GS-1016 V2 16 Port 10/100/1000 Gigabit  Rack-mount Unmanaged Switch. High-Speed Networking andJumboFrames. Designed for Medium / Large Network Environments. Includes Rack -mount Brackets.,149.93,,,
TAALEN131001,Lenovo Folio Case M10 Plus 2K  (3rd Gen TB128  2023 Model),15.0,5.11,65.93,CLEARANCE
CABSTT690307,StarTech.com MDISPLPORT6 4K x 2K Mini DisplayPort Cable - 2m (6ft) - Black 4K x 2K Ultra HD Video - Mini DisplayPort 1.2 Cable / Mini DP to Mini DP Cable for Monitor / mDP Cord works with Thunderbolt 2 Ports - Male to Male,37.02,35.14,5.08,CLEARANCE
HSTSEN508974,Sennheiser CX True Wireless In-Ear Headphones - White Bluetooth 5.2 - German-Made 7mm Dynamic Drivers - IPX4 / AptX - Up to 8 Hours Battery Life / 27 Hours Total with Charging Case - 2 Years Warranty,214.99,204.24,5.0,CLEARANCE
NAPGSM7615,Grandstream GWN7615 (AC1750) Dual-Band 6-Stream Wi-Fi 5 Access Point with 1GbE x2 (PoE+ 12.5W),168.19,138.82,17.46,SUPREME
VNT1165,Vention IBJBI Cat6 UTP Patch Cable - 3m - Black Flat,6.9,6.56,4.93,CLEARANCE
CABDIG9529,Digitus DK-1512-050 CAT5e UTP Patch Lead - 5m - Grey,6.98,5.95,14.76,CLEARANCE
MPPTOR00000165,Torras Galaxy S25+ 5G Guardian Case - Black 3.6m Military Grade Drop Tested - Translucent Slim,39.0,23.39,40.03,CLEARANCE
HSTBAS26076,Baseus Bowie M2s True Wireless Noise Cancelling Earbuds - White - Baseus Spatial Audio - Baseus App for iPhone & Android - Up to 7hrs battery life/30hrs with charging case - 2 Year Warranty,95.0,90.25,5.0,CLEARANCE
HSTEDI00021D,Edifier Comfo C Open Ear Clip-On True Wireless Earbuds - Starlight - EX DEMO FOR CLEARANCE,89.0,80.32,9.75,CLEARANCE
HSASGP08330,Spigen Rugged Armour Case for Samsung Galaxy Buds 3 & Galaxy Buds 3 Pro - Black,39.0,11.99,69.26,SUPER
CARPRM1013,Promate VOLTRIP-DUO.BLK 3.4A Dual Port USB Car Charger - Black Charge 2 Devices at the Same Time - Short-Circuit & Over Charge Protection - Carbon Fiber Design - Compact & Sturdy - Universal Capatibility,11.8,11.21,5.0,CLEARANCE
HSTSHK09301,Shokz OpenDots ONE Premium Open-Ear True Wireless Clip-On Sports Earbuds - Grey - Ultra-lightweight super-comfortable & secure fit - Dolby Audio with powerful bass - IP55 - Qi Wireless Charging - Up to 10hrs playtime/40hrs with charging cas,297.99,296.99,0.34,PBDEAL
WTHAMF00006,"Amazfit T-Rex 3 Rugged Smart Watch - Onyx 1.5"" AMOLED Display - Over 3 Weeks Battery Life - Built-in Dual-Band GPS - 10 ATM Water Resistance - Health Monitoring and Sleep Tracking - 170+ Sports Modes",598.0,502.92,15.9,PBDEAL
CCTRNG1276,"RING 2K Spotlight Camera (2nd Gen), Plug-In - White",199.0,,,
CCTRNG3203,RING Quick Release Battery Pro v2 (for 2K/4K doorbells),75.5,,,
EXWKADEL32803BG,"Dell Optiplex 3280 22"" FHD All-in-One PC (B-Grade Refurbished) Intel Core i3-10100T - 8GB RAM - 256GB SSD - No Keyboard - Win11 Pro - 18-Month Warranty - GreenMachine Certified Refurbished",699.0,569.34,18.55,CLEARANCE
HDDWDX830024,WD MY BOOK 24TB BLACK,2199.0,2099.0,4.55,PBDEAL
ADPSAC0011,"SATECHI Aluminium Type-C Dual HDMI Adapter - Space Grey ( Dual Display only supported on 14""/15""/16""  Apple Macbook Pro with Intel CPU &  M1/M2  Pro & Max Chip only,   not Support  Apple 13"" Macbook Pro / 13"" &  15""   Air  with M1/M2 Chip )",39.0,37.04,5.03,CLEARANCE
MICBLU5617875,Logitech G Yeti 3-Capsule USB Microphone - Pink,177.99,,,
CABSTT690271,StarTech.com THINTOS10 Toslink SPDIF Audio Cable - 3m Toslink Digital SPDIF - 3m,13.43,12.9,3.95,CLEARANCE
ADPSTT1592191,StarTech.com BRACKETFDBK Bracket for 3.5in Floppy with Bezel,15.72,13.68,12.98,CLEARANCE
BATPCE33035943,PROCELL DURPX1500  Intense AA Alkaline Battery - Box of 24 made by Duracell,24.55,16.8,31.57,CLEARANCE
CABAVS1040,"AVS CM1615B Cable Management Pack 16mm, 1.5m Black Finish",3.39,2.3,32.15,CLEARANCE
CABSTT3702039,StarTech.com USB31C2SAT3 USB-C to SATA Adapter Cable for 2.5in/3.5in SSD/HDD Drives - USB 3.1 Gen 2 (10Gbps),86.36,83.29,3.55,CLEARANCE
MOABRA1107,"Brateck LCD-501A 23""-42"" Pivoting Wall Mount - Tilt -20 +20 , Swivel -30  +30 - Hidden cable management channel - Max VESA 200x200mm",26.92,,,
MOASTT3638553,StarTech.com USB-C Multiport Adapter - USB-C Travel Docking Station with 4K HDMI - White 60W Power Delivery Pass-Through - GbE - 2pt USB-A 3.0 Hub - Portable Mini USB Type-C Dock for Laptop,133.43,133.23,0.15,CLEARANCE
MPPCSM10168722,Casemate KS052630 KSNY Protective HS Magsafe - iPhone 15 Pro Max - Daisy Chain,43.54,42.63,2.09,CLEARANCE
NETTTK1140,Teltonika TRB140 4G LTE Cat 4 Industrial IoT Gateway GbE x 1 / SIM slot x 1 / with Digital IO x 1 / Micro USB x 1,309.06,260.27,15.79,SUPREME
SPKSPB2593,Sansai VK-S321 Bluetooth Speaker Incredible Lights Show,21.01,19.14,8.9,CLEARANCE
MPPTOR00000106,"Torras iPhone 16 Pro (6.3"") Ostand Case - Clear MagSafe Compatible - Horizontal / Vertical & Felexible Ostand",64.0,38.39,40.02,CLEARANCE
TOYRAS0069,"RASTAR 1:14 Blue Porsche 911 Dakar Performance 2.4GHz Remote R/C Car Official Authorization, Doors Can Be Opened Manually, LED Driving Lights. Batteries are NOT Included! Ages 6+!",59.0,44.85,23.98,CLEARANCE
MPP4GM0166059,4GAMERS 4G GLASS EDITION BLACK/GOLD,25.0,20.37,18.52,CLEARANCE
MPPKTF0163195,KONTROLFREEK Performance Battle Royale Nightfall Kit for PlayStation 4,19.0,15.48,18.53,CLEARANCE
DRODJI14002,DJI Mavic 4 Pro Fly More Combo with RC 2 Remote,4522.98,,,
WTHAMF00320,"Amazfit Balance 2 Smart Watch - Black 1.5"" AMOLED Display - Up to 21 Days Battery Life - 10 ATM Water Resistance - Built in GPS - Downloadable Golf Maps & Scuba Diving Mode - 24/7 Health Monitoring",698.0,587.08,15.89,PBDEAL
WTHSAM9705001R,Samsung Remanufactured Galaxy Watch Ultra - Titanium Silver with Graphite Marine Loop Not Compatible with One NZ e-SIM - Google Wear OS - MIL-STD 810H - Up to 100 hrs Battery Life - 10ATM/IP68 Water Resistance - Emergency SOS - Fall Detecti,824.25,637.79,22.62,CLEARANCE
EXWKSHP808660,HP Elitedesk 800 G1 Intel Core i5 4570 SFF (A Grade Refurbished) 8GB RAM - 256GB SSD - DVD-RW - Win10 Pro - 18-Month Warranty - GreenMachine Certified Refurbished,199.0,189.05,5.0,CLEARANCE
CABSTT5232105,StarTech.com CDP2HDMM2MH 4K 60Hz - HDR10 USB-C to HDMI Cable - 2m (6ft) - Black,36.14,34.34,4.98,CLEARANCE
ADPSTT2086123,StarTech.com PEXESAT322I 2Port PCIe SATA III eSATA Controller,68.55,66.1,3.57,CLEARANCE
BAPAKR190211,ANKER 100W 4-Output Charging Base for Anker Prime Power Bank,119.0,,,
CABDIG1895,Digitus DK-1644-A-030/BL Cat6A S-FTP Patch Lead - 3m - Black,8.08,7.51,7.05,CLEARANCE
AUDMLO251706,MILO Action Communicator - Equinox Black,338.8,287.13,15.25,CLEARANCE
CHRMIR5060,"Miro Varese GS5060 Office Chair Black ergonomic mesh fabric seat, Flat packed",149.29,141.83,5.0,CLEARANCE
HSTMOK854009415,Moki Exo Buds Wireless In-Ear Headphones - Black Bluetooth - Up to 5 Hours Battery Life,22.92,18.41,19.68,CLEARANCE
INKHPL80373,Compatible Ink Cartridge Replacement for HP 564XL - Magenta High Capacity,9.56,8.62,9.83,CLEARANCE
MPP3SI10160486,3SIXT Galaxy S21 Ultra PureFlex 2.0 Case - Clear,16.02,14.16,11.61,CLEARANCE
MPPGEN0677,Xiaomi Redmi A3 (2024) Rugged Kickstand Case - Black with Camera Cover Protection,23.32,19.0,18.52,CLEARANCE
OFSSPE51134,"Sharpie Mini Fine Point Permanent Markers. 4-Pack. Permanent on most Surfaces. QuickDrying,Fade&Water-resistant Ink. Includes 4x Colours Black, Blue, Green & Red.",6.2,5.08,18.06,CLEARANCE
TAASCC2897878,Scosche MAGWSM2 Magnetic Window Small Mount,32.34,20.83,35.59,CLEARANCE
AUDSMS2025,SAMSON ESAXPEXPPE Expedition Express Plus Rechargeable Portable PA Speaker with Bluetooth includes handheld microphone,488.66,290.95,40.46,CLEARANCE
BAS41719,Baseus OrganizeFun Series Car Console Storage Organizer Cluster - Black,10.0,8.15,18.5,CLEARANCE
CABDNX0601,Dynamix PLW-AUGS-50 Cat6A RJ45 Patch Lead - 50m - White S/FTP - Shielded - 10G - 26AWG - Slimline - 500MHz - Gold Plated,114.79,65.66,42.8,CLEARANCE
CABDNX2018,Dynamix CAB200V-RED Hook & Loop Cable Tie - 200mm x 13mm - Red - (10 Pack),9.35,6.85,26.74,CLEARANCE
CABSPB3393,Sansai TPE-7055N H/D Type-C to USB-A flat Cable - WHITE with Heavy Duty contacts,7.94,7.73,2.64,CLEARANCE
CABSTT690328,StarTech.com USBAUBL1M USB 2.0 - 480Mbps USB-A to Micro USB Cable - 1m Micro USB - LED Charge Light,13.49,10.2,24.39,CLEARANCE
HEABRR0093,Beurer EM50RS Menstrual Relax TENS & Heat Replacement Pads for,51.0,,,
INKESN0020,eSun ePLA-Chameleon Filament - Polaris 1kg Roll - 1.75mm - Compatible with Most FDM 3D Printers such as Creality / Bambu Lab / AnkerMaker / Raise3D / Flsun,42.0,34.99,16.69,CLEARANCE
MPPICP10152415,INCIPIO iPhone Xs Max NGP Case - Clear,26.56,25.2,5.12,CLEARANCE
MPPOTB90055525,OtterBox Galaxy S24+ 5G Symmetry Clear Series Case - Stardust Clear,67.0,63.65,5.0,CLEARANCE
NBBOEM0072,"Laptop Battery For Dell XPS 14 15 17 L401x L501x L502x L521x L701X, 11.1V 56Wh 6-cell, PN: JWPHF J70W7 WHXY3 R795X",49.0,34.22,30.16,CLEARANCE
NBGMIX58457,"Xiaomi 23L Roll Top Casual Backpack for 15.6"" Laptops - Grey / Black - Lightweight PU Fabric Water Resistant",69.0,59.16,14.26,CLEARANCE
NETDNX0019,Dynamix FP-C6-BLUE Cat6 BLUE Keystone RJ45  Jack for 110 Face Plate -  T568A/ T568B Wiring - 180 Slimline Jack,6.93,5.58,19.48,CLEARANCE
NETDNX0061,"Dynamix RJ-45-SR-20 RJ45 Plug 20pc Bag, 8P8C Modular Plug. 50 micron. Compatible with Stranded and Solid Cable.",11.44,10.48,8.39,CLEARANCE
PADMCZ93960238,Mad Catz G.L.I.D.E. 19 Mouse Pad 390mm x 315mm x 1.8mm - Patented Cover Edge Technology,15.78,12.9,18.25,CLEARANCE
POSDAT5315925,"Datalogic QW2520-BKK1S black Barcode Scanner QuickScan QW2520, 2D VGA Imager, General Purpose, Handheld, USB Interface, Black. Kit inc. QW2520-BK Scanner, USB Cable 90A052258, and Stand STD-QW25-BK)",155.64,145.37,6.6,CLEARANCE
PRM1071,Promate TRACKER.WH Ergonomic Wireless Mouse - White 800/1200/1600 DPI - 10m Working Range - Included Nano Receiver - Easy Plug & Play Installation - Compatible with Windows & Mac,19.49,13.71,29.66,CLEARANCE
STAFEL5248901,Fellowes Cosmic A3 Laminator,191.04,179.6,5.99,CLEARANCE
UCHSCC1066,Scosche MPQ6WD-SP Magic Mount PRO (Gen 6) Wireless Charging Dash / Window Mount MagSafe Compatible,96.67,67.5,30.17,CLEARANCE
WKSASUPV100AV2,"ASUS IoT PV100A +HDC Cable Full Version Edge computer i.MX8M, Quad Core, 1.3 GHz 2G/16G 1xHDMI, 2xEthernet ports, 3xUSB, 4xRS232, 2xNano-SIM, 4xDI/DO, Linux Yocto",255.55,168.6,34.02,CLEARANCE
VCYLK6289324,Yealink MeetingBar A40 (A40-031) 48MP/4K Dual-Eye All-in-One Video Bar - MTR on Android Touch Console CTP25,4799.0,4779.12,0.41,PBDEAL
CABDNX0812,"Dynamix FP-C6AUTP-03BK UTP Keystone RJ45 Slimline Jack T568A/B Wiring. 50 micron, 180 Jack. Accept 23-24 AWG Cabling. Colour Black",7.43,7.14,3.9,CLEARANCE
NBGINC10171612,"Incase A.R.C Laptop Sleeve for 16"" Notebook Macbook - Black - With External zippered slip pocket",79.0,59.0,25.32,MEGA
MPPALG6379705,Alogic Elements ELSI5U2CCWH1 USB 2.0 USB-C Cable - 1m Silicone - Up to 5A - Up to 240W,12.51,8.49,32.13,CLEARANCE
TABAMZ98161,Amazon Kindle Scribe eReader 2024 - 16GB - Includes Premium Pen,579.0,,,
CARTRS0012,Transcend DrivePro 110 TS-DP110M-64G 64GB Dashcam with Suction Mount,117.24,99.0,15.56,DAILYSTEAL
NETTTK3611,Teltonika RUT361 4G CAT6 N300 WiFi 4 Industrial Router 100M FE x 2 / SIM Slot x 1 / with Digital IO x 2,402.5,382.38,5.0,CLEARANCE
HSTSNY18061511,Sony LinkBuds Open WF-L910 Open-fit True Wireless Earbuds - White IPX4 Sweat & Water Resistant - Ultra-Small & Light for All-day Comfort - Unique Open-Ring design - Multipoint - Up to 8 Hours Battery Life / 22 Hours Total with Charging Case,95.0,,,
HSTRAZ111807,Razer Barracuda X Chroma Wireless Multi-Platform Gaming Headset,247.99,,,
MPP4GM0166057,4GAMERS 4G CONQUEROR ARCTIC BLACK,25.0,18.38,26.48,CLEARANCE
MPPCPC0168385,Capcom STREET FIGHTER 6  - XBOX,39.0,35.19,9.77,CLEARANCE
MPPGEN0800,Xiaomi Redmi 14C (2025) Glass Screen Protector Clear - Case Friendly,16.32,13.29,18.57,CLEARANCE
TAAMST1211031,Microsoft Surface 45W USB-C Wall Adapter for Surface Pro 12-Inch for Surface Laptop 13-Inch,65.0,,,
HOMTIC0010,"Tineco Go Mini Pet Handheld Cordless Vacuum Weight less than 1.8kg  ideal for clean car seat, couch cushions, pet hairs and upholstery, 20 minutes operation time - 2 Years Warranty",157.0,,,
HOMNJA0041,Ninja Blast Max BC251 Cordless Portable Blender - Denim Blue 650ml Vessel - PowerBlast Technology - Removable Vessel - Intelligent Auto IQ Crush & Smoothie Programs,95.06,,,
HSTJBL6596089,JBL Tune 215BT Wireless Earbuds - Blue - 12.5mm drivers with JBL Pure Bass Sound - Hands-free calling - Comfortable open fit - Multipoint - Up to 16hrs playtime with USB-C fast charging,34.99,,,
NBGRVC7821,Rivacase Eden 14L Tote bag - Olive Green,85.0,65.0,23.53,MEGA
HOMPAN0041,Panasonic MC-SBR70 135W Cordless Handheld Stick Vacuum Cleaner 2 Battery up to 116 Minutes Running Time - LED Light for Wide Nozzle - Advanced 4 Stage Filtration - 0.7L Dust Capacity,489.06,,,
BAPBEL6633069,Belkin BoostCharge 20000mAh 20W 3-Output Power Bank with Cable & Display -Pink Input 20W / Output 20W / 12W USB-A / 20W USB-C,79.19,,,
MPPCOE0000036,"coehl iPhone 17 Pro (6.3"") Solea Case - Glitter Hearts Clear case sprinkled with heart-shaped glitter, Raised Camera Bezel, compatible with magnetic wireless charging.",34.01,18.69,45.05,CLEARANCE
PETPWS0001,"PawSwing Neo Self-Grooming Cat House Smart Size Adaptation - One Machine for All Cats, Hands-Free Grooming No Electricity Needed",395.0,324.0,17.97,DAILYSTEAL
MPPSKA0000062,"skinarma iPhone 18 Pro Max/17 Pro Max (6.9"") 2025 Saido Mag-Charge Case - Graphite , Compatible with Magnetic Charging- 360  Full Protection- 2H Scratch Resistance- Accessories Pack Includes Extra Set of Red Button & Frost Black Lanyard Loo",34.01,17.0,50.01,CLEARANCE
MVRKWD0055,"Kiwi Design for META Oculus Quest3/3S P5000 Compact Swappable Power Bank - 5,000 Mah -- 2Pcs",89.0,84.55,5.0,CLEARANCE
HEATRB0054,Therabody Theragun Sense 2.0 Therapy Device For Fully Body Use - 0.75 kg Lightweight - 4 Head Attachments - Ergonomic Design - Easy-to-use for Self-Myofascial Release - Helps Relieve Muscle Soreness & Stiffness,375.0,,,
CARHIK307900473,HIKVISION C6S Dashcam 4K Resolution - 3 Inch IPS Screen - Built-in Mic and Speaker - WIFI - GPS and G-sensor module - ADAS supported,278.59,175.0,37.18,DAILYSTEAL
WTHWTH00032,Withings Scanwatch Nova Hybrid Smartwatch - Black Up to 35 Days Battery Life - 10 ATM Water Resistance - Sleep Tracking - 24/7 Advanced Health Monitoring - ECG - Cycle Tracking - Activity Tracking and Workout Mode,889.0,711.19,20.0,WITHINGS
EXNBKHP8088120,"HP EliteBook 840 G3 14"" FHD Laptop (A-Grade Refurbished) Intel Core i5 6300U - 8GB RAM - 256GB SSD - Win11 Pro (Upgraded) - 18-Month Warranty - GreenMachine Certified Refurbished",399.0,379.05,5.0,CLEARANCE
NBKAPP351599114,"Apple MacBook Air 15-inch Laptop with M5 Chip - Midnight 16GB Unified Memory  1TB SSD - 10-Core CPU -10-Core GPU - 16-Core Neural Engine -2x Thunderbolt 4 ports, MagSafe 3 port, 35w USB-C Power Adapter -,Support for up to two external displ",3271.55,,,
HEABAN5540,Braun Series 5 AIO5540 9 in1 Grooming Kit 120-min cordless runtime,143.0,,,
NASUBI9949302,"Ubiquiti UNAS-Pro-4 1U 10Gbps Rack-Mount NAS with (4) 2.5/3.5"" Drive Bays and (2) M.2 NVMe SSD cache slots",1269.58,,,
EXTABMSO0074BG,"Microsoft Surface Pro 7 12.3"" Silver - (B Grade Refurbished) Intel Core i5-1035G4 - 8GB RAM - 128GB SSD - Keyboard not included - 2736x1824 - Win11 Pro - 18-Month Warranty - GreenMachine Certified Refurbished",599.0,569.05,5.0,CLEARANCE
CARBSB0007,BOTSLAB CPL Polarizing Filter: Only for G980H 3- or 4-Channel Dash Cam,56.05,45.66,18.54,CLEARANCE
PETUBP0003,UB Pet Deodorizing Block for C31 Package includes 3 blocks ( 69 g each),25.0,21.13,15.48,DAILYSTEAL
PETUBP0004,UB Pet Waste Bag  for C31 3 rolls of waste bags (60 bags total),25.0,21.13,15.48,DAILYSTEAL
HEAORB0019,Oral-B EB60-12 Brush Head Refill Pack (12pcs) Sensitive Clean,85.0,75.0,11.76,BUSTER
CHAZAL7005,Zalman S3 ATX Black Mid Tower Case,84.98,,,
HDDWDX53040,WD My Passport Ultra for Mac 4TB Portable External HDD USB 3.2 - 3yr Warranty,439.0,415.0,5.47,PBDEAL
HOMNJA0066,"Ninja Blend Boss Tumbler Blender Lavender Lemonade The powerful 1100W base blends directly into a removable 760ml tumbler, 100% leakproof flip-cap lid and straw",279.0,205.0,26.52,PBDEAL
CARKAP0002,"Kapture KPT-W51 Wireless 5"" Apple Carplay Android Auto Navigation with Dash Camera",243.46,169.0,30.58,DAILYSTEAL
PETNEA0017,Neakasa HEPA Filter for AirStep,15.0,12.1,19.33,DAILYSTEAL
MOAOMP7441,"OMP M7441 Desk Mount Single Arm 13-27"" Monitor - VESA 75/100",62.24,56.17,9.75,CLEARANCE
ADPDNX1024,Dynamix A-DP-DVIDF DisplayPort to DVI-D       Adapter - Passive Converter,2.45,2.22,9.39,CLEARANCE
CABSTT690341,StarTech.com USB3SEXT5DKB USB 3.0 - 5Gbps USB Extension Cable - 1.5m - Black Desktop,29.64,25.56,13.77,CLEARANCE
ITPFPD040,"Dynamix C-RJ45LT4 T4 connector RJ-45 Dual Adapter (1x UTP, 1x Ph with short analogue cable",10.58,9.69,8.41,CLEARANCE
MPPLFP10157159,Lifeproof Galaxy S20 / S20 5G NEXT Case - Black Crystal (Not Compatible with any other Galaxy S20 Models),66.29,52.85,20.27,CLEARANCE
NAPGSM7630,Grandstream GWN7630 (AC2400) Dual-Band 8-Stream Wi-Fi 5 Access Point with 1GbE x2 (PoE+ 16.5W),179.61,160.7,10.53,SUPREME
CAMINS1201,"Insta360 Ace Pro 2 8K Action Camera Standard Bundle - Leica f/2.6 Lens - 90-Minute Runtime - 10M Waterproof - 1/1.3"" 48MP Sensor - Active HDR Capture",589.0,,,
MPPGEN0809,Xiaomi Redmi Note 14 5G (2025) Glass Screen Protector Clear - Case Friendly,16.32,13.29,18.57,CLEARANCE
CABSTT4545048,StarTech.com CDP2DP141MB 8K 60Hz - HBR3 - HDR - DSC USB-C to DisplayPort Cable - 1m (3.3ft) DP 1.4 Alt Mode - USB-C to DP - Thunderbolt 3 Compatible,62.25,54.29,12.79,CLEARANCE
CARVUE0001,BlackVue KRHQA-G-1E G-1E External GPS for BlackVue DR590 Series (not DR590X),7.72,6.23,19.3,CLEARANCE
CABDNX7015,Dynamix FL-LCLC50-1 OM3 LC to LC Fibre Lead - 1m 50 Micron - Duplex - Multimode,17.31,14.54,16.0,CLEARANCE
CABSTT3310251,StarTech.com MDP2HDMM5MB 4K 30Hz Mini DisplayPort to HDMI Cable - 5m (15ft) - Black Mini DisplayPort to HDMI Cable - 4K 30Hz Video / mDP to HDMI Adapter Cable / Mini DP or Thunderbolt 1/2 Mac / PC to HDMI Monitor/Display / mDP to HDMI Conve,53.76,53.75,0.02,CLEARANCE
ADPSTT3614349,StarTech.com USB2AC50CM USB 2.0 - 480Mbps USB-A to USB-C Cable - 50cm,18.25,14.96,18.03,CLEARANCE
CABGOB10160657,Goobay 70400 Cable Management Clip - White 4 Slots,6.67,6.19,7.2,CLEARANCE
INKBRT80429,Compatible Ink Cartridge Replacement for LC233M - Magenta,9.74,8.35,14.27,CLEARANCE
SURACC540402,ALLOCACOC Powercube 4 Outlet Extended USB Surge Protector with 2x USB - 3m - Green,54.98,50.15,8.79,CLEARANCE
ADPSTT2561435,StarTech.com 4 Port Powered USB 3.0 Hub with 3 Dedicated USB Charging Ports (2x 1A & 1x 2A) Wall Mountable Metal Enclosure,67.72,65.99,2.55,CLEARANCE
ADPSTT3536176,StarTech.com 4 Port USB 3.0 Hub USB-C to 4x USB-A,62.34,41.11,34.06,CLEARANCE
ADPSTT4730525,StarTech.com RUSB2AC2MB USB 2.0 - 480Mbps - 3A USB-A to USB-C Cable - 2m - Black Durable - Fast Charge - Sync - USB 2.0 - Rugged TPE Jacket - Aramid Fiber - M/M - 3A - Samsung S10 - iPad Pro - Pixel,28.38,27.63,2.64,CLEARANCE
KVMSTT3063573,StarTech.com MSTDP123HD 3-Port Multi Monitor Adapter DisplayPort 1.2 to 3x HDMI MST Hub - Triple 1080p HDMI Monitors - Video Splitter for Extended Desktop Mode on Windows PCs Only - DP to 3x HDMI,154.08,104.86,31.94,CLEARANCE
PRM1129,Promate POWERDRIVE-120 120W PD In-Car Dual USB-C Port Phone Charger - Black 1x USB-A Port - QC 3.0 - Charge 2x Devices Simultaneously - Sleek & Compact - Universal Compatibility - Also for Tablets / Notebook / Macbook,57.45,51.47,10.41,CLEARANCE
VNT1163,Vention IBJBG Cat6 UTP Patch Cable - 1.5m - Black Flat,5.08,4.59,9.65,CLEARANCE
HEABRR0108,Beurer HC50 withTriple Ionic Function for Individual Styling & Shiny Hair Dryer Protection Function Protects the Hair and Preserves its Dazzling Colour,98.0,75.0,23.47,BUSTER
NBGSTM6518434,"STM Kin Laptop Sleeve for 15""-16"" MacBook Air & Pro - Rose Petal - Fleece-Lined Interior, 4mm EVA Shock Absorption, Zippered Storage Pocket, Retractable Handle",49.0,37.74,22.98,DAILYSTEAL
MPHMIX03017300,"Xiaomi 17T Pro 5G (2026) Dual SIM Smartphone - 12GB+256GB - Black - 6.83"" 144Hz eye-care AMOLED Display - Leica 5x Telephoto - MediaTek Dimensity 9500 Chipset - 7000mAh Battery - 100W HyperCharge - IP68 - Wi-Fi 7 -",1464.0,1242.0,15.16,MEGA
MPHMIX03017302,"Xiaomi 17T Pro 5G (2026) Dual SIM Smartphone - 12GB+256GB - Deep Violet - 6.83"" 144Hz eye-care AMOLED Display - Leica 5x Telephoto - MediaTek Dimensity 9500 Chipset - 7000mAh Battery - 100W HyperCharge - IP68 - Wi-Fi 7 -",1464.0,1242.0,15.16,MEGA
HOMIRB0027,"iRobot 2026 New Released Roomba Combo 575 Vacuum Cleaner & Mop + Auto Empty Dock 25,000 Pa Suction power, Hot Mop Washing at 75°C, Heat Air Drying at 45°C, ClearView Pro LiDAR with PrecisionVision AI Navigation,",1199.0,,,
TAATAR4549584,"Targus THZ784GL SafeFit Rotating Universal Case for 7-8.5"" Tablet  - Black",31.76,30.62,3.59,CLEARANCE
ADPSTT3614351,StarTech.com USB2CC50CM USB 2.0 - 480Mbps USB-C Cable - 50cm M/M,22.13,12.88,41.8,CLEARANCE
NBGSTM21415010,"STM Street Ridge Laptop Sleeve for 15""-16"" MacBook & Laptops - Desert Brown",34.99,29.0,17.12,BUSTER
CCTRNG1275,"RING 2K Spotlight Camera (2nd Gen), Plug-In - Black",199.0,,,
CCTRNG2279,RING Wired Video Doorbell 4K Elite (2nd Gen),652.14,,,
HDDWDX810026,WD ELEMENTS DESKTOP 26TB BLACK,2399.0,2299.0,4.17,PBDEAL
ADPSAC0010,"SATECHI Aluminium Type-C Dual 4K HDMI Adapter  -Silver ( Dual Display only supported on  14""/15""/16""  Apple Macook Pro with Intel CPU &  M1/M2 /M3 Pro & Max Chip only ,   not Support  Apple 13"" Macbook Pro / 13"" &  15""   Air  with M1/M2 Chi",39.0,37.04,5.03,CLEARANCE
TAASAM80033,"Samsung Note View Cover for Samsung Galaxy Tab S8 + /S7 FE 12.4"" Tablet -White",69.0,12.27,82.22,CLEARANCE
MPPGEN0532,Xiaomi Redmi 12 LTE (2024) Glass Screen Protector Clear - Case Friendly,16.32,4.26,73.9,CLEARANCE
ADPSTT690376,StarTech.com GC46FMKEY USB Keyboard to PS/2 Adapter - F/M,11.16,11.09,0.63,CLEARANCE
KEYELG10MAI9901,Elgato Wave Neo USB Microphone,139.0,,,
BATPAN2002,Panasonic LR03T/4B Alkaline Batteries AAA 4 Pack blister 1.5 Volts Alkaline-Zinc - Longer Lasting protects power for upto 10 years,7.5,7.19,4.13,CLEARANCE
TVNELG10GBK9901,Elgato Game Capture 4K Pro,529.0,,,
ADPSTT3310271,StarTech.com USB31CAADG USB-C to USB-A Adapter - M/F - USB 3.0,15.73,10.44,33.63,CLEARANCE
CABSTT2325420,StarTech.com HDMM50CM 4K 30Hz HDMI Cable with Ethernet - 50cm (1.6ft) - Black HDMI Cable - 4K High Speed HDMI Cable with Ethernet - UHD 4K 30Hz Video - HDMI 1.4 Cable - Ultra HD HDMI Monitors / Projectors / TVs & Displays - Black HDMI Cord,12.51,12.01,4.0,CLEARANCE
BULSPB2791,Sansai QL-F033 Smart RGB Floor Light Lamp 1.05m Home Decor Decoration Lighting,91.78,89.02,3.01,CLEARANCE
CABPDY0088,PUDNEY TOSSLINK OPTICAL 90 DEGREE ADAPTOR,7.96,7.66,3.77,CLEARANCE
CABSTT1991359,StarTech.com HDMM5MFL 4K 30Hz HDMI Cable with Ethernet - 5m - Black Flat High Speed HDMI Cable HDMI Male to Male - Flat HDMI Cable - 4K 30Hz - Ethernet,34.73,24.23,30.23,CLEARANCE
CARDDP9001,DDPai Official Hardwire Kit for DDPai Mini Pro Only,18.03,15.63,13.31,CLEARANCE
HOMEFY8502,Eufy Security C210 Deadbolt Smart Lock Built-in Wi-Fi / Passcodes x100 / 180-Day Battery Life,271.0,,,
MOASTT3657876,"StarTech.com DKT30CDVPD USB C Multiport Adapter - USB-C to DVI-D (Digital) Video Adapter with 60W Power Delivery Passthrough Charging, GbE, USB-A - Portable USB Type-C/Thunderbolt 3 Mini Laptop Dock",49.92,35.22,29.45,CLEARANCE
MPPPZG10164642,PanzerGlass Full Body Screen Protection Case for Apple Watch Series 4 / 5 / 6 / SE - 40mm - Clear,30.85,30.3,1.78,CLEARANCE
NBGEOL0098,EVOL EV372RC Rechargable Sensor LED Cabinet Light 324mm 135 Lumen On/Off/Auto FunctionsMotion Sensor USB cable charging - Micro type C USB cable,35.27,28.73,18.54,CLEARANCE
OFSMPH13457,Matthews MPH13457 Mono Directional Filament Tape - Clear 48mm x 50m x 140mu - 1 Roll,10.49,9.96,5.05,CLEARANCE
POSZBR5035519,"Zebra CS6080-SR40000TZVW CS6080, 2D Imager, General Purpose, Handheld, Black Kit Includes: CS6080-SR40004VZWW Scanner, LNYD-000060W-04 Lanyard",420.43,352.95,16.05,CLEARANCE
SWHUBI2403265,"Ubiquiti UniFi USW-Pro-Max-16 18-Port 10G L3 Managed Etherlighting Switch - SFP+ x2, 2.5GbE x4, 1GbE x12",667.83,,,
VNT1091,Vention ICDBF Cat7 SFTP Patch Cable - 1m - Black Shielded,9.41,8.49,9.78,CLEARANCE
MPPTOR00000080,"Torras iPhone 16 Pro (6.3"") Diamond-Mag Case - Clear MagSafe Compatible - Diamond Clear",49.0,29.39,40.02,CLEARANCE
MPPSKA0000030,"skinarma iPhone 16 Pro (6.3"") Saido Mag-Charge Case - Clear Apple MagSafe Compatible - Raised 360 Screen Edges & Camera Lens Guard - Includes Interchangeable Corner Bumper Lanyard Loops",34.01,17.0,50.01,CLEARANCE
MPPCOE0000019,"coehl iPhone 16 Pro Max (6.9"") Savon Case - Bubble Prism Magsafe Compatible - Tough Fade-Resistant Back with Flexible Bumper - Shock-Absorbing Protection with Raised Camera Lens Bezel",34.01,18.69,45.05,CLEARANCE
CABUNI0485,Unitek C18149AGY03-3M Cat8 RJ45 Patch Cable - 3m - Black SSTP - 26AWG - Up to 40 Gigabit Ethernet - 2000MHz - Gold-Plated Shielded RJ45 Connectors - RoHS Compliant - PoE Compatible,13.57,11.03,18.72,CLEARANCE
CHASVT1005431,Silverstone LD04 Tempered Glass mATX Mini Tower Case - White 3x 120mm A-RGB Fan Per-Installed - CPU Cooler Support up to 177mm - GPU Support up to 350mm - 5x PCI Slots - 280mm Radiator Support - Front I/O: 2x USB - 1x USB-C - HD Audio,90.85,86.31,5.0,CLEARANCE
NBAALG5487423,Alogic Elements PRO Lightning to 3.5 Audio Adapter - Black,19.98,,,
NBGMSI24808,"MSI Pro Gaming Backpack for 15.6""-17.3"" Laptops - Black Esport",75.0,71.25,5.0,CLEARANCE
AUDWIM00013,"WiiM Sub Pro 8"" 250W Wireless Powered Subwoofer - Black 25Hz-200Hz - WiFi 6E + Bluetooth + RCA input - Auto Room Correction - 10-Band EQ - WiiM Home App Control - Connects to any WiiM Streamer - Amplifier or speaker",998.99,948.99,5.01,PBDEAL
MSEGEN1716,Genius Scorpion M700G Wired Gaming Mouse - Army Green,32.06,29.65,7.52,CLEARANCE
MPPBTS817221,"Beats iPhone 17 Pro (6.3"") Rugged Case with MagSafe and Camera Control - Everest Black Extra-durable triple-shot design - Shock-absorbing sidewalls and corners - Textured matt exterior for no-slip grip - Remarkably strong polymer back",139.0,93.12,33.01,SUPREME
MPPBTS817322,"Beats iPhone 17 Pro Max (6.9"") Rugged Case with MagSafe and Camera Control - Rocky Blue Extra-durable triple-shot design - Shock-absorbing sidewalls and corners - Textured matt exterior for no-slip grip - Remarkably strong polymer back",139.0,93.12,33.01,SUPREME
WSHSAM55002,Samsung WA60CG4545BW Top Load Washer with BubbleWash - 6kg - White,599.0,,,
HOMTIC0012,Tineco Floor One S7 Stretch 180° Lay-flat Design & Flash Dry with 85°C  Hot Air 21000Pa - Up to 50 Minutes - 0.72L Dirty Water Tank - 2 Years Warranty,799.0,,,
BAPBAS0100,Baseus EnerFill 20000mAh 100W 4-Port Laptop Power Bank with Dual-Cable & Display -White Input 65W / Output 100W / 22.5W USB-A / 100W USB-C,89.0,,,
MPPBEL6782766,Belkin BoostCharge Pro 3-in-1 Magnetic Charging Travel Pad with Q12 15W,198.0,,,
BAPBAS0014,Baseus PicoGo 10000mAh 45W 1-Output MagSafe Wireless Charging Power Bank -Black Input 30W / Output 45W / 22.5W USB-C / Qi2.2 25W Wireless Charging,99.0,,,
HOMIRB0026,"iRobot 2026 New Released Roomba Combo 415 Vacuum Cleaner & Mop + Auto Empty Dock 20,000 Pa Suction power, 3L Dust Bag,",799.0,,,
MEMYBC9398,Yubico YubiKey Bio - FIDO Edition - USB-A FIDO Only - v5.7 - Biometric - 5060408464168,262.15,168.22,35.83,CLEARANCE
MPPCPLRS35DPG,CipherLab Accessories Detachable Pistol Grip for RS35/RS36 (only compatible with 4000mAh Battery),185.77,167.66,9.75,CLEARANCE
WRIPLT20335,Pilot PENS BL-FRP4-G  Frixion Point Erasable Ultra Fine Green (BL-FRP4-G),4.28,3.43,19.86,CLEARANCE
NBAOEM0185,"Chromebook OS Laptop Reference Keyboard Shortcut Sticker - White, No-Residue Adhesive, for Any Chromebook Laptop (1 PCS)",3.0,0.61,79.67,CLEARANCE
TOLOEM0074,Headphone Stand Graffiti Style Hanger/ Headphone / Gaming Headset / Universal Earphone,19.0,10.27,45.95,CLEARANCE
NBKMST70329901,"Microsoft Surface Laptop (7th Edition) Copilot+ PC - Platinum Snapdragon X Elite (12 Core) - 16GB RAM - 1TB SSD - 13.8"" HDR  Touch Display  - Win 11 Home",2399.0,,,
AVESTT4620798,StarTech.com HDBOOST4K2 HDMI - 4K60 - USB Power Signal Booster,67.98,44.93,33.91,CLEARANCE
LASICN28986397,Okin Compatible Toner Cartridge Replacement for Oki C332 / 332DN / MC363 / DN - Cyan 46508719,69.99,,,
LASICN28986410,Okin Compatible Toner Cartridge Replacement for Oki C332 / 332DN / MC363 / MC363DN - Yellow 46508717,69.99,,,
HSTBEL5977913,Belkin SoundForm Inspire Wireless Over-ear Headset for Kids - Black Volume Limited - Flip-up Boom Microphone - Up to 35 Hours Battery Life with USB-C fast charging - 2 Years Warranty,75.0,74.98,0.03,PBDEAL
HSTSCD00340,Skullcandy Grom Wireless Headphones for Kids - Black For ages 6+ - Volume Limited to 85dB - Collapsible Kid-Safe Design - Durable & Comfortable - Share Audio Port - Bluetooth 5.2 + backup 3.5mm Aux cable - Up to 45hrs battery life,71.99,,,
BATCTK4463,CTEK 40-463 Solar Panel Charging Kit for CS FREE USB-C 60W,523.82,144.46,72.42,CLEARANCE
BULYEE0051,"Yeelight Colourful RGB Smart Lamp Panel Cube Compatible with Matter, Seamlessly connecting to Apple Homekit, Google Assistant, Amazon Alexa, Yandex Alice and Samsung SmartThings",109.0,45.57,58.19,CLEARANCE
CABSTT690223,StarTech.com MXTMMHQ2M VGA VGA Cable - 2m Monitor VGA Video Cable HD15 to HD15 - Male to Male,18.33,17.23,6.0,CLEARANCE
CABUGR70509,UGREEN UG-70509 MFi Certified Lightning to 3.5mm Cable iOS 10.3.1+ - Car / Stereo Compatible,27.78,26.39,5.0,CLEARANCE
GAMDBE0425L,DOBE Silicone Protective Skin Case Cover For PS4 Playstation 4 Controller -Blue,14.98,2.21,85.25,CLEARANCE
HSAMBE1001,"mbeat MB-HPS-01S ""ZACK"" Aluminium Headphone Stand with 3.0 Hub and Audio",21.19,20.34,4.01,CLEARANCE
KVMSTT690122,StarTech.com SV211KUSB 2-Port USB KVM Switch VGA w/ Audio & Cables 2048x1536 60Hz,61.09,61.06,0.05,CLEARANCE
MEMTRSI30103,"Transcend Embedded 512MB SD Card, SLC mode, Wide Temp.",29.9,28.4,5.02,CLEARANCE
MEMYBC9291,Yubico YubiKey 5Ci - USB-C & Lightning Multi-Protocol - v5.7 - Lightning port and USB-C All-in-one configurable security key - 5060408461969,209.85,200.19,4.6,CLEARANCE
MOASTT3372932,"StarTech.com STNDTBLT1A5T Tripod Floor Stand for Tablets - Portable Tablet Tripod with Carrying Bag - Height Adjustable - For 7"" to 11"" Tablets - Detachable Tablet Mount - 360 Degree Rotation",165.3,123.46,25.31,CLEARANCE
WRIPLT20173,Pilot BLS-G2-7-B Refill G-2 Fine Black (BLS-G2-7-B),4.08,4.05,0.74,CLEARANCE
BATPAN1005,Panasonic 6LR61EG/1B long-lasting 9V 1 Pack Evolta Alkaline Premium Battery 9 Volt 1 Pack No1 Longest Lasting.,6.99,,,
BULFSL1302003,FSL LED Tube FSL-LTUB-T8-18-CW T8 18W 6500K 4FT (1.2m),17.27,16.41,4.98,CLEARANCE
CABPSU0677,IEC-Lock AU 3 Pin to IEC C13 Power Cable - 3m - Black 10A - IEC-Lock - 1mm2,25.73,17.61,31.56,CLEARANCE
CABSTT5509332,StarTech.com HDMMV50CM 4K 60Hz - ARC HDMI Cable - 50cm (20in) - Black Premium Certified HDMI 2.0 Cable - High-Speed Ultra HD 4K 60Hz - HDMI Cable with Ethernet / ARC - UHD HDMI Video Cord - for UHD Monitors / TVs / Displays - Male to Male,20.39,20.34,0.25,CLEARANCE
CCTUBI8508,Ubiquiti UniFi Protect UVC-G5-PTZ 4MP/2K PTZ PoE+ Camera (White) 2K 30FPS / 2x Optical Zoom / Viewing Angle - 121 Degree / Built-In Mic / IP66 & IK04 / Spotlight,440.6,,,
CHSDNX1038,"Dynamix RAFS-290 Fixed Shelf for 550mm Wall Mount Cabinet, 275mm Depth, 485mm Wide, Black Colour (Max weight 60kg)",42.22,36.19,14.28,CLEARANCE
CHSSTT3683421,StarTech.com CFast 2.0 Card Reader / Writer USB-C Portable Reader / Writer for USB-C enabled Devices,79.34,,,
EXWKSDEL704010,Dell Optiplex 7040 Intel Core i5 6500T Micro Desktop PC (A-Grade Refurbished) 8GB RAM - 256GB SSD - No WiFi - Win11Pro - 18-Month Warranty - GreenMachine Certified Refurbished,349.0,331.56,5.0,CLEARANCE
HOMSPB0699,Sansai RD502 AM/FM POCKET RADIO,21.04,17.26,17.97,CLEARANCE
HOMSPB4062,Sansai NL-691 LED Night Light- Auto on/off - Daylight,10.84,8.23,24.08,CLEARANCE
HSTSHU1097,Shure SRH440A Wired Over-Ear Professional Studio Headphones - Black,182.47,174.28,4.49,CLEARANCE
INKESN0022,eSun ePLA-Chameleon Filament - Raspberry Red 1kg Roll - 1.75mm - Compatible with Most FDM 3D Printers such as Creality / Bambu Lab / AnkerMaker / Raise3D / Flsun,42.0,34.99,16.69,CLEARANCE
LABCRS1094252,Calibor RO5738T Thermal Plain Paper Roll 57x38mm Eftpos THERMAL Paper 5x10s BOXED 50 rolls in total 57mm (paper width) x 38mm (roll diameter),36.88,35.03,5.02,CLEARANCE
MICJBL5468780,"JBL Quantum Stream Dual Pattern RGB USB Condenser Microphone - for Streaming, Recording, Gaming, Podcasting & content creation",149.01,132.99,10.75,PBDEAL
MPP3SI170251,3SIXT SlimFolio - Samsung GS24 Ultra - (RC) Black 3S-2696,29.98,,,
MPPCSM170707,Casemate CM053440  Twinkle - Samsung GS24+ - Diamond,34.98,26.55,24.1,CLEARANCE
MPPCSM5895474,Casemate iPhone 15 Pro Rifle Paper Co MagSafe Case - Petite Fleurs,39.05,34.41,11.88,CLEARANCE
MPPMOP0000010,"Mophie 4-in-1 Wireless Charging Mat Black, Wirelessly Charge up to 4 Devices, Intuitive Design, Eliminate Cable Clutter, Stylish Fabric Finish,",269.0,187.44,30.32,CLEARANCE
MPPSPB1053,Sansai TPE-8081A Type-C Earphone 2/A,17.68,15.96,9.73,CLEARANCE
NBGBNE90024,"Bonelk Long-Life Armour Sleeve for 13""-14"" Laptops - Black",78.0,63.54,18.54,CLEARANCE
NETDNX0062,Dynamix FP-110 TRIPLE Triple Port Face Plate for  110/Keystone Jacks.,4.59,3.19,30.5,CLEARANCE
OFSMMM10732,3M Post-it Super Sticky Notes 3321-SSMIA - 76mm x 76mm - Supernova (Miami) 3 Pack,4.46,3.88,13.0,CLEARANCE
OFSOSC35966757,Okin Display Books - Black DAA330 OSC Insert Display Book A3 30 Pocket,14.82,13.82,6.75,CLEARANCE
PNTTMA81512,Tamiya X-12 Acrylic Mini Paint - Gold Leaf - 10ml,4.37,3.8,13.04,CLEARANCE
PRM1171,Promate PROLINK4K60-3M HDMI 2.0 - 4K 60Hz HDMI Cable - 3m - Black High-Speed Ethernet - Long Bend Lifespan - 48-Bit Colour - Gold Plated Connectors - PVC,16.86,16.18,4.03,CLEARANCE
TOYSVL0075,"Silverlit YCOO ROBO RAPIDFIRE R/C Robot Transformable, Two Dynamic Game Modes, For Age 5+!",99.99,65.0,34.99,CLEARANCE
WRIPLT20248,Pilot 20248 Pop'lol Gel Ink Rollerball Pen Colour - Pack of 6,11.65,9.22,20.86,CLEARANCE
MPPSKA0000034,"skinarma iPhone 16 Pro (6.3"") Helio Case - Titanium Apple MagSafe Compatible - Built-in Extendable Grip-Stand - Enhanced Air-Pocket Corner Protection - Includes Interchangeable Corner Bumper Lanyard Loops",54.0,26.99,50.02,CLEARANCE
CAASMR04978,SmallRig Cage for Canon EOS R5 Mark II,99.0,69.14,30.16,CLEARANCE
HSTBEL6292302,Belkin SoundForm Bolt 2 True Wireless In-Ear Headphones - Teal IPX4 Sweat & Water Resistant - Easy touch controls - Bluetooth 5.3 with Multipoint - Up to 9 Hours Battery Life / 28 Hours Total with Charging Case - 2 Year Warranty,43.56,,,
INKESN0072,eSun eABS+ HiSpeed Filament - Silver Compatible with Most FDM 3D Printers such as Creality / Bambu Lab / AnkerMaker / Raise3D / Flsun,39.0,20.12,48.41,CLEARANCE
SPKJBL6224920,JBL PartyLight Stick Bluetooth Party Light Stick Built-in Mic Syncs the Lightshow with any Speakers - Adjustable Motion / Speed & Intensity Levels - JBL PartyBox App Control - IPX4 Splashproof - Up to 8hr Battery with USB-C Charging,158.0,129.0,18.35,PBDEAL
UNI1104,Unitek C18148AGY01-5M Thunderbolt 3/4 USB-C to RJ45 Cable - 5m Up to 1Gbps - Plug & Play - Supports 1000/100/10 Mbps - Connects to Router / Modem / Network Switch,55.38,29.13,47.4,CLEARANCE
MPPGEN0745,"iPhone 16 Pro Max (6.9"") Rugged Case - Black Tough - Dual Layer Protection",23.32,11.65,50.04,CLEARANCE
CABSTT6340318,StarTech.com HDMI2-CABLE-4K60-50C1.6ft Premium Certified HDMI Cable 4K60,11.68,10.92,6.51,CLEARANCE
CAASNY6288,"Sony E 70-350mm F4.5-6.3 G OSS E-mount APS-C format G lens with 5x super-telephoto zoom, High resolution and compact design.",1349.0,,,
CABBEL6362449,Belkin BoostCharge Pro 2-in-1 Cable with USB-C & Lightning Connector - White,34.73,,,
INKESN0092,eSun PLA-Rock Filament - Tiger Porphyry 1kg Roll - 1.75mm - Compatible with Most FDM 3D Printers such as Creality / Bambu Lab / AnkerMaker / Raise3D / Flsun,45.0,30.0,33.33,CLEARANCE
INKESN0095,eSun PLA-Rock Filament - Blueschist 1kg Roll - 1.75mm - Compatible with Most FDM 3D Printers such as Creality / Bambu Lab / AnkerMaker / Raise3D / Flsun,45.0,30.0,33.33,CLEARANCE
INKESN0097,eSun PLA-Rock Filament - Limestone 1kg Roll - 1.75mm - Compatible with Most FDM 3D Printers such as Creality / Bambu Lab / AnkerMaker / Raise3D / Flsun,45.0,30.0,33.33,CLEARANCE
CABSPB4047,Sansai IPH-C802 100W USB-C Cable - 1.2m,17.68,13.73,22.34,CLEARANCE
MPP3SI0172797,3SIXT PureFlex+ Silicone - Samsung Galaxy S25 - (MS) Black,30.85,19.91,35.46,CLEARANCE
MPP4GM0166054,4GAMERS 4G C6-100 NEON GREEN/PINK,19.72,19.34,1.93,CLEARANCE
MPPCPC0167810,Capcom RESIDENT EVIL 4 STD XBOX SERIES X,39.0,33.43,14.28,CLEARANCE
MPPKTF0163218,KONTROLFREEK FPS Freek Edge Performance Thumbsticks for Xbox One & Series X/S,19.0,15.48,18.53,CLEARANCE
HSASGP07102,Spigen Ultra Hybrid Case for Sony WF-1000XM5 True Wireless Headphones,49.0,9.0,81.63,SUPER
CCTSWN1201,Swann ActiveResponse Personal Alarm Aqua (2nd Gen) - 1 Pack,41.46,,,
VCYLK6505216,"Yealink RoomPanel Plus E2 10.1"" All-In-One PoE/WiFi Meeting Room Scheduler Ambient Light & Proximity Sensor - Android 13",1688.66,1595.71,5.5,PBDEAL
CABDNX1143,Dynamix DY1002N 2.5 x 100mm Natural Cable Ties. Pack of 100. 80N/8.1kgs Tensile Strength. Made from U.L. Approved Nylon 6/6 with Flamability Rating of UL 94V-2,4.01,3.48,13.22,CLEARANCE
MPPKTF10163226,KONTROLFREEK Performance Inferno Kit for Xbox One & Series X/S,19.0,15.48,18.53,CLEARANCE
CABSPB4283,"Sansai IPH-C804 Soft LED Light USB C to USB C, 1.2m",13.01,10.9,16.22,CLEARANCE
EXWKSHP800607,HP Elitedesk 800 G6 Intel Core i5 10500T Mini Desktop PC (A-Grade Refurbished) 8GB RAM - 256GB SSD - Win11 Pro - WiFi - Includes Power Cord & Power Adapter - 18-Month Warranty - GreenMachine Certified Refurbished,799.0,759.05,5.0,CLEARANCE
HSTJBL6596090,JBL Tune 215BT Wireless Earbuds - Gold - 12.5mm drivers with JBL Pure Bass Sound - Hands-free calling - Comfortable open fit - Multipoint - Up to 16hrs playtime with USB-C fast charging,34.99,,,
MPP3SI0172806,3SIXT SlimFolio - Samsung Galaxy S25 - (RC)(MS) Black 10172806,29.42,16.03,45.51,CLEARANCE
BAPBAS0080,Baseus PicoGo 5000mAh 20W 1-Output MagSafe Magnetic Wireless Charging Power Bank -Pink Input 20W / Output 20W / 20W USB-C / Qi2 15W Wireless Charging,75.0,,,
HOMNJA0045,Ninja Swirl Creami Ice Cream Soft Serve Maker 13-in 1 - Sorbet / Milkshake / Frozen Yogurt / Soft Serve Handle - Serve For All Age,599.99,397.0,33.83,PBDEAL
EXWKSDEL70901,Dell Optiplex 7090 Intel Core i5-10500 SFF Desktop (A-Grade Refurbished) 16GB RAM - 512GB SSD - Win11 Home - 18-Month Warranty - GreenMachine Certified Refurbished,849.0,806.55,5.0,CLEARANCE
WSHSAM55004,Samsung WA90CG6745BW Top Load Washer with BubbleWash - 9kg - White,799.0,,,
HOMDYS586122,Dyson V8 Car + Boat Handheld Vacuum Cleaner 50 Minutes - 115aw- 1.9kg 0.54L Bin Volume - 2 Years Guarantee,499.0,295.0,40.88,PBDEAL
TAACNK1003,"CLink CL-USBC-CON USB-C 240W Power Delivery Adapter USB4, PD 3.1, 8K Video Support",15.23,13.09,14.05,CLEARANCE
HSTEDI0008301B,Edifier W830NB Wireless Over-Ear Noise-Cancelling Headphones - Grey - Bundled with Edifier X3 Pro True Wireless Noise Cancelling Earbuds - Black,148.0,128.0,13.51,30YEARSOFSOUND
HSTPHS68343,Philips DLM210300 PHILIPS WIRED MICROPHONE,30.99,27.3,11.91,CLEARANCE
SPKUER06407790B,Ultimate Ears UE WONDERBOOM 4 (Bundle of 2) Wireless Portable Bluetooth Speakers - 2x Sand Beige,270.0,,,
HHAMFS60792,"myFirst Sketch II 8.5"" Blue",28.0,,,
NBKMSI16023,"MSI Prestige 16 AI+ C3MG-023NZ 16"" 2.8K OLED 120Hz Intel Core Ultra 7 355 - 32GB RAM - 1TB SSD - Win 11 Home - 1Y Warranty - BE WiFi 7 + BT 6",3598.99,3478.0,3.36,PBDEAL
CABSTT6750268,StarTech.com CC150CM80GUSB4CABLE 1.5m USB4 Cable USB-IF Certified USB-C,72.12,65.78,8.79,CLEARANCE
HOMSHK0044,Shark StainForce Cordless Spot Cleaner HX100ANZ,339.0,325.0,4.13,PBDEAL
NBKAPP351599111,"Apple MacBook Air 15-inch Laptop with M5 Chip - Sky Blue 16GB Unified Memory  1TB SSD - 10-Core CPU -10-Core GPU - 16-Core Neural Engine -2x Thunderbolt 4 ports, MagSafe 3 port, 35w USB-C Power Adapter -,Support for up to two external displ",3271.55,,,
HOMDYS218087,"Dyson Spot + Scrub Ai Wet and dry Robot Vacuum Cleaner Cyclone Technology Stores for up to 100 days, 60°C Heated water Roller Clean, Dries with 45°C hot air, 4x more suction on carpets, Recognises different stains and Spills, 18000 Pa Sucti",2099.0,2095.0,0.19,PBDEAL
CABBEL6780260,Belkin BoostCharge Pro 140W Dual USB-C to C Cable - White -1.5M ( White),34.84,,,
NBKASU608167,"ASUS TUF A16 FA608UMI NVIDIA RTX 5060 Gaming Laptop 16"" FHD+ 144Hz - AMD Ryzen 7 260 - 16GB RAM - 512GB SSD - Win 11 Home - AX WiFi6E + BT5.4 - USB-C 3.2 (with PD & DP) - HDMI2.1 FRL - 1Y Warranty",3210.0,3134.04,2.37,PBDEAL
WTHWTH00033,Withings Scanwatch Nova Hybrid Smartwatch Brilliant Edition - Gold Silver Up to 35 Days Battery Life - 5ATM Water Resistance - Sleep Tracking - 24/7 Advanced Health Monitoring - ECG - Cycle Tracking - Activity Tracking and Workout Mode,899.0,719.2,20.0,WITHINGS
HSTHCP6782529,HP Poly Mission 425 USB-C/A Wired On-Ear Headset (Foam Ear Cushion) - Teams Certified 1-Mic / AI Noise Reduction / In-Line Control,88.69,,,
MVRVIT0015,"VITURE Luma Ultra AR Glasses With Neckband 152"" Virtual Screen - 120Hz AR Glasses for Gaming, Movies & Phone Use/VITURE Pro Elite 12GB RAM + 256GB Storage Neckband",2148.0,1999.0,6.94,VITURE
TVSAM52655,"Samsung QN80H 55"" Neo QLED 4K Mini LED Smart TV",2184.0,1888.0,13.55,PBDEAL
STALOG6794936,"Logitech Spotlight 2 Advanced Presenter with Haptics - Sand Digital and Laser Pointer - Haptic-guided Breathing - Quick charging, 1 min up to 3hr of use - Bluetooth - Bolt Receiver - 30m Long Range",219.95,185.0,15.89,NAKEDAUDIENCE
EXNBKHP84006BG,"HP EliteBook 840 G6 14"" FHD Laptop (B-Grade Refurbished) Intel Core i5 8265U - 8GB RAM - 256GB SSD - Win11 Pro (Upgraded) - 18-Month Warranty - GreenMachine Certified Refurbished",399.0,379.05,5.0,CLEARANCE
SPKEDI1001200B,Edifier M90 HDMI TV Speakers + T5s Subwoofer 170W 2.1 Bundle - Black,569.0,483.0,15.11,30YEARSOFSOUND
CCTEFY8411,Eufy Security C37 2K Outdoor Pan&Tilt Wire-Free Battery Camera with Solar Panel 6700mAh Battery / 360° AI Tracking / AI Detection,278.0,,,
CCTEFY8423,Eufy Security C37 2K Outdoor Pan&Tilt Wire-Free Battery Camera System with Solar Panel  - 2 Pack Homebase Mini / 6700mAh Battery / 360° AI Tracking / AI Detection,556.0,,,
GAMPWW1012,Powerwave PS5 Controller Phone Mount,22.97,,,
EXNBKLEN140043,"Lenovo ThinkPad T14s Gen4 14"" FHD Laptop (A-Grade Refurbished) Intel Core i7-1355U - 32GB RAM - 512GB SSD - Win11 Pro - 18-Month Warranty - GreenMachine Certified Refurbished",1799.0,1709.05,5.0,CLEARANCE
EXNBKLEN140040BG,"Lenovo ThinkPad T14s Gen4 14"" FHD Laptop (B-Grade Refurbished) Intel Core i7-1355U - 16GB RAM - 512GB SSD - Win11 Pro - 18-Month Warranty - GreenMachine Certified Refurbished",1399.0,1329.04,5.0,CLEARANCE
MOABRA1482,"Brateck KL31-44F 32""-75"" Fixed TV Wall Mount Max Weight 45Kgs Max VESA 400x400",44.68,,,
MOABRA1483,"Brateck KL38-69T 50""-100"" Tilt Slim TV Wall Mount Supports Up to 75Kgs Automatic Spring Locks",46.99,,,
TAAARX840021,Armor-X (RIN Series) RainProof Military Grade Rugged Tablet Case With Hand Strap & Kick-Stand  for Lenovo M8 (4th Gen) TB300 Tablet,29.0,12.12,58.21,CLEARANCE
CABSTT1608149,StarTech.com HDMIPNLFM3 4K 30Hz - 10.2Gbps HDMI Panel Mount Cable - 91cm HDMI Female to Male Adapter - 4K High Speed Panel Mount HDMI Cable - 4K 30Hz UHD HDMI 10.2 Gbps Bandwidth - 4K HDMI Female to HDMI Male - HDMI Panel Mount Connector Ca,26.04,22.32,14.29,CLEARANCE
INKHPL80387,Compatible Ink Cartridge Replacement for HP 564XL - Cyan High Capacity,9.56,8.62,9.83,CLEARANCE
ADPSTT3418936,"StarTech.com BRACKET125PT Tool-less 2.5"" SSD HDD Mounting Bracket",12.12,12.06,0.5,CLEARANCE
ADPAEN1828,AEON AN7 6.35mm Stereo Male to 2 RCA Female Audio Plug Socket Adapter,3.0,2.45,18.33,CLEARANCE
BAGHUA0003,"Huawei Swift CD60 15.6"" Laptop Backpack - Grey",78.99,64.34,18.55,CLEARANCE
CABDIG691035,Digitus DK-300105-050-S USB-A 2.0 Male to USB-B Male Cable - 5m,7.38,6.67,9.62,CLEARANCE
ITPPPUT21,AMDEX FP-C6-005 Jack for AMDEX Face Plates - AMDEX style - White Colour - Recommend for use with RJ45 plugs only - T568A Wiring Only,6.27,5.67,9.57,CLEARANCE
MPPSPB0421,"Sansai PAD-204USB 2 X USB Wall Charger, 2.1A Surge protected w/Power status indicator",20.3,19.27,5.07,CLEARANCE
NBBOEM0620,Laptop Battery For HP Pavilion 15-AX002NG 11.55V 61.6Wh 5150mAh PN: TE03XL HSTNN-UB7A 849910-850,55.0,49.65,9.73,CLEARANCE
CAMINS2102,"Insta360 Ace Pro 2 8K Action Camera Single Battery Xplorer Bundle ( Dark Grey ) Leica f/2.6 Lens - 90-Minute Runtime - 10M Waterproof - 1/1.3"" 48MP Sensor - Active HDR Capture",689.0,,,
MPPGEN0866,Xiaomi Redmi Note 14 Pro+ 5G Rugged Case - Black Clear Finish,34.33,30.98,9.76,CLEARANCE
CAMINS2101,"Insta360 Ace Pro 2 8K Action Camera Single Battery Xplorer Bundle - Silver Leica f/2.6 Lens - 90-Minute Runtime - 10M Waterproof - 1/1.3"" 48MP Sensor - Active HDR Capture",689.0,,,
EXNBKLEN006140,"Lenovo ThinkPad X1 Yoga G6 14"" WUXGA Touch Ultrabook (A-Grade Refurbished) Intel Core i7 1165G7 - 16GB RAM - 500GB SSD (NEW) - Win11 Pro - 18-Month Warranty - GreenMachine Certified Refurbished",1299.01,1234.05,5.0,CLEARANCE
SPKALT008000B,Altec Lansing SoundRover 50 50W Wireless Portable Party Speakers (2-Pack) with Tripod Stands & Mics Wireless Stereo Pairing - Bluetooth + FM Radio - RGB LED Lightshow - Wheels & Handle - USB-C charging - Up to 6hrs playtime,287.99,217.99,24.31,PBDEAL
SPKEDI027800B,"Edifier R2750DB MKII 7"" 3-Way Bookshelf Speakers + T5s Subwoofer 214W 2.1 Bundle - Black - with HDMI eARC + Bluetooth 6.0",624.0,524.4,15.96,30YEARSOFSOUND
HSTSHK08033RA,Shokz Refurbished OpenRun Wireless Open-Ear Bone Conduction Endurance Headphones - Red - Grade A,209.0,198.55,5.0,CLEARANCE
ADPSTT1592900,StarTech.com ICUSB232PRO 1-Port USB to Serial Cable - 30cm (1ft) USB to Serial DB9 Adapter Cable - Bidirectional USB to RS232 DB9 Serial Adapter,65.87,60.09,8.77,CLEARANCE
EXHPE1008,"HPE 737392-B21 450GB Server HDD 2.5inch/3.5-inch LFF Adapter, Dual Port 15K SAS Hot-Plug - REFURBISHED CONDITION",287.5,234.17,18.55,CLEARANCE
EXHPE1009,HPE 871888-001 400GB Server SSD SAS 12Gb/s 2.5-Inch Solid State Drive - REFURBISHED CONDITION,1035.0,843.02,18.55,CLEARANCE
EXHPE1010,"HPE 759212-B21 600GB Server HDD HDD 2.5inch/3.5-inch LFF Adapter, Dual Port 15K SAS Hot-Plug - REFURBISHED CONDITION",1035.0,843.02,18.55,CLEARANCE
EXNBKDEL74305,"Dell Latitude 7430 14"" FHD Touch 2-in-1 Laptop (A-Grade Refurbished) Intel Core i7 1255U - 16GB RAM - 256GB SSD - Windows 11 Home - 18-Month Warranty - GreenMachine Certified Refurbished",1199.0,976.59,18.55,CLEARANCE
EXNBKDEL74305BG,"Dell Latitude 7430 14"" FHD Touch 2-in-1 Laptop (B-Grade Refurbished) Intel Core i7 1255U - 16GB RAM - 256GB SSD - Windows 11 Home - 18-Month Warranty - GreenMachine Certified Refurbished",1049.0,811.69,22.62,CLEARANCE
ADPSTT2485498,StarTech.com USB31000SPTB USB 3.0 to Gigabit Ethernet Adapter NIC w/ USB Port - Black,78.14,72.0,7.86,CLEARANCE
INKBRT80436,Compatible Ink Cartridge Replacement for LC133C - Cyan,8.35,6.14,26.47,CLEARANCE
HSAIBL136342,i-Blason Cosmo Case for AirPods Max - Marble Jade Green - Shock-absorbing & scratch-proof - Premium & beautiful protective fashion earcup covers for Apple AirPods Max,39.94,7.6,80.97,CLEARANCE
NBKMST70529901,"Microsoft Surface Laptop (7th Edition) Copilot+ PC -  Platinum Snapdragon X Elite (12 Core) - 16GB RAM - 1TB SSD - 15"" HDR Touch Display - Win 11 Home",2599.0,,,
ADPSTT690119,StarTech.com ICUSBAUDIOB USB Audio Adapter External Sound Card,45.11,35.28,21.79,CLEARANCE
MOABRA0176,"Bracom LPA35-442 Aluminium Slim Sliding Full-Motion TV Wall Mount For most 23""-55"" LED, LCD Flat Panel",49.55,28.13,43.23,CLEARANCE
CABSTT4831046,StarTech.com 6ASPAT150CMBL Cat6A Ethernet Cable - 1.5m - Blue,6.22,5.55,10.77,CLEARANCE
INKBRT80438,Compatible Ink Cartridge Replacement for Brother LC133Y - Yellow,8.35,7.94,4.91,CLEARANCE
MOABRA1142,"Brateck PLB-CE946-01S 37-70"" Ceiling Mount Bracket Adjustable 560 910mm.  for LCD/Plasma TV",129.92,,,
BAPBAS0005,Baseus PicoGo 10000mAh 45W 2-Output Laptop Power Bank with Cable & Display -White Input 30W / Output 45W / 22.5W USB-A / 45W USB-C,78.99,,,
NBGSTM6518439,"STM Kin Laptop Sleeve for 15""-16"" MacBook Air & Pro - Aqua Blue - Fleece-Lined Interior, 4mm EVA Shock Absorption, Zippered Storage Pocket, Retractable Handle",49.0,38.0,22.45,DAILYSTEAL
TAAMST1211013,Microsoft Surface Pro 12-inch (1st Edition) Keyboard - ( Ocean ) for Surface Pro 12-Inch Tablet Only,209.0,,,
EXWKSHP800306,HP EliteDesk 800 G3 Intel Core i5 7500 SFF Desktop PC (A-Grade Refurbished) 8GB RAM - 256GB SSD - Win10 Pro - 18-Month Warranty - GreenMachine Certified Refurbished,448.99,405.21,9.75,CLEARANCE
MPHMIX03017301,"Xiaomi 17T Pro 5G (2026) Dual SIM Smartphone - 12GB+256GB - Deep Blue - 6.83"" 144Hz eye-care AMOLED Display - Leica 5x Telephoto - MediaTek Dimensity 9500 Chipset - 7000mAh Battery - 100W HyperCharge - IP68 - Wi-Fi 7 -",1464.0,1242.0,15.16,MEGA
MPPGEN0538,Xiaomi Redmi A3 Glass Screen Protector Clear - Case Friendly,16.32,13.29,18.57,CLEARANCE
VNT1286,Vention 5-in-1 USB-C Docking Station - Gray Metal Type HDMI / USB3.0 3 / PD Converter - 0.15m,73.81,66.61,9.75,CLEARANCE
TOLOLT2028,"Olight O'Pen 3 Multifunctional Pen Light with Green Laser (Black) 4-in-1 Multifunction, 120 Lumen, USB-C, Class 3R Green Laser",149.01,,,
CCTRLK1502,Reolink Argus Eco Pro 5MP/2K+ Outdoor Wire-Free Battery Camera with Spotlight - 2 Pack 21.6Wh Rechargeable Battery / Smart Detection / Dual-Band WiFi,429.0,349.42,18.55,CLEARANCE
TOLFNX0077,"Fenix Outdoor & EDC PD25R Rechargeable Flashlight Max 800 Lumens, Head: 0.94"" (24mm), Powered by 1 x 16340 700mAh Li-ion Battery (Included), Build-In USB-C Charging Port, USB Charging Cable is Included - 5 Years Free Repair Warranty",114.31,,,
MVRKWD0028,Kiwihome Cooling Station and Dual Controller Charger for Sony PlayStation 5 - White with RGB Lighting - Efficient Cooling System with Intelligent Speed Adjustment - Retractable Game Storage and Dual Controller Charging - Enhanced Support,94.24,89.53,5.0,CLEARANCE
CABSTT2149726,StarTech.com HDMM3M 4K 30Hz HDMI Cable with Ethernet - 3m (10ft) - Black HDMI Cable - 4K High Speed HDMI Cable with Ethernet - UHD 4K 30Hz Video - HDMI 1.4 Cable - Ultra HD HDMI Monitors / Projectors / TVs / Displays - Black HDMI Cord - Mal,23.44,20.69,11.73,CLEARANCE
HDDADA0504,ADATA HD710 Pro 1TB USB3.1 Durable External HDD - Blue - IP68 Water and Dust Resistance and MIL-STD-810G 516.6 Drop Tested.,239.46,215.0,10.21,PBDEAL
CCTSWN58001,Swann Buddy4K Outdoor Wire-Free Battery Video Doorbell with Chime & 32GB Card,300.47,253.02,15.79,SUPREME
ADPALG81152,Alogic Elements ELPC35A-WH Pro USB-C TO 3.5MM Audio Adapter - White,14.64,11.98,18.17,CLEARANCE
ADPUGR10144,UGREEN UG-10144 Fast Car Charger - Dark Blue,18.65,18.15,2.68,CLEARANCE
CABSTT3715554,StarTech.com USB2CC3M USB 2.0 - 480Mbps USB-C Cable - 3m M/M,26.71,18.08,32.31,CLEARANCE
CABVCR1042,Velcro VEL25554 Cable Management Tape - 10cm - Black - Pair Heavy Duty - Superior holding power up to 3kg - Mess-Free Alternative to Nails / Screws / Epoxy - 50mm Width,10.9,10.72,1.65,CLEARANCE
FILGBP37041188,Okin CBH3 Clipboard Hardboard A3 with bulldog metal clip.,8.61,8.19,4.88,CLEARANCE
TAALEN103011,Lenovo Tab M10  3rd Gen Folio Tablet  Case -Black,39.0,37.04,5.03,CLEARANCE
ADPSTT4017378,StarTech.com MSTCDP123HD 3-Port Multi Monitor Adapter USB-C to 3x HDMI Video Splitter - USB Type-C to HDMI MST Hub - Dual 4K 30Hz or Triple 1080p - Thunderbolt 3 Compatible - Windows Only,126.27,119.8,5.12,CLEARANCE
ADPSTT5013195,StarTech.com KSLTAD Security Slot Adapter Kit - K-Slot Lock Plate Adapter for Tablet / iPad / Computer / Monitor / Phone / Laptop - T-Bar Compatible - MacBook Pro/Air - Anti-theft - Slim Design - Silver,21.01,20.96,0.24,CLEARANCE
ADPSTT690115,StarTech.com 4 Port SuperSpeed Portable USB 3.0 Hub,57.73,40.31,30.17,CLEARANCE
ADPSTT690250,StarTech.com DP2HD4KADAP DisplayPort to HDMI Adapter - 4K 30Hz Compact DP 1.2 to HDMI 1.4 Video Converter - DP++ to HDMI Monitor/TV - Passive DP to HDMI Cable Adapter - Latching DP Connector,35.24,26.6,24.52,CLEARANCE
CABDNX2914,Dynamix C-C5E-SLDBLUE Cat5e UTP Solid Cable Roll - 305m - Blue 100MHz - 24AWG x 4P - PVC Jacket - Supplied in Pull Box,284.8,227.29,20.19,CLEARANCE
CABGOB10160655,Goobay 70373 Cable Management Clip - White 3 Slots,6.35,5.14,19.06,CLEARANCE
HOMDYS301216,Dyson Cool AM07 Tower Fan - White / Silver - 2 Years Guarantee,599.0,399.0,33.39,PBDEAL
KVMDDS1008,DDS IRB620U IR Sender,44.53,23.77,46.62,CLEARANCE
LABDYM3618788,Dymo S0722440 54x70mm Large Multi-Purpose Label Roll 320 labels per roll Black on White Paper,29.21,26.77,8.35,CLEARANCE
LABPNZ1001,"Peacock Bros CPTICKET38 Direct Thermal Courier Labels 100mm x174mm - 330 labels per roll on a 38mm core, outside wound (Courier Post and similar) Courier Post Label",15.48,14.7,5.04,CLEARANCE
MPP3SI10165882,3SIXT iPhone 14 Pro Neo Stand Case - Green MagSafe,29.66,19.42,34.52,CLEARANCE
NBGDCT31929,"Dicota URBAN Laptop Sleeve for 14"" MacBook & Ultrabook - Grey",39.0,37.04,5.03,CLEARANCE
PNTTMA81725,Tamiya XF-25 Acrylic Mini Paint - Light Sea Grey - 10ml,4.75,3.43,27.79,CLEARANCE
RACDNX1117,Dynamix FCP-3CH-1000 Floor Cable Protector - 3-Channel - Max Load 10 Tons - 1000mm Heavy Duty - Installation Lid - Outer Dims 1000x300x50mm - Channel Dims 30x35mm - Weight 8.5kg,80.71,77.83,3.57,CLEARANCE
SEVOEM1122,"14.0"" 1366x768 30Pin LCD Matte Screen Panel (Screw Holes on Top & bottom)/ 12 Month Warranty Compatible Model: N140BGE-E33, N140BGE-E43, N140BGE-EA3, N140BGA-EB3, NT140WHM-N31, NT140WHM-N41,B140XTN03.3",69.0,59.16,14.26,CLEARANCE
SPKJBL1070,"JBL PRO EON ONE MK2 All-in-One Battery-Powered Column PA with Built-In Mixer and DSP Bluetooth 1500W of Power - 8 x 2"" High-Frequency Drivers - 123dB Maximum SPL - 10"" Low-Frequency Woofer",2798.96,2668.15,4.67,CLEARANCE
MPPINC00000008,"Incase iPhone 16 Pro (6.3"") Slim Case - Black",49.94,24.97,50.0,CLEARANCE
MPPCOE0000011,"coehl iPhone 16 Pro (6.3"") Muse Case - Dusty Nude Magsafe Compatible, Textured Leatherette Exterior,Shock-Absorbing Protection with Raised Camera Lens Bezel, Includes Matching Lanyard Strap",44.0,24.18,45.05,CLEARANCE
MPPCOE0000016,"coehl iPhone 16 Pro Max (6.9"") Lumino Case - Sparkling Silver Magsafe Compatible - Slim and Form-Fitting for a Flattering Silhouette - Shock-Absorbing Protection with Raised Camera Lens Bezel",34.01,18.69,45.05,CLEARANCE
MPPCOE0000020,"coehl iPhone 16 Pro Max (6.9"") Verdure Case - Iridescent Magsafe Compatible, Shock-Absorbing Protection with Raised Camera Lens Bezel, Tough Fade-Resistant back with Flexible Bumper",34.01,18.69,45.05,CLEARANCE
WTHAPP572661,Apple Watch Series 10 (GPS + Cellular) 42mm - Slate Titanium Case with Black Sport Band - S/M,1298.99,998.99,23.09,SUPREME
WTHAPP896583,Apple Watch Series 10 (GPS + Cellular) 46mm - Slate Titanium Case with Slate Milanese Loop - S/M,1499.0,1198.99,20.01,SUPREME
MPPSKA0000028,"skinarma iPhone 16 Pro (6.3"") Saido Mag-Charge Case (NITEGLOW EDITION) - Lime Green Apple MagSafe Compatible - Glow-In-The-Dark Mag-Charge Ring - Raised 360 Screen Edges & Camera Lens Guard - Includes Interchangeable Corner Bumper Lanyard L",34.01,17.0,50.01,CLEARANCE
MPPSKA0000038,"skinarma iPhone 16 Pro (6.3"") Saido Mag-Charge Case (PRIME EDITION) - Titanium Apple MagSafe Compatible - Raised 360 Screen Edges & Camera Lens Guard - Includes Interchangeable Corner Bumper Lanyard Loops",39.0,19.49,50.03,CLEARANCE
CARVFO1023,VIOFO A229 PLUS 2K 1440P + 2K 5GHZ WIFI + GPS DASHCAM,465.89,437.0,6.2,DAILYSTEAL
NETLEDM5396,Edimax TGS-3109XT 8 Port 2.5GbE Web Smart Switch with 1x 10GbE Multi-Gigabit,246.58,206.9,16.09,CLEARANCE
PRM1347,"Promate LEAP-200H  SportFit HiFi Wireless Neckband Earphones with 200 Hours Playtime. ENC Noise Reduction for Clear Calls, Inline Controls, Standby Time 1200 Hours, Battery Capacity 900mAh. Black",56.42,54.16,4.01,CLEARANCE
EXMONSAM24650,"Samsung S24E650DW 24"" FHD Monitor (A-Grade Refurbished) LED Backlit - DVI - VGA - Displayport - 18-Month Warranty - GreenMachine Certified Refurbished",159.0,151.05,5.0,CLEARANCE
MPPGEN0801,Xiaomi Redmi Note 14 4G (2025) Glass Screen Protector Clear - Case Friendly,16.32,13.29,18.57,CLEARANCE
NBAALG6511335,Alogic EPLSWCBK Elite Power Laptop Stand with Wireless Charger,145.68,113.93,21.79,CLEARANCE
AUDTSC1051,TASCAM TH11 Multi-use Studio Grade Headphones,92.92,80.64,13.22,CLEARANCE
HSTSCD009000,Skullcandy Aviator 900 ANC Premium Wireless Over-Ear Noise-Cancelling Headphones - True Black - Adaptive 6-Mic ANC - THX Spatial Audio - Personal Sound - USB-C + 3.5mm Wired - Sweat & Water Resistant - Foldable design + crossbody travel bag,499.0,395.0,20.84,PBDEAL
MPPBTS817022,"Beats iPhone 17 (6.3"") Rugged Case with MagSafe and Camera Control - Rocky Blue Extra-durable triple-shot design - Shock-absorbing sidewalls and corners - Textured matt exterior for no-slip grip - Remarkably strong polymer back",139.0,93.12,33.01,SUPREME
MPPBTS817321,"Beats iPhone 17 Pro Max (6.9"") Rugged Case with MagSafe and Camera Control - Everest Black Extra-durable triple-shot design - Shock-absorbing sidewalls and corners - Textured matt exterior for no-slip grip - Remarkably strong polymer back",139.0,93.12,33.01,SUPREME
CAMCNP00613,Canon EOS R6 Mark III with RF 24-105 f/4L IS USM Lens Mirrorless Camera,6046.0,,,
HSTAPP6331754,Apple AirPods Max 2 Wireless Over-Ear Noise Cancelling Headphones - Purple,1143.99,998.99,12.67,PBDEAL
KEYLOG6789016,Logitech G512 X 98 TMR Analog / Mechanical Gaming Keyboard - White Tactile - 8K Polling - Dual Swap - SAPP Rings - RGB Backlighting & Lightbar - 9x Magnetic Switches Included,398.99,,,
MOABRA1476,"Brateck LDT118-C012-W 17""-40"" Elite Single Screen Mechanical Spring Monitor Arm. Max Load 11Kgs, White",92.52,,,
PTACRI0027B,"Cricut Everyday Smart Vinyl Permanent 13""X36"" / Black (3pcs Value Pack) for Explore and Maker",48.0,36.0,25.0,SUPREME
PTACRI0039B,"Cricut Everyday Smart Vinyl Matless Permanent Vinyl 13""x36"" White (3pcs Value Pack) for Explore and Maker",47.0,36.0,23.4,SUPREME
HSTSHK02100,"Shokz OpenDots Air Open-Ear True Wireless Clip-On Sports Earbuds - Black - Natural, balanced sound - Updated controls with force sensor - Clear voice calls - Secure & comfortable fit - 4x pre-set + 2x custom EQs - Up to 9hrs playtime/36hrs",217.99,,,
NBGTHU3205020,"THULE 3205020 Gauntlet Attach 5.0 for MacBook Pro 15""-16""  Black",179.54,177.68,1.04,CLEARANCE
EXNBKDEL542100,"Dell Latitude 5420 14"" FHD Laptop (A-Grade Refurbished) Intel Core i7-1165G7 - 16GB RAM - 256GB SSD - Windows 11 Home - 18-Month Warranty - GreenMachine Certified Refurbished",1099.0,1044.05,5.0,CLEARANCE
CABGOB10160651,Goobay 70350 Cable Management Hook and Loop - 6 Piece Set Short,4.6,3.43,25.43,CLEARANCE
CABSTT5445653,StarTech.com USB31000S2 USB to Ethernet Adapter - USB 3.0 to 10/100/1000 Gigabit Ethernet LAN Converter for Laptops - 11.8in/30cm,57.56,53.29,7.42,CLEARANCE
KVMSTT2736717,StarTech.com USB 3.0 Portable Hub with Gigabit Ethernet,86.68,61.08,29.53,CLEARANCE
MPPUAG10166109,Urban Armor Gear iPhone 14 Plus Civilian MagSafe Case - Olive,60.84,38.18,37.25,CLEARANCE
TVAKNC4601RGB,"KONIC 49""-70"" Scandinavian Easel Studio TV Floor Stand with RGB Light - Weight Capacity 40kg",249.0,208.0,16.47,CLEARANCE
NBKMST70529902,"Microsoft Surface Laptop (7th Edition) Copilot+ PC - Black Snapdragon X Elite (12 Core) - 16GB RAM -1TB SSD - 15"" HDR Touch Display - Win 11 Home",2599.0,,,
POSHON3612509,Honeywell Orbit 7190g 7190G-2USBX-0 USB Kit 1D PDF 2D B ORBIT 7190g USB 3m Straight Cable - Mount Place,261.44,252.14,3.56,CLEARANCE
MPPSGP06774,"Spigen iPhone 15 Pro (6.1"") Cyrill Classic Charm Mag Case with Strap - Cream Vegan Leather",54.0,51.3,5.0,CLEARANCE
ADPSTT690312,StarTech.com DP2HDMIADAP DisplayPort to HDMI Adapter - Compact DP to HDMI Adapter/Video Converter 1080p - VESA DisplayPort Certified - Passive DP 1.2 to HDMI Monitor/Display/Projector Cable Adapter,32.08,32.06,0.06,CLEARANCE
INKICN28981620,Okin Compatible Ink Cartridge Value Pack Replacement for Brother LC77XL - BCMY,13.37,12.9,3.52,CLEARANCE
ADPJAC6400,"Jackson PT6400 Vertical Double Adaptor with 4,500A Surge Protection AU / NZ",7.84,7.59,3.19,CLEARANCE
CABPDY0113,PUDNEY P3002 RG6 Coaxial F-Type to Coaxial Cable - 4m PVC,20.16,19.73,2.13,CLEARANCE
CABSTT5323063,StarTech.com HDMM21V1M 8K 60Hz HDMI Cable with Ethernet - 1m (3ft) - Black Certified HDMI 2.1 Cable - 8K/4K - Male to Male - Ethernet,45.57,37.51,17.69,CLEARANCE
CAMLOG5841497,Logitech Rally Bar Huddle 4K PTZ All-in-one Conference Video Bar FoV 120° - 4x Zoom - Microphone Range up to 7m,3998.0,3769.45,5.72,PBDEAL
GAMDBE0425H,DOBE Silicone Protective Skin Case Cover For PS4 Playstation 4 Controller -Black,14.98,2.9,80.64,CLEARANCE
HEATRB0039,Therabody TheraCup Advanced 3-in-1 Cupping Therapy Three Levels of Suction Decompression - Heat & Vibration,174.44,,,
KVMLNK1098,LENKENG LKV314HDR-V2.0 LENKENG 1-In-4-Out HDMI Splitter With HDR & EDID Supports UHD Res up to 4K2K30/60Hz HDMI 2.0 & HDCP2.2 Compliant. Low Power Consumption. Plug & Play. Solid Metal Housing,150.88,126.24,16.33,CLEARANCE
MEMDDR0041,"2GB DDR4 Laptop RAM SODIMM - Pull out from New System, Brands may vary",46.0,8.66,81.17,CLEARANCE
MPPCSM5895450,Casemate CM051568 iPhone 15 Plus Twinkle MagSafe Case - Disco,39.05,33.13,15.16,CLEARANCE
MPPSMR04216,SmallRig 52mm MagEase Magnetic CPL Filter Kit request phone cage and 52mm Magnetic Filter Adapter Ring,51.0,20.26,60.27,CLEARANCE
MPPUGR30401,UGREEN UG-30401 Gravity Phone Holder for Round Air Vent,18.3,17.42,4.81,CLEARANCE
NBASTM5613031,"STM Studio Protection Case for 13"" MacBook Air with M5/M4/M3/M2 Chip Only - Clear",78.0,65.35,16.22,DAILYSTEAL
TAANCE1612612,NICE Slim Light Folio Cover - (Blue)  Case for Lenovo  P11 2nd  Gen  (TB 350),29.0,11.65,59.83,CLEARANCE
TAANCE840011,NICE Slim Light Folio Cover - (Black)  Case for Lenovo  M8 4th Gen  (TB 300),19.0,5.91,68.89,CLEARANCE
VNT1216,Vention COAHH 3A USB-A to Micro-B Cable - 2m - Gray USB 2.0 - Cotton Braided - Aluminum Alloy,14.19,,,
VNT1255,Vention COZBH USB-A to USB-C Cable - 2m - Black USB 3.0 - PVC Type,14.08,,,
ADPADX1021,AMDEX FP-2PV3 Dual Port Face Plate,4.17,3.62,13.19,CLEARANCE
AUDTSC1036,TASCAM US4X4HR 4in/4out USB AUDIO/MIDI I/F,358.0,,,
CABALG5487481,Alogic ULCC2030-SGR  Super Ultra USB 2.0 USB-C to USB-C,16.48,12.88,21.84,CLEARANCE
CABPDY1513,PUDNEY P1513 HDMI 2.1 - 8K 60Hz - 48Gbps HDMI Cable - 1m PVC,18.72,14.67,21.63,CLEARANCE
CABPSU0506,RackPower CM0NL200-ST 10A 3-Pin to C5 Cable - 2m - Black Angled Top Entry Socket - Clover Socket - 0.75mm2 - PVC,16.26,15.44,5.04,CLEARANCE
CABPSU0655,RackPower CM1NCC100 10A - 2x C13 Power Splitter Cable - 1m - Black 0.5m to Each Socket - 1mm2 - PVC,18.18,14.29,21.4,CLEARANCE
CABPSU0762,IEC-Lock 15A AU 3 Pin to 16A C19 Power Cable - 2m - Black 15A - 16A - IEC-Lock - 1.5mm2,16.89,10.78,36.18,CLEARANCE
CABPSU0785,RackPower CM1CC200R 10A C14 to C13 Cable - 2m - Red 1mm2 - PVC,20.49,15.73,23.23,CLEARANCE
CABSRN0001,Shireen DC-2021 Cat6 Ethernet Cable - Per Meter FTP - Outdoor - Shielded non-returnable and non-refundable,3.34,,,
CABUNI0056,Unitek C1617GY DisplayPort 1.4 DisplayPort Cable - 15m - Space Grey + Black Active Optical - Up to 8K 60Hz - Up to 32.4Gbps - Long Distance A/V Lossless Transmission - Ultrapro,111.62,108.56,2.74,CLEARANCE
CAMLOG5165191,"Logitech Rally TV Mount Attach Rally Bar, Rally Bar Mini - Swing-arm design - VESA-compatible",299.0,297.82,0.39,PBDEAL
CHSDNX0004,Dynamix RABBP-1RU 1RU Brush Management Bar,43.52,36.49,16.15,CLEARANCE
CLEVPC5830,VACPAC P5830 Y101 Microply Vacuum Cleaner Bags,19.98,,,
GLUREV1139608,Revell RV39608 Contacta Professional Mini Glue - 12.5g,13.6,12.93,4.93,CLEARANCE
HDDADA0502,ADATA HD710 Pro 1TB USB 3.1 Durable External HDD - Yellow - IP68 Water and Dust Resistance and MIL-STD-810G 516.6 Drop Tested.,239.46,215.0,10.21,PBDEAL
IPHJAB4258443,Jabra 14151-09 Engage 65/75 Battery pack,57.5,46.84,18.54,CLEARANCE
MOAHNO7231,Huanuo HN-HC06-5 1.8 mtr HDMI Cable - 5 Piece Set High Speed,9.53,7.76,18.57,CLEARANCE
MPP3SI10165860,3SIXT iPhone 14 Pro Max PureFlex+ Case - Green MagSafe (RC),24.46,23.59,3.56,CLEARANCE
MPP3SI10165959,3SIXT iPhone 14 Plus Impact Zero Colour Case - Black MagSafe,33.26,28.03,15.72,CLEARANCE
MPPCSM5895444,Casemate iPhone 15 Pro Karat MagSafe Case - Touch of Pearl,35.63,28.42,20.24,CLEARANCE
MPPINC10161282,Incase KSNY Envelope Folio for  iPad Pro 11 (2nd/1st Gen) & Air (4th Gen) - Reverse Hollyhock/Black,68.23,52.8,22.61,CLEARANCE
MPPIVS10167195,InvisibleShield Galaxy S23+ Flex Screen Protector,50.48,30.02,40.53,CLEARANCE
MPPMOK012520,Moki 10004307 USB-A to Lightning Cable - 1m SynCharge,17.27,15.59,9.73,CLEARANCE
MPPPHX2579,PHILEX PHA-6026 Type-C/ to Type-C Sync/Data Cable 1.2M Grey USB-C supporting up to 60W (20V/3A) output,15.41,13.79,10.51,CLEARANCE
MPPPZG10169331,PanzerGlass iPhone 15 Plus Privacy Screen Protector,35.24,24.46,30.59,CLEARANCE
MPPUAG10166104,Urban Armor Gear iPhone 14 Pro Civilian MagSafe Case - Mallard,107.81,97.21,9.83,CLEARANCE
MPPZAG10168831,ZAGG Everest Snap w/ Kickstand - iPhone 15 Pro Max - Black 702312727,61.11,51.29,16.07,CLEARANCE
NETTTK1011,Teltonika RUTX11 4G LET CAT6 AC867  Dual Band WiFi 5 Industrial Router 1 GbE x 4 / SIM slot x 2 / Bluetooth LE / Single 4G LTE modems / GNSS,638.89,606.95,5.0,CLEARANCE
NETTTK1015,Teltonika OTD140 4G LTE Cat 4  Outdoor Router 100M FE x 2 / SIM Slot x 2 / PoE (15W),195.5,185.72,5.0,CLEARANCE
PNTTMA8027,Tamiya X-27 Enamel Mini Paint - Clear Red - 10ml,4.37,3.8,13.04,CLEARANCE
PNTTMA81724,Tamiya XF-24 Acrylic Mini Paint - Dark Grey - 10ml,4.75,3.43,27.79,CLEARANCE
PNTTMA81755,Tamiya XF-55 Acrylic Mini Paint - Deck Tan - 10ml,4.37,3.6,17.62,CLEARANCE
PRM1049,Promate POWERTUNE-38W  Wireless In-Car FM Transmitter with USB-C & USB-A Ports - Hands-Free with Built in MicroPhone - Stream via Bluetooth or USB Flash Drive - Smart LCD Screen & up to 5M Operating Distance,53.74,44.91,16.43,CLEARANCE
PRM1240,Promate PROLINK4K60-15M HDMI 2.0 - 4K 60Hz HDMI Cable - 15m - Black High-Speed Ethernet - Long Bend Lifespan - 48-Bit Colour - Gold Plated Connectors - PVC,91.88,78.6,14.45,CLEARANCE
PTABRT1737359,Brother TZE161 : Laminated tape black on clear 8,43.0,40.85,5.0,CLEARANCE
TOLOPN1021,OPTRONICS FC-ONEC-LC Fibre cleaner (1.25mm),147.11,139.75,5.0,CLEARANCE
UNC001003340,Alogic Ultra Fast + USB 2.0 USB-C to USB-C Cable 2m - 5A/480Mbps - Space Grey,17.16,14.46,15.73,CLEARANCE
WRIPLT20241,Pilot Pop Lol Gel Pen 0.7 Pastel Pink (BL-PL-7-PP),2.67,2.4,10.11,CLEARANCE
WRIPLT20371,"Pilot BL-G2STL-7-GDB G2 Stylus Gold Gel Fine Black 0.7mm fine point, smooth black gel ink, and a built-in rubberized stylus",7.41,7.29,1.62,CLEARANCE
WRIPLT20821,Pilot BLS-FR10-L-S3P Frixion Erasable Refill Broad Blue - Pack of 3,9.4,8.19,12.87,CLEARANCE
MPPICP00000002,"INCIPIO iPhone 16 (6.1"") Forme Case - Dynamic Rainbow",59.95,29.97,50.01,CLEARANCE
MPPICP00000015,"INCIPIO iPhone 16 Pro Max (6.9"") Duo Case - Clear",59.95,29.97,50.01,CLEARANCE
MPPGEN0719,Motorola Moto G24 (2024) Flip Wallet Case - Black 3 Card Slots - Cash Compartment - Magnetic Clip,25.32,7.59,70.02,CLEARANCE
MPPCOE0000014,"coehl iPhone 16 Pro (6.3"") Creme Case - Taupe Grey Magsafe Compatible, Soft, Smooth Exterior that Reduces Fingerprints, Smudges and Dust Adhesion, Includes Matching Lanyard Strap",39.0,21.44,45.03,CLEARANCE
MPPCOE0000021,"coehl iPhone 16 Pro Max (6.9"") Celest Case - Iridescent Magsafe Compatible - Tough Fade-Resistant Back with Flexible Bumper - Shock-Absorbing Protection with Raised Camera Lens Bezel",34.01,18.69,45.05,CLEARANCE
MPPSKA0000032,"skinarma iPhone 16 Pro (6.3"") Ekho Case - Clear Apple MagSafe Compatible - Raised 360 Screen Edges & Camera Lens Guard - Includes Interchangeable Corner Bumper Lanyard Loops",44.0,21.99,50.02,CLEARANCE
MPPSKA0000049,"skinarma iPhone 16 Pro Max (6.9"") Saido Mag-Charge Case (PRIME EDITION) - Champagne Apple MagSafe Compatible - Raised 360 Screen Edges & Camera Lens Guard - Includes Interchangeable Corner Bumper Lanyard Loops",39.0,19.49,50.03,CLEARANCE
SPKEDI1284B,Edifier R1280DBs Powered Bookshelf Speakers with T5 Powered Subwoofer 112W 2.1 Bundle - Brown Wood Bluetooth + 2x RCA + Optical + Coax Inputs - Bass / Treble Controls - For PC / TV & more - Wireless Remote Included,318.0,,,
CCTPAN0075,Panasonic VL-MC3035WX IP Colour Screen Video Intercom Monitor White WiFi Std POE,431.26,282.84,34.42,CLEARANCE
GAMTTM1029,Thrustmaster TH8S Shifter for PS5 / PS4 / Xbox One / Xbox Series XS,169.98,144.31,15.1,CLEARANCE
HOMCKK000011,ClickClack Equip CFP001BK Food Processor - Black,221.0,197.52,10.62,CLEARANCE
INKESN0067,eSun eABS+ HiSpeed Filament - Cold White 1kg Roll - 1.75mm - Compatible with Most FDM 3D Printers such as Creality / Bambu Lab / AnkerMaker / Raise3D / Flsun,39.0,20.12,48.41,CLEARANCE
INKESN0070,eSun eABS+ HiSpeed Filament - Orange Compatible with Most FDM 3D Printers such as Creality / Bambu Lab / AnkerMaker / Raise3D / Flsun,39.0,20.11,48.44,CLEARANCE
MOAAFC0302,AF ASDU200D134A Spray Invertible Aerosol Airduster - 200ml,14.98,,,
MPPOTB10171466,OtterBox 77-95600 OtterBox Cactus Leather Band - Apple Watch (42-45mm) - Black,42.81,39.11,8.64,CLEARANCE
NETMKT1494,MikroTik LTAP Mini LTE Access Point Cellular Kit (2024) with Added B28 Support,240.34,,,
OFSMMM11257,3M Scotch Felt Pads SP842-NA-S Assorted Beige - Pack of 36,11.28,9.06,19.68,CLEARANCE
PETPTK0047,Petkit Refill Ring for Purobot Ultra Litter Box,48.02,,,
PRM1275,Promate DRIVEGEAR-R2 88W Multi-Port In Car Phone Charger - Black Dual Rectractable USB-C & Lightning Cables - 80cm - 20W USB-C Port - 18W QC3.0 Port - 30W USB-C Cable - 20W Lightning Cable,35.01,30.38,13.22,CLEARANCE
PETPTK0043,Petkit Cat Litter Remover for Pura Max 2,19.0,15.25,19.74,DAILYSTEAL
MPP4GM10166062,4GAMERS XP-01-WHT-4G 4G HEADSET STAND WHITE,14.25,11.03,22.6,CLEARANCE
MPPKTF10159622,KONTROLFREEK 8013-C Eclipse Performance Thumbsticks for Nintendo Switch,16.25,13.24,18.52,CLEARANCE
BULRAZ111801,Razer Aether Light Bulb E27 - RGB LED Bulb For Gamer Rooms,99.0,53.5,45.96,CLEARANCE
CARTRS0015,Transcend TS-DPA1 Adhesive Mount for DrivePro,11.6,11.14,3.97,CLEARANCE
EXWKSLEN092059,Lenovo ThinkCenter M920Q Intel Core i5-9500T Tiny PC (A Grade Refurbished) 2.10GHz - 16GB RAM - 256GB SSD - WiFi - Includes Power Adapter & Power Cord - Win 11 Pro (Upgraded) - 18-Month Warranty - GreenMachine Certified Refurbished,649.0,616.55,5.0,CLEARANCE
ADPSTT6398168,StarTech.com 2GPD3-USB-C-ETHERNET USB-C to 2.5Gb Ethernet Adapter,75.04,72.04,4.0,CLEARANCE
CABSTT6436771,StarTech.com 3114GCU-WALL-CHARGER 140W USB-C Wall Charger PD 3.1,200.9,151.93,24.38,CLEARANCE
CABSTT6450767,StarTech.com DP21-3M-DP40-CABLE VESA Certified DisplayPort Cable - 3m DP 2.1 - DP to DP,54.31,54.3,0.02,CLEARANCE
PRM1352,"Promate 150PSI Portable Air Compressor with 7,500mAh Power Bank LED Flashlight / Safety Hammer / SOS Signal / Bulit-in TPMS  LED Display, Multi Purpose Inflator, USB-A Output.",87.15,78.65,9.75,CLEARANCE
SPKEDI003000,"Edifier ES300 60W Tabletop AirPlay + Bluetooth Wireless Speaker - Black Hi-Res Audio via WiFi, Bluetooth 5.3, USB & AUX inputs - Apple AirPlay 2 - Dual 1.25"" silk dome tweeters + 4"" long-throw mid-low driver - Ambient lighting - Up to 12hrs",238.0,,,
TOYRAS0066,"RASTAR 1:14 Red Ferrari 499P 2.4GHz Remote R/C Car Official Authorization, Doors Can Be Opened Manually, One-Click Acceleration. Batteries are NOT Included! Ages 6+!",59.0,44.85,23.98,CLEARANCE
MPP4GM0166063,4GAMERS 4G C6-100 BUNDLE BLUE/RED,28.51,22.06,22.62,CLEARANCE
MPPGML0169627,GAMEMILL ENTERTAINME NICK ALL STAR BRAWL 2 - SWITCH,43.0,31.61,26.49,CLEARANCE
MPPKTF0159832,KONTROLFREEK FPS Freek Inferno Performance Thumbsticks for Nintendo Switch Pro,17.07,13.2,22.67,CLEARANCE
MPPKTM0167135,KOEI TECMO Atelier Ryza 3 : Alchemist of the End & the Secret Key For PS4,37.04,30.18,18.52,CLEARANCE
NETGWL1038,Go Wireless NZ Go Wireless C6A-IC-IP68 IP68 Rated Waterproof CAT6A Passive Ethernet Inline Coupler Joiner,19.56,16.05,17.94,CLEARANCE
MDLTMA15492,Tamiya 15492  Mini 4WD Brake Sponge Set 1/2/3mm White,9.2,4.31,53.15,CLEARANCE
NBGINC10171711,"Incase Go Laptop Sleeve for 14"" Laptops - Black",65.0,49.0,24.62,MEGA
WRIPLT20861,Pilot Frixion Light Erasable Highlighter Soft Orange (SW-FL-SO) -- Buy 12 units to receive them in a box,2.06,1.08,47.57,CLEARANCE
CABALG5487439,Alogic Fusion Series USB-C to HDMI Cable - Male to Male - 1m - Up to 4K60Hz,46.99,45.11,4.0,CLEARANCE
GAMSNY5124,Sony PS5 Playstation 5 Pulse Explore Wireless Gaming Earbuds - Midnight Black,299.0,,,
AUDSMS2027,SAMSON ESAXP310W-D EXPEDITION XP310W PORT PA- D FREQ,1232.88,1148.28,6.86,CLEARANCE
BAPBEL6495371,Belkin BoostCharge 20000mAh 30W 3-Output Power Bank with Cable -Pink Input 20W / Output 30W / 12W USB-A / 30W USB-C,61.76,,,
OFSICN8987592,Okin ISNPSC004 Spiral Notepad A7 Soft cover 96 pg,1.24,1.22,1.61,CLEARANCE
VCYLK250501,Yealink UVC40 E2 4K All-in-One USB Conference Video Bar - BYOD 8MP/4K/30FPS - FOV 120° - 5W Speaker - 8-Mic Array up to 6m Range,1199.0,1042.07,13.09,PBDEAL
NBGDCT32115,"Dicota Rucksack Commuter Laptop Backpack for 13""-16"" Notebook - Black - 16L",45.0,40.61,9.76,CLEARANCE
NBGRAZ0007,"Razer Xanthus Tote Bag - Two-way Carry with Detachable Shoulder Strap Fits for 16"" Laptop - Lightweight Water-repellent Nylon Exterior Finish",148.0,103.36,30.16,CLEARANCE
HSTBEL6292296,Belkin SoundForm Inspire Wired USB-C + 3.5mm Over-ear Headset for Kids - Black Volume Limited - Flip-up Boom Microphone - Spill-resistant - 2 Years Warranty,59.95,56.95,5.0,CLEARANCE
HSTJAB6377053,"Jabra Engage 45 SE Stereo DECT Wireless On-Ear Headset, 2-Mics Noise Cancellation / Busy Light / Up to 150m Distance / Up to 13-Hour Talk-time",308.87,250.12,19.02,SUPREME
MPPCOE0000032,"coehl iPhone Air (6.5"") AMARA Case - Soft Lilac Slim fit design with tactile metallic buttons, Raised Camera Bezel protect the lens, Compatible with magnetic wireless charging. Comes with 2 interchangeable lanyard loops",34.01,18.69,45.05,CLEARANCE
CAMGPO4174,GoPro Max 2 360 Action Camera 360 Video: 6K Source / 5.6K Stitched - 3K Source / Stitched - HERO Video: 1440p / 1080p,698.0,,,
WSHSAM55003,Samsung WA80CG5441BW Top Load Washer with BubbleWash - 8kg - White,798.0,,,
WSHSAM55005,Samsung WA90CG6745BV Top Load Washer with BubbleWash - 9kg - Black,899.0,,,
SPKBLA000202B,BlueAnt X2i 20W Wireless Portable Bluetooth Speakers (2-Pack) - Crimson Red - Stereo Pairing- IP56 splash-proof design - Studio-engineered tuning - Shimmerweave metallic fabric finish - Bluetooth 5.3 + 3.5mm Aux input - Up to 12hrs playtime,195.99,98.0,50.0,PBDEAL
SPKEDI012810B,Edifier S2000MKIII Premium Tri-Amped 130W HiFi Powered Bookshelf Speaker System Bundled with matching SS02C Speaker Stands worth $199,798.0,662.4,16.99,30YEARSOFSOUND
WSHSAM76005,Samsung WW90DG6U94L Front Load Washing Machine with AI Wash & Auto Dispense - 9kg - White,1298.99,,,
CCTBLI34831,"Blink Mini 2K+ Wireless Camera, Black - 2 Pack",33.0,,,
CCTALO447012,Arlo Pro 6 2K Outdoor Wire-Free Battery Camera with Solar Panel - 4 Pack 160° Field of View / USB-C Connector / 15% Longer Battery Life than Pro 5,745.0,,,
SPKUER06235913B,Ultimate Ears UE WONDERBOOM 4 (Bundle of 2) Wireless Portable Bluetooth Speakers - 2x Active Black,270.0,,,
SPKUER06235919B,Ultimate Ears UE WONDERBOOM 4 (Bundle of 2) Wireless Portable Bluetooth Speakers - Cobalt Blue + Enchanting Lilac,270.0,,,
SPKUER06235634B,Ultimate Ears UE WONDERBOOM 4 (Bundle of 2) Wireless Portable Bluetooth Speakers - 2x Enchanting Lilac,270.0,,,
CARHIK309501661,HIKVISION N6 PRO Mirror Dashcam - 2K Front and 1080P Rear Camera,206.74,165.0,20.19,DAILYSTEAL
CARHIK309502166,HIKVISION K5 Dashcam 2K - 3 Inch Touch Screen - Built-in Wi-Fi - Voice Recognition,135.53,105.0,22.53,DAILYSTEAL
EXWKSHP400403,HP ProDesk 400 G4 Intel Core i7-8700T Desktop Mini PC (A Grade Refurbished) 8GB RAM - 256GB SSD - Win11 Pro 64bit - No-WiFi - 18-Month Warranty - GreenMachine Certified Refurbished,649.0,616.55,5.0,CLEARANCE
WTHWTH00021,Withings Scanwatch 2 Hybrid Smartwatch 38mm - White Up to 35 Days Battery Life - 5ATM Water Resistance - 24/7 Advanced Health Tracking with TempTech24/7 Module - Sleep Tracking - ECG - Activity Tracking and Workout Modes,669.0,535.2,20.0,WITHINGS
HHAMFS60808,"myFirst Sketch II 8.5"" Pink",28.0,,,
CABSTT6750280,StarTech.com USB2CC3MNCBR 3m (10ft) Braided USB-C Charging Cable,21.34,21.3,0.19,CLEARANCE
CABSTT6760280,StarTech.com CC3M20GUSB4CX 3m USB4 Cable USB-IF Certified USB-C,72.98,71.12,2.55,CLEARANCE
TAAGGC1133,"Generic - Grip Case AR-W229 Waterproof Case (IP68) - Galaxy Tab A11+ 11""",92.4,92.33,0.08,CLEARANCE
WTHWTH00012,Withings Scanwatch Light Hybrid Smartwatch 37mm - Black Up to 35 Days Battery Life - 5ATM Water Resistance - Sleep & Activity Tracking - 24/7 Heartrate Tracking,479.0,383.2,20.0,WITHINGS
CCTSWN18047,Swann MaxRanger4K V2 Wire-Free Battery Solar Camera - Add On,298.05,,,
SPKJBL6596874BD,JBL PartyBox 520 400W Wireless Portable Party Speaker - Black BOX DAMAGED - FULL WARRANTY APPLIES,994.0,897.09,9.75,CLEARANCE
CABBEL6780261,Belkin BoostCharge Pro 140W Dual USB-C to C Cable - Black -1.5M (Black),34.84,,,
AUDPAU0018,"Plaud AI Note Taker NotePin S - Silver The most wearable AI note taker  with lanyard, wristband, magnetic pin & clip",295.0,,,
MONAOC722237,"AOC AGON Pro AGP247FK 24"" FHD 420Hz Ultra Fast TN eSport Gaming Monitor - 1920X1080 ,  0.5ms , 2x HDMI 2.1 + DP 1.4 + USB Hub .  Nvidia G-sync Compatible ,  Ergonomic Comfort Design , 100x100mm",599.0,,,
OFSOKN69031,Okin IPMGFBLK Okin Permanent Marker with Grip Fine Black,1.45,1.38,4.83,CLEARANCE
HOMNJA0065,Ninja Slushi Frozen Drinks Maker Limited Green Colour Edition Limited Stock,598.0,525.0,12.21,PBDEAL
HOMNJA0068,"Ninja Blend Boss Tumbler Blender Stone Mint The powerful 1100W base blends directly into a removable 760ml tumbler, 100% leakproof flip-cap lid and straw",279.0,245.0,12.19,PBDEAL
TVSAM726377,"Samsung S85H 77"" OLED 4K Vision AI Smart TV",4585.0,,,
EXNBKDEL542070BG,"Dell Latitude 5420 14"" FHD Laptop (B-Grade Refurbished) Intel Core i5-1135G7 - 8GB RAM - 256GB SSD - Windows 11 Home - 18-Month Warranty - GreenMachine Certified Refurbished",699.0,664.06,5.0,CLEARANCE
EXWKSDEL707003,Dell Optiplex 7070 Micro PC (A-Grade Refurbished) Intel Core i5-9500T - 8GB DDR4 - 128GB SSD - Win11Pro - Includes Power Cord & Power Adapter - 18-Month Warranty - GreenMachine Certified Refurbished,599.0,569.05,5.0,CLEARANCE
TVLGL32675,"LG QNED70 75"" QNED AI Mini LED 4K Smart TV 2026",2447.99,,,
GAMNTD1077,Sonic Racing CrossWorlds - Nintendo Switch 2,119.0,,,
GAMXBX1102,Assassin's Creed Black Flag Resynced - XBOX,99.0,,,
EXWKSDEL30801BG,Dell Optiplex 3080 Intel Core i5-10500 SFF Desktop PC (A-Grade Refurbished) 8GB RAM - 256GB SSD - Win11 Pro - 18-Month Warranty - GreenMachine Certified Refurbished,699.0,664.06,5.0,CLEARANCE
TOLEDT2035,ednet Screen Cleaning Wipes 100 pack,9.99,,,
MPPGEN0851,Xiaomi Redmi Note 14 4G/5G Flip Wallet Case - Black 3 Card Slots - Cash Compartment - Magnetic Clip,25.32,20.63,18.52,CLEARANCE
HSTJBL6261450BD,JBL Tune 305C USB-C Wired Hi-Res Earbuds - White BOX DAMAGED - FULL WARRANTY APPLIES,27.0,24.37,9.74,CLEARANCE
MVRVIT0014,"VITURE Luma Ultra AR Glasses With Pro Mobile Dock 152"" Virtual Screen - 120Hz AR Glasses for Gaming, Movies & Phone Use/ Pro Mobile Dock Up to 13,000mAh - Support HDMI - 2x USB-C Output",1837.7,1499.0,18.43,VITURE
HSTSHK06610RA,Shokz Refurbished OpenMove Wireless Open-Ear Bone Conduction Lifestyle / Sports Headphones - Grey - Grade A,109.0,103.55,5.0,CLEARANCE
HSTSHK08200RB,Shokz Refurbished OpenRun Pro 2 Wireless Open-Ear Bone Conduction Sports Headphones - Black - Grade B,239.0,227.06,5.0,CLEARANCE
NBKMST70325124,"Microsoft Surface Laptop (7th Edition) Copilot+ PC - Dune Snapdragon X Elite (12 Core) - 16GB RAM - 512GB SSD - 13.8"" HDR  Touch Display  - Win 11 Home",2099.0,,,
KVMSTT2959518,StarTech.com PEXUSB3S3GE 3Port PCIe USB 3.0 Adapter Card - Standa,81.97,75.47,7.93,CLEARANCE
CABDNX0041,Dynamix C-USBCHDMI4K60-3 USB-C to HDMI Cable - 3m Supports 4K 60Hz,64.22,58.4,9.06,CLEARANCE
GAMDBE3803,DOBE Thousand-layer Mirror Figure Display Box RGB LED Figure Dust Protect Case,20.0,19.0,5.0,CLEARANCE
HSTMOK54011579,Moki MokiPods True Wireless In-Ear Headphones - White Up to 2.5 Hours Battery Life / 12.5 Total with Charging Case,21.65,19.72,8.91,CLEARANCE
NBAMBE1005,mbeat ACA-MSTD-02OAK ACTIVIVA ErgoLife Monitor Stand Riser With Storage Drawer,65.45,59.06,9.76,CLEARANCE
NBBOEM0432,"Laptop Battery for HP EliteBook 825 G2 720 G1 820 G1 - 11.1V 46Wh 3950mAh, PN: SB03XL SB03046XL 716726-421 716726-1C1 717378-001",39.0,35.19,9.77,CLEARANCE
TAAUAG810011,Urban Armor Gear Metropolis SE Case for Samsung Galaxy Tab S9 +  ( Black ),79.0,16.11,79.61,CLEARANCE
UCHSCC91089846,Scosche Magic Mount Pro Charge5 Dash / Vent Mount MagSafe Compatible,98.41,76.07,22.7,CLEARANCE
CAAGPO04060,"GoPro 3-Way Grip ARM ,  Tripod - Expands to 20inch  (50.8cm), collapses to 7.5inch  (19cm) - (AFAEM-002) Compatible with all GoPro",117.0,,,
HSTATC26385,Audio-Technica ATHM50XSTS-USB Professional Streaming Headset - USB Version,406.76,381.74,6.15,CLEARANCE
IPHJAB4820953,Jabra Evolve2 85 Bluetooth Over-Ear Active Noise Cancelling Headset - UC Certified USB-A / 10-Mics Noise Cancellation / 40mm Speakers / Hybrid ANC / Retractable Mic / Busy Light / Fast Charge / Up to 30m Distance / Up to 30-Hour Talk-Time,719.0,673.67,6.3,BUSTER
IPHJAB4820957,Jabra Evolve2 85 Bluetooth Over-Ear Active Noise Cancelling Headset - Teams Certified USB-C / 10-Mics Noise Cancellation / 40mm Speakers / Hybrid ANC / Retractable Mic / Busy Light / Fast Charge / Up to 30m Distance / Up to 30-Hour Talk-Tim,766.03,645.43,15.74,SUPREME
IPHJAB4820961,Jabra Evolve2 85 Bluetooth Over-Ear Active Noise Cancelling Headset - Teams Certified USB-A / 10-Mics Noise Cancellation / 40mm Speakers / Hybrid ANC / Retractable Mic / Busy Light / Fast Charge / Up to 30m Distance / Up to 30-Hour Talk-Tim,721.0,638.89,11.39,SUPREME
MPPTEC10152436,TECH21 iPhone Xs Max Impact Shield Screen Protector,30.18,19.52,35.32,CLEARANCE
NETEDM1081,Edimax EW-7811DAC (AC600) Dual-Band WiFi 5 USB Wireless Adapter Directional High Gain - 802.11ac - WPS Button - Directional High Gain 5dBi Antenna - USB for Flexible Placement,57.6,52.77,8.39,CLEARANCE
PTRCRL0095,Creality Accessories Dual-Sided Printing Platform Board Kit for FDM Printers with a Platform Size of 235x235mm - 235x235mm - (Glossy PEO + Coated PEI),60.95,57.9,5.0,CLEARANCE
WKSGGPC40010,GGPC GTX 1650 Gaming Upgrade Box AMD Ryzen 3 4100 4 Core - 500GB SSD - 16GB RAM - NVIDIA GeForce GTX1650 4GB - WiFi + Bluetooth - No Operating System,918.85,872.91,5.0,CLEARANCE
MPPALG6379712,Alogic AMBT7KWHAPEX Bluetooth USB-C Rechargeable 7 Keys,63.81,61.26,4.0,CLEARANCE
TAAMST1211011,Microsoft Surface Pro 12-inch (1st Edition) Keyboard - ( Slate  ) for Surface Pro 12-Inch Only,229.0,,,
TAAMST1211012,Microsoft Surface Pro 12-inch (1st Edition) Keyboard - ( Violet  ) for Surface Pro 12-Inch Only,229.0,,,
HSTNTG11300003,Nothing Headphone (1) Wireless Over-Ear Noise Cancelling Headphones - Black Real-time Adaptive ANC - Sound By KEF - Hi-Res Audio with LDAC - IP52 Sweat & Water Resistant - Up to 35hrs playtime (ANC On),599.0,589.0,1.67,PBDEAL
SPKEDI003004,"Edifier S300 80W Premium Wireless Hi-Fi Tabletop Speaker with AirPlay 2 - Ivory Hi-Res Audio via Dual-Band WiFi + Bluetooth 5.4 with LDAC + USB-C + AUX inputs - Apple AirPlay 2 + Multiroom - 15W tweeters + 50W 5.5"" mid-bass driver - Retro d",398.0,307.97,22.62,CLEARANCE
CAMFUJ25512,Fujifilm Instax Mini 12 Limited Edition Instant Camera Christmas Gift Pack 2025 - Blue,145.0,118.1,18.55,CLEARANCE
MOABRA0107,"Bracom LCD-LDTBASE Desk Stand for LDT11-C012, LDT11-C024, LCD-LDT02-C024 Bracket Ranges",44.48,32.69,26.51,CLEARANCE
NICSTT690407,StarTech.com ST2000SPEXI Dual Port PCIe Gigabit Network Card,437.8,356.59,18.55,CLEARANCE
UCHMBE0248,mbeat Power Dot Pro MB-CHGR-C248 34W Dual Port 4.8A Rapid Car Charger Ultra Fast - Metallic Design - Built-in Safety Protection Against Short-Circuit - Over-Voltage - Over-Charging & Over-Heating,17.94,12.2,32.0,CLEARANCE
BAPMOP01110786,Mophie 10000mAh 20W 3-Output Power Bank - Black Input 18W / Output 20W / 18W USB-A / 20W USB-C,69.0,65.55,5.0,CLEARANCE
TOLOEM0067,RGB Gaming HeadSet & Headphone Stand + Mouse Cord Holder X 2 USB Port Hub Black Hanger / Holder for Headset / Headphone / 7 LED Colors + Color Changing Mode,44.99,42.73,5.02,CLEARANCE
CABDNX0303,Dynamix Cat6 STP Patch Lead - 3m - Beige T568A Specification - 26AWG - Slimline Snagless Moulding - Shielded RJ45 with 50µ Inch Gold Plate Connectors,12.35,8.21,33.52,CLEARANCE
CAASTT690389,StarTech.com HSB100SATBK 5.25in Trayless Hot Swap Mobile Rack for 3.5in Hard Drive Hot-swap any 3.5in SATA hard drive easily from any computer with a 5.25in bay,49.17,44.85,8.79,CLEARANCE
KVMSTT3741416,StarTech.com ST4200MINIC 4 Port USB C Hub - C to 4x A - USB 2.0,38.67,29.99,22.45,CLEARANCE
MPPGEN0671,Xiaomi Redmi 12 LTE Rugged Kickstand Case - Black with Camera Cover Protection,23.32,6.99,70.03,CLEARANCE
NBGMSI34120808,"MSI Essential Backpack Fits up to 17"" laptops",79.0,75.05,5.0,CLEARANCE
NBPOEM19384,OEM Manufacture For Samsung 40W 12V 3.33A Laptop Charger - 2.5x0.7mm  Connector Size (Power cord not included),29.0,24.86,14.28,CLEARANCE
OSYPAR5594886,Parallels Desktop for Mac Agnostic -1 User /1-Year Subscription - Retail Box with Download Code  ( Free updgrae to the latest verion with the same download code in the box ),99.0,27.46,72.26,CLEARANCE
WRIPLT257008,Pilot Hi-Tecpoint V5 Rollerball Extra Fine Black (BX-V5-B) -- Buy 12 units to receive them in a box,5.59,4.82,13.77,CLEARANCE
ADPALG00184,Alogic Elements MDP-DVBK-ACO Adapter Mini DisplayPort Male to DVI Female 20cm - Black,19.91,,,
ALG5487441,Alogic Fusion FUDP2-SGR 8K DisplayPort Cable - 2m Up to 8K,26.75,22.03,17.64,CLEARANCE
AUDSMS2019,SAMSON ESCAPE PLUS PORTABLE PA SYSTEM,350.01,337.56,3.56,CLEARANCE
BAGEKB4171,"Everki Lunar Briefcase EKB417BK18 18.4"" Laptop Bag - Black Nylon 1680D",178.99,,,
CAASNY6289,Sony FE 85mm f/1.8 Lens E-Mount Lens / Full-Frame Format - Aperture Range: f/1.8 to f/22,809.0,,,
CABALG00104,Alogic C6S-05BLU Cat6 Slim Ethernet Cable - 5m - Blue 28 AWG,13.08,11.44,12.54,CLEARANCE
CABPSU0500,RackPower CM0NL030 10A 3-Pin to C5 Cable - 30cm - Black Clover Socket - 0.75mm2 - PVC,9.91,5.46,44.9,CLEARANCE
CABSTT5677046,StarTech.com RUSB2CLTMM1MR USB 2.0 - 480Mbps USB-C to Lightning Cable - 1m - Black MFi Certified - Angled - USB-C to Lightning Cable - 3ft,30.23,19.93,34.07,CLEARANCE
CAMSNY2012,Sony ZV-E10 II Mirrorless Camera (Body Only) - Black 26MP APS-C Exmor R CMOS Sensor - UHD 4K60p and Full HD 120p Video - Up to 11-fps Shooting - 759-Point Fast Hybrid Phase Detection - Directional 3-Capsule Mic and Windscreen,1542.0,,,
CCTSWN112201,Swann 2K Indoor Wi-Fi Camera,88.16,,,
CHSDNX1017,"Dynamix PP10-UKS-8 10"" 8 Port Unloaded Keystone Jack   Patch Panel for 10"" Cabinet R10 series",34.84,23.77,31.77,CLEARANCE
HSTATC26328,Audio-Technica ATH-SPORT50BT Wireless In-Ear Headphones - Black Bluetooth - Up to 6 Hours Battery Life,127.54,75.22,41.02,CLEARANCE
KVMDDS1002,DDS DIR300V Digital IR Extender,63.42,53.73,15.28,CLEARANCE
MOAFEL236462,Fellowes 4801601 Privacy Screen Filter 24-inch Widescreen 16:10,212.66,153.61,27.77,CLEARANCE
MOAFEL236477,Fellowes 4807101 Privacy Screen Filter 23.0-inch Widescreen 16:9,211.9,115.09,45.69,CLEARANCE
NBASTT5911346,StarTech.com RUSB315CC2MBR USB 3.1 Gen 2 - 10Gbps - 60W USB-C Cable - 2m - Black Rugged - Right Angle - USB-C Cable - 6ft - USB 3.1 Gen 2 - 10Gbps - 60W,64.01,51.78,19.11,CLEARANCE
NETADX1026,AMDEX FP-HDMIAMD-BK HDMI HDMI Adapter Cable - Black High Speed - With Ethernet,18.73,15.81,15.59,CLEARANCE
NETDNX0067,Dynamix 110-4P 110 Cat5e - 4 Pair Plug,4.19,1.85,55.85,CLEARANCE
PNTTMA85018,Tamiya TS-18 Spray Paint for Plastics - Metallic Red - 100ml,11.55,10.13,12.29,CLEARANCE
PRM1141,Promate TRANSLINE-CI.WHT 27W PD - 480Mbps USB-C to Lightning Cable - 1.2m - White Transparent Connectors - LEDs - 25000+ Bend Lifespan - Gold Plated Connectors - Nylon Braided - Data & Charge,15.16,14.62,3.56,CLEARANCE
RKTEST0302274,Estes - Recovery Wadding - 75 Sheets,13.44,12.97,3.5,CLEARANCE
UCHSCC1065,Scosche MPQ6DV-SP Magic Mount PRO (Gen 6) Wireless Charging Dash / Vent Mount MagSafe Compatible,96.67,74.8,22.62,CLEARANCE
WRIPLT20602,Pilot Iroshizuku Ink 15ml Crimson Glory Vine Yama-budo (INK-15N-YB),18.99,18.03,5.06,CLEARANCE
MPHMOT128515,"Motorola Edge 50 Pro 5G Dual SIM Smartphone - 12GB+256GB - Black Beauty 6.7"" 144Hz pOLED Super HD Display - 125W TurboPower Charging - Snapdragon 7 Gen 3 Chipset - NFC - IP68 Water Resistant",888.0,,,
CARAEP50320,Aerpro APDC320 Triple accessory socket + USB power adaptor,28.58,28.54,0.14,CLEARANCE
MPPINC00000010,"Incase iPhone 16 Pro Max (6.9"") Slim Case - Clear",49.94,24.97,50.0,CLEARANCE
MPPCOE0000005,"coehl iPhone 16 Pro (6.3"") Lumino Case - Sparkling Silver Magsafe Compatible - Slim and Form-Fitting for a Flattering Silhouette - Shock-Absorbing Protection with Raised Camera Lens Bezel",34.01,18.69,45.05,CLEARANCE
MPPCOE0000008,"coehl iPhone 16 Pro (6.3"") Savon Case - Bubble Prism Magsafe Compatible - Tough Fade-Resistant Back with Flexible Bumper - Shock-Absorbing Protection with Raised Camera Lens Bezel",34.01,18.69,45.05,CLEARANCE
MPPCOE0000009,"coehl iPhone 16 Pro (6.3"") Verdure Case - Iridescent Magsafe Compatible, Shock-Absorbing Protection with Raised Camera Lens Bezel, Tough Fade-Resistant back with Flexible Bumper",34.01,18.69,45.05,CLEARANCE
MPPCOE0000023,"coehl iPhone 16 Pro Max (6.9"") Muse Case - Cream Magsafe Compatible, Textured Leatherette Exterior, Shock-Absorbing Protection with Raised Camera Lens Bezel, Includes Matching Lanyard Strap",44.0,24.18,45.05,CLEARANCE
WTHAPP572630,Apple Watch Series 10 (GPS + Cellular) 42mm - Natural Titanium Case with Stone Grey Sport Band - S/M,1298.99,998.99,23.09,SUPREME
MPPSKA0000048,"skinarma iPhone 16 Pro Max (6.9"") Saido Mag-Charge Case (PRIME EDITION) - Titanium Apple MagSafe Compatible - Raised 360 Screen Edges & Camera Lens Guard - Includes Interchangeable Corner Bumper Lanyard Loops",39.0,19.49,50.03,CLEARANCE
MPPGEN0740,Motorola Moto G04 (2024) Rugged Kickstand Case - Black with Camera Cover Protection,23.32,6.99,70.03,CLEARANCE
HSTBEL6292303,Belkin SoundForm Motion 2 True Wireless In-Ear Headphones - Blue IPX5 Sweat & Water Resistant - Qi wireless charging - Bluetooth 5.3 with Multipoint - Up to 9 Hours Battery Life / 33 Hours Total with Charging Case - 2 Year Warranty,54.99,,,
MOABRA1470,"Brateck TP14070R-BLK One-Piece Table Top for M06-23DE-AI Sit-Stand Desk - 1400x700mm Curved-edge, Eco Friendly Particle Board, 18mm Thick - Black",108.46,88.88,18.05,CLEARANCE
PRM1283,Promate LIMA.BLK In-Ear HD Bluetooth Earbuds - Black with Intellitouch & 260mAh Charging Case - ErgonomicFit - Up to 7-Hour Playback - 2x 40mAh Earphone Battery - Auto Pairing,43.93,,,
PTRBAM0003,Bambu Lab X1C 3D Printer Up to 500mm/S - Build Size 256 x 256 x 256mm,2299.0,2184.05,5.0,CLEARANCE
UNI1101,Unitek C18148AGY01-1M Thunderbolt 3/4 USB-C to RJ45 Cable - 1m Up to 1Gbps - Plug & Play - Supports 1000/100/10 Mbps - Connects to Router / Modem / Network Switch,34.27,26.37,23.05,CLEARANCE
UNI1122,Unitek V1183A Wireless HDMI Transmitter & Receiver Kit Supports Resolutions up to 1920x1080 60Hz - Transmit up to 50m - Plug & Play - Supports Android OS/ Windows OS/iOS /Mac OS - Includes HDMI & USB Cables,197.33,,,
MPPPZG10172555,PanzerGlass OPPO Reno12 F 5G SAFE by Panzer SAFE95996 UtraWide Fit Screen Protector,18.87,12.08,35.98,CLEARANCE
NETNGR872100,NETGEAR RBE872 (BE21000) Tri-Band WiFi 7 Whole Home Mesh System -2 Pack 10GbE x1 / 2.5GbE x4,1318.1,,,
PRM1346,Promate LATCH.WHT Clip-On BT Wireless Dynamic Earphones - White with Magnetic Collar Inline Controls - Up to12hrs Playtime - Ergonomic Earbuds - 90mAh Battery Capacity - 10m Operating Distance,32.99,32.97,0.06,CLEARANCE
MPPCSM0172916,Casemate Soap Bubble (RC) (MS) - Samsung Galaxy S25 - Iridescent,35.27,29.93,15.14,CLEARANCE
CABSPB4092,Sansai IPH-0931B USB-A to USB-C / Lightning Cable - 1.2m - White 2-in-1,13.7,13.01,5.04,CLEARANCE
MPPGEN0805,"Xiaomi Redmi 14C (2025) Rugged Case - Black - Tough, Dual Layer Protection",23.32,19.0,18.52,CLEARANCE
TAAMST1211022,Microsoft Surface Pro 12-inch (1st Edition) Keyboard  with Slim  Pen - ( Violet  ) for Surface Pro 12-Inch Only,399.0,,,
HSASGP08331,Spigen Ultra Hybrid Zero One Case for Samsung Galaxy Buds 3 & Galaxy Buds 3 Pro - Black - With Carabiner Clip,62.99,9.0,85.71,SUPER
NBGDCT32116,"Dicota Rucksack COMPANION Laptop Backpack for 13""-16"" Notebook - Black - 17L",98.9,89.26,9.75,CLEARANCE
PETENA0002,"Enabot Air 2 Companion Robot (White) designed for pets, families A 2K  mobile pet/home security cam with  Two-Way Audio with AI Noise Cancellation, IR-CUT Night Vision",339.0,291.86,13.91,DAILYSTEAL
PETENA0004,"Enabot Air 2 Companion Robot (Pink) designed for pets, families A 2K  mobile pet/home security cam with  Two-Way Audio with AI Noise Cancellation, IR-CUT Night Vision",339.0,295.47,12.84,DAILYSTEAL
TOLPSK2325,ProsKit 25 in 1 T- Handle Ratchet With Universal Socket & Bits Set,49.0,25.15,48.67,CLEARANCE
MPPCOE0000042,"coehl iPhone 18 Pro Max/17 Pro Max (6.9"") 2025 Serina Case - Cloud Pink Slim, lightweight protection made from premium liquid silicone, Compatible with magnetic wireless charging. Detachable wrist strap included.",39.0,21.44,45.03,CLEARANCE
MPPBTS817021,"Beats iPhone 17 (6.3"") Rugged Case with MagSafe and Camera Control - Everest Black Extra-durable triple-shot design - Shock-absorbing sidewalls and corners - Textured matt exterior for no-slip grip - Remarkably strong polymer back",139.0,93.12,33.01,SUPREME
MPPBTS817223,"Beats iPhone 17 Pro (6.3"") Rugged Case with MagSafe and Camera Control - Sierra Orange Extra-durable triple-shot design - Shock-absorbing sidewalls and corners - Textured matt exterior for no-slip grip - Remarkably strong polymer back",139.0,93.12,33.01,SUPREME
SPKEDI001282B,Edifier S1000MKII 120W Wireless HiFi Powered Bookshelf Speaker System Bundled with matching SS02 Speaker Stands worth $199,698.0,603.84,13.49,30YEARSOFSOUND
HSTJBL6671226,"JBL Tune 530 Wired On-Ear Headphones - Blue Microphone - 33mm Drivers with JBL Pure Bass Sound - Lightweight, Comfortable & Foldable - Tangle-Free Flat Cable with 3.5mm Aux Jack",28.99,,,
SPKEDI027801B,"Edifier R2750DB MKII 7"" 3-Way Bookshelf Speakers + T5s Subwoofer 214W 2.1 Bundle - Walnut - with HDMI eARC + Bluetooth 6.0",624.0,524.4,15.96,30YEARSOFSOUND
EXNBKHP083073BG,"HP EliteBook 830 G7 13.3"" FHD Touch Notebook (B-Grade Refurbished) Intel Core i5-10310U - 16GB RAM - 512GB SSD - Win11 Pro - 18-Month Warranty - GreenMachine Certified Refurbished",759.0,721.05,5.0,CLEARANCE
HSTAPP6331753,Apple AirPods Max 2 Wireless Over-Ear Noise Cancelling Headphones - Orange,1143.99,998.99,12.67,PBDEAL
TVSAM726755,"Samsung S95H 55"" OLED Glare Free 4K Vision AI Smart TV",5299.0,4684.0,11.61,
TVSAM726777,"Samsung S95H 77"" OLED Glare Free 4K Vision AI Smart TV",11499.0,10394.0,9.61,
PTACRI0007B,"Cricut Everyday Joy Smart Permanent Vinyl 5.5""X48"" / Black (3pcs Value Pack)",39.0,30.0,23.08,SUPREME
PTACRI0009B,"Cricut Everyday Joy Smart Permanent Vinyl 5.5""X48"" / White (3pcs Value Pack)",39.0,30.0,23.08,SUPREME
PTACRI0011B,"Cricut Everyday Joy Transfer Tape 5.5""X48"" (3pcs Value Pack)",24.0,18.0,25.0,SUPREME
PTACRI0025B,"Cricut Everyday Smart Iron-On 13""X36"" / White (3pcs Value Pack) for Explore and Maker",95.0,70.0,26.32,SUPREME
TAALEN840021,Lenovo Tab M8 (4th Gen) Folio Case - Abyss Blue,15.0,5.11,65.93,CLEARANCE
WRIPLT05577963,Pilot Hi-Tecpoint V10RT Rollerball Pen - Broad Blue 1.0mm tip contains liquid ink for smooth and uniform ink flow.,4.75,4.11,13.47,CLEARANCE
WRIPLT05585043,Pilot Synergy Point Gel Pen - 0.5mm - Red,6.85,6.19,9.64,CLEARANCE
WRIPLT20048,Pilot Frixion Clicker Erasable Broad Blue (BLRT-FR10-L) -- Buy 12 units to receive them in a box,5.04,4.09,18.85,CLEARANCE
TAAARX840030,"Armor-X (PXS Series) TPU Impact (Black) Protection   Case for Lenovo  8"" M8 (4th  Gen) Tablet   With KickStand & Handstrap - Black - Integrated X-Mount Type-T adaptor (Support Armox-X  X-Mount Type-T Mount  Accessories)",25.0,8.51,65.96,CLEARANCE
WRIPLT20051,Pilot Frixion Clicker Erasable Broad Red (BLRT-FR10-R) -- Buy 12 units to receive them in a box,5.04,4.35,13.69,CLEARANCE
HSATWS121916,Twelve South AirSnap Case for Apple AirPods 1st & 2nd Gen - Smoke Grey,28.99,2.0,93.1,SUPER
CABSTT5505636,StarTech.com R2CCC-1M-USB-CABLE USB 2.0 - 480Mbps USB-C Cable - 1m - Black Coiled - Heavy Duty - Fast Charge - Sync - USB 2.0 - Rugged Aramid Fiber - Durable Male to Male,21.77,13.05,40.06,CLEARANCE
WRIPLT20056,Pilot Frixion Ball Erasable Fine Orange (BL-FR7-O) -- Buy 12 units to receive them in a box,4.51,2.74,39.25,CLEARANCE
HSTPHS4216,Philips TAA4216 Wireless On-Ear Sports Headphones - Black Washable Cooling Ear-Cup Cushions - IP55 Water / Dust Protection - Bluetooth + 3.5mm Audio Port - Built-in Microphone - Up to 35 Hours Battery Life,101.8,98.18,3.56,CLEARANCE
CAMNIK1030,Nikon Z30 Mirrorless Digital Camera with 16-50mm Lens Kit 20.9MP DX-Format CMOS Sensor - UHD 4K30p & FHD 120p Video Recording - Live Stream at 60p - In-Camera Time-Lapse,1399.0,,,
MPPGEN0601,"Xiaomi Redmi Note 13 LTE (2024) Flip Wallet Case - Black, 3 Card Slots - Cash Compartment - Magnetic Clip",25.32,7.59,70.02,CLEARANCE
CARVUE0012,BlackVue BTC-2B Tamper-Proof Case For BlackVue DR590X series,53.51,29.45,44.96,CLEARANCE
NBKMST70329903,"Microsoft Surface Laptop (7th Edition) Copilot+ PC - Sapphire Snapdragon X Elite (12 Core) - 16GB RAM - 1TB SSD - 13.8"" HDR Touch Display - Win 11 Home",2399.0,,,
BAS24858,Baseus Big Mouth Pro Phone Car Mount - Black,10.0,8.15,18.5,CLEARANCE
PETPTK0025,Petkit Magnetic Dustproof Curtain for Pura Max/ Pura Max 2,19.0,15.25,19.74,DAILYSTEAL
TOLHTO0014,HOTO Clicclic Three-piece Nail Clipper,15.0,11.6,22.67,CLEARANCE
BAGEKB1025,"Everki Atlas EKP121S15 Laptop Backpack for 11"" to 15.6"" Laptops Checkpoint Friendly - Adaptable Compartment",198.98,,,
ALG5553482,Alogic Elements EL2DP-02 DisplayPort to DisplayPort Cable - 2m Up to 4K,14.93,,,
BULFSL1107002,"FSL LED Bulb G45-5-65/A14V/11 FSL G45-5W-B15/SBC, Daylight 6500K, Non-Dimmable",3.76,3.39,9.84,CLEARANCE
CABBEL3439146,Belkin 4K HDMI Cable - 3D Compatible - Gold Plated - High Speed,18.73,,,
CABSTT5505635,StarTech.com R2CCC-50C-USB-CABLE USB 2.0 - 480Mbps USB-C Cable - 50cm - Black Coiled - Heavy Duty - Fast Charge - Sync - USB 2.0 - Rugged Aramid Fiber - Durable Male to Male - USB-C,14.51,13.93,4.0,CLEARANCE
CAMLOG4490257,Logitech Rally Plus 4K PTZ Modular Video Conference System FoV 90° - 15x Zoom - Microphone Range up to 12m,6310.0,5998.0,4.94,PBDEAL
CAMLOG5230210,Logitech Rally Bar Mini 4K PTZ All-in-one Conference Video Bar - Graphite FoV 120° - 4x Zoom - Microphone Range up to 7m,7200.0,5897.99,18.08,PBDEAL
CCTALO5931,Arlo Essential (2nd Gen) Outdoor Charging Cable (VMA5700-100AUS),59.78,,,
EXNBKDEL5492,"Dell Latitude 5490 14"" FHD Laptop (A-Grade Refurbished) Intel Core i5 8250U - 8GB RAM - 256GB SSD - Win11 Pro - 18-Month Warranty - GreenMachine Certified Refurbished",805.0,764.75,5.0,CLEARANCE
FILOSC37039406,Okin BF5B Bindfast Folder Bar Black 5mm - 5 Pack,5.29,5.03,4.91,CLEARANCE
FILOSC37046817,Okin DAA320 Insert Display Book A3 20 Pocket - Black,9.89,8.92,9.81,CLEARANCE
HSTKEN5332129,Kensington K33065WW Kensington HiFi USB Headphones with Mic,77.52,,,
HSTSHU1103,"Shure SRH240A Wired Over-Ear Headphones - Black Professional Quality for Home Recording & Everyday Listening - 40mm Neodymium Dynamic Drivers for Full Bass and Detailed Highs - Threaded 1/4"" (6.3 mm) Nickel-Plated Adapter",119.08,107.47,9.75,CLEARANCE
ITPAB412,Dynamix A-MD9MF DB9 Male/Female Mini Gender Changer SERIAL RS232,6.87,,,
MPPGEN0675,Xiaomi Redmi Note 13 Pro 5G (2024) Rugged Kickstand Case - Black with Camera Cover Protection,23.32,6.99,70.03,CLEARANCE
MPPMOK012510,Moki ACC-MTUN Inbound Travel Adaptor - Universal to AU / NZ,10.3,8.28,19.61,CLEARANCE
OFSMPH22160,"Matthews MPH22160 Thermal Paper Roll - White, 57x38mm 1Ply,FSCMix(50)10Rolls/Pack50Rolls/Box priced for Per Roll",0.43,0.4,6.98,CLEARANCE
PRM1228,Promate TRANSLINE-CC200B 60W PD - 480Mbps USB-C Cable - 2m - Black Transparent Connectors - LEDs - 25000+ Bend Lifespan - Gold Plated Connectors - Nylon Braided - Data & Charge,16.76,,,
SWHUBI2403262,"Ubiquiti Unifi USW-Pro-Max-48-PoE 52-Port 10G L3 Managed Etherlighting PoE Switch (720W) - SFP+ x4, 2.5GbE PoE++ x8, 2.5GbE PoE+ x8, 1GbE PoE++ x8, 1GbE PoE+ x24",3040.36,,,
TAAATP840020,Glass  Screen Protector for Lenovo M8 4th Gen   (TB 300),29.0,6.56,77.38,CLEARANCE
TAAOEM0223,Lenovo Legion Go Handheld -Transparent Silicone Case,15.0,12.86,14.27,CLEARANCE
WRIPLT20446,Pilot Hi-Tecpoint V5 Grip Rollerball Extra Fine Blue (BXGPN-V5-L),5.61,5.07,9.63,CLEARANCE
ACC1012,ACC Keyboard Bluetooth Vision Assist Yellow Keys ACC PC,195.32,185.92,4.81,CLEARANCE
ADPALG81399,Alogic ULCAMN-SGR Ultra Mini USB-C to USB-A Adapter -Space Grey,11.8,10.33,12.46,CLEARANCE
ADPSTT3098281,StarTech.com PEX2M2 2x M.2 SSD Controller Card - PCIe,68.05,58.32,14.3,CLEARANCE
ALG5487435,Alogic Elements Pro ELPCC202-BK USB 2.0 USB-C Cable - 2m - Black Up to 5A - Up to 480Mbps - Supports Smartphone / Tablet / Notebook / Chromebook,28.72,26.02,9.4,CLEARANCE
BAGEKB0147,"Everki Commute EKF808S18B 18.4"" Laptop Sleeve Advanced Memory Foam for Added Protection - Soft Anti-Scratch Inner Lining - Front Stash Pocket - Stow-Away Carrying Handles",51.14,48.59,4.99,CLEARANCE
CAAJUP03023168,Jupio Camera Battery Replacement for Canon NB-6LH 3.7V 1100MAH,36.92,,,
CABBEL3568634,Belkin Cat6 Snagless Ethernet Cable - 3m,14.16,,,
CABDNX0298,Dynamix Cat6 STP Patch Lead - 10m - Beige T568A Specification - 26AWG - Slimline Snagless Moulding - Shielded RJ45 with 50µ Inch Gold Plate Connectors,32.29,24.39,24.47,CLEARANCE
CABDNX0776,Dynamix PLSO-C6-0.5 Cat6A RJ45 Patch Lead - 50cm - Orange UTP - 10G - 30AWG - Ultra-Slim - Gold Plated - PoE 802.3af,6.75,5.14,23.85,CLEARANCE
CABPSU0442,RackPower CM0CC200R 10A C14 to C13 Cable - 2m - Red 0.75mm2 - PVC,12.11,11.68,3.55,CLEARANCE
CABPSU0475,RackPower CM0NC200W 10A 3-Pin to C13 Cable - 2m - White 0.75mm2 - PVC,13.16,10.67,18.92,CLEARANCE
CABPSU0504,RackPower CM0NL200 10A 3-Pin to C5 Cable - 2m - Black Clover Socket - 0.75mm2 - PVC,11.14,10.58,5.03,CLEARANCE
CABPSU0621,RackPower CM1NC100-PTP 10A 3-Pin to C13 Cable - 1m - Black Tapon Plug - 1mm2 - PVC,13.95,8.79,36.99,CLEARANCE
CABPSU0671,IEC-Lock AU 3 Pin to IEC C13 Power Cable - 1m - Black 10A - IEC-Lock - 1mm2,23.71,22.86,3.58,CLEARANCE
CABSPB3323,Sansai IPH-0926R RGB Light-up Lightning Cable 1m,10.27,9.83,4.28,CLEARANCE
CABSPB5861,Sansai IPH-0906C 3-IN-1 Coiled Charging Cable - Coiled random colour ( black or white),13.54,12.48,7.83,CLEARANCE
CABSTT2061241,StarTech.com MXTMMHQ3M VGA VGA Cable - 3m Monitor VGA Video Cable HD15 to HD15 - Male to Male,27.42,21.75,20.68,CLEARANCE
CABSTT5138864,StarTech.com CBMFWD2014 Cable Management Raceway Spine-Vertebrae,21.61,11.98,44.56,CLEARANCE
CABSTT5139025,StarTech.com CBMZT4BK Cable Zip Ties - 10cm - Black - 1000 Pack UL Listed,39.63,24.68,37.72,CLEARANCE
CABSTT5139038,StarTech.com CBMZTRB5 Reusable Cable Ties - 12cm - 100 Pack Nylon,22.77,20.77,8.78,CLEARANCE
CABSTT5232108,StarTech.com CDP2HDMM5MH 4K 60Hz - HDR10 USB-C to HDMI Cable - 5m (16ft) - Black,54.64,45.66,16.43,CLEARANCE
CABSTT690140,StarTech.com ICUSB2322F 1-Port - FTDI - COM Retention USB to Serial Cable FTDI USB to Serial Adapter Cable with COM Retention - Bidirectional USB to RS232 DB9 Serial Adapter,130.0,83.02,36.14,CLEARANCE
CABSTT690338,StarTech.com USB2HAB50AC USB 2.0 - 480Mbps USB-A to USB-B Cable - 15m Active - A to B - M/M,78.88,52.68,33.22,CLEARANCE
CABVCR1060,Unitek VEL30797 Cable Sleeves - 304mm x 146mm - Black - 2 Pack Velcro Mountable - Removable Adhesive - Under Desk Management Solution,30.15,18.22,39.57,CLEARANCE
CAMLOG5165192,"Logitech Rally Wall Mount Attach Rally Bar, Rally Bar Mini - Industry-standard VESA mounting pattern 200 x 50mm - Tilt Down Adapter",148.0,133.91,9.52,PBDEAL
CAMLOG5583718,Logitech Rally Mic Pod Pendant Mount - White Easily Secures the Mic Pods to Drop from Ceilings - Compatible with - Rally Plus - Rally Bar - Rally Bar Mini,205.0,198.9,2.98,PBDEAL
CARDNA1021,DNA AAR109 3.5MM Socket to Socket Adaptor,4.45,4.22,5.17,CLEARANCE
CHSDNX0079,"Dynamix A-FXLCLC-DSM Flangless Fibre LC/LC       Duplex Single mode Joiner, Ceramic sleeve, Blue colour",5.96,5.11,14.26,CLEARANCE
CHSDNX0113,Dynamix FP-C6AUGS-07  Cat6A Side Entry Shielded   Keystone Slimline Jack,8.94,8.04,10.07,CLEARANCE
HOMMDE0011,Midea mfs300radhh Adjustable Height Circulation Fan 4 Speed Level with Timer & Dual Oscillation Function - Lower Noise - Easy to Clean,109.0,89.99,17.44,CLEARANCE
HOMMIX39187,Xiaomi Filter for Xiaomi Mi Smart Robot Mop 2 Pro / Mop 2 Lite Vacuum Cleaner - 2 Filters for BHR5044EU / BHR5217EU,20.0,14.98,25.1,CLEARANCE
MPPSAM90055620,Samsung 25W USB-C PD Fast Charging GaN Wall Charger - Black Super Fast Charge Galaxy S25/S24 / Fold6 / Flip6 / S23 / S22 / Galaxy A Series - Supports iPhone PD Fast Charging,25.24,,,
MEMADC20030,ADATA Premier microSDXC Memory Card - 128GB Includes SD Adapter - Read up to 100MB/s,35.08,,,
TABSAM13312811,"Samsung Galaxy Tab A11 8.7"" Tablet - Grey 128GB Storage - 8GB RAM - WiFi - Android 15",347.22,,,
HSTAPP6314015,Apple Original Wired EarPods with USB-C Connector - In-line Microphone & Remote,34.44,,,
CPUAMD05600,AMD Ryzen 5 5600 CPU 6 Core / 12 Thread - Max Boost 4.4GHz - 32MB Cache - AM4 Socket - 65W TDP,377.18,,,
HDDCRU33110,Crucial P310 1TB NVMe M.2 Gen4 Internal 2280 SSD PCIe Gen 4 - Read up to 7100 MB/s - Write up to 6000 MB/s,304.18,,,
HDDADS12110,ADATA LEGEND 860 500GB M.2 NVMe Internal SSD PCIe Gen 4 - Up to 5000MB/s Read - Up to 3000MB/s Write - 5 years Warranty,165.37,,,
MSELOG5450290,Logitech Signature M650 Wireless Mouse - Graphite,46.94,,,
CABDNX9047,Dynamix C-POWERNC1 7.5A 3 Pin to IEC C5 Power Cord - 1m Clover Shaped - SAA Approved - AU/NZ,5.72,,,
KEYHDT5079964,HP 230 Wireless Keyboard & Mouse Combo,39.64,,,
TAAAPP5060,Apple Pencil ( USB- C ) - Compatible with any iPad that has a USB-C port Only,148.8,,,
TAAAPP6225558,"Apple Pencil Pro Compatible with iPad Mini A17 Pro / iPad Pro 11"" and iPad Pro 13"" (M5/M4) and iPad Air 11"" / iPad Air 13"" (M2/M3/M4)",234.62,,,
HSTAPP6268040,Apple Original Wired EarPods with Lightning Connector - In-line Microphone & Remote,34.44,,,
CABCXT13030,Cruxtec 3m HDMI Cable 48 Gbps Ultra High Speed - (8K/60Hz & 4K/120Hz - Gold-Plated Connectors),19.07,,,
CABCXT820300,Cruxtec Cat6 Ethernet Cable - 3m - Black,6.98,,,
BULMIX30739,Xiaomi Monitor Remote Control Light Bar Immersive Experience Created by Interactive Lighting,59.96,,,
MSELOG3407994,Logitech M331 Silent Wireless Mouse - Black,40.4,,,
ADPUGR50966,UGREEN UG-50966 2-Port HDMI Switch 4K Bi-Directional HDMI Switch - 2 Input - 1 Output Splitter Support - 4K 3D Compatible for Nintendo Switch / Blu-Ray Player / Roku TV Stick / Xbox / PS4 HDTV Monitor,14.56,,,
WTHMIX63275,"Xiaomi Smart Band 10 Fitness Tracker - Midnight Black 1.72"" AMOLED 60Hz Display - Up to 21 Days Battery Life - 5ATM Water Resistance - Advanced Sleep Intelligence - All-Day Health Tracking - 150+ Sports Modes with Swimming Mode",69.31,,,
MSELOG4393045,Logitech MX Vertical Advanced Ergonomic Wireless Mouse,154.19,,,
MOALCK0054,"Loctek Eco Mount 10""-30"" Dual Monitor Stand - Steel Tube - Black - VESA 75 & 100mm - Max Load 10KG - Height Adjust 200-400mm - Grommet or Clamp Installation",65.49,,,
PTRBAM0017,"Bambu Lab P2SC Fully Enclosed 3D Printer with AMS 2 Pro Multi-Colors Combo Pack Up to 600mm/S - Build Size 256 x 256 x 256mm, Multi-Color Printing, AI Failure Detection, Cold-Air Cooling, Auto Flow Dynamics Calibration, Active Venting Filam",1606.75,,,
PTRBAM0010,Bambu Lab A1 Mini FDM 3D Printer Build Size 180 x 180 x 180 mm - Up to 500mm/S - All-Metal Hotend - Stainless Steel Nozzle,317.65,,,
ENCORC4006,Orico Transparent M.2 NVME USB-C SSD Enclosure - Black USB3.1 Gen.2,20.79,,,
KEYLOG2996837,Logitech K400 Plus Wireless Touch Keyboard - Black HTPC Keyboard for PC Connected TVs,74.35,,,
NETTPL02600,TP-Link Archer T2U (AC600) Dual-Band WiFi 5 Nano USB Wireless Adapter,27.83,,,
MEMSDK22123,SanDisk Ultra Series SDHC Memory Card - 32GB UHS-1 - Class 10 - Up to 120MB/s,33.26,,,
KEYLOG1137627,Logitech MK120 Desktop Corded Keyboard & Mouse Combo,38.94,,,
CAMLOG1173324,Logitech C270 HD Webcam,58.54,,,
LASBRT1070,Brother TN1070 Toner Cartridge - Black 1000 Pages - for Brother DCP1510 / DCP1610W / HL1110 / HL1210W / MFC1810 / MFC1910W Printer,66.61,,,
WTHSAM390000,"Samsung Galaxy Watch Fit3 - Grey 1.6"" AMOLED Display - Up to 13 Days Battery Life - Fall Detection - IP68/5ATM Water Resistance - Sleep Tracking - Health and Fitness Tracking",100.82,,,
TABSAM13306411,"Samsung Galaxy Tab A11 8.7"" Tablet - Grey 64GB Storage - 4GB RAM - WiFi - Android 15",281.75,,,
TAABAS0017,Baseus UltraControl Go Series Car Mount Clamp-Type Mobile Phone Holder (Suction Cup Version) - Cluster Black,13.81,,,
CARMNX0525,"MINIX CA525 Mini Wireless CarPlay & Android Auto Adapter, 2026 Upgraded 2-in-1 Wired to Wireless Dongle, One-Button Switch, Plug & Play USB-A/C, WiFi 6 & Bluetooth 5.4, iOS 10+ & Android 11+",61.13,,,
KEYLOG2551807,Logitech MK270r Wireless Desktop Keyboard & Mouse Combo,65.38,,,
HSTAPP6267512,Apple Original Wired EarPods with 3.5mm Headphone Jack - In-line Microphone & Remote,34.44,,,
TABTCL810321,"TCL TAB 8  4G+  WiFi 8"" 800x1280  3GB ram 32GB Storage 5MP Camera   Android 12 Tablet",132.87,,,
CPUIT14400F,Intel Core i5 14400F CPU 10 Cores / 16 Threads - 20MB Cache - LGA 1700 Socket,314.43,,,
KEYLOG1150386,Logitech K120 Keyboard USB Interface - Comfortable quiet typing - Thin profile Sturdy - Adjustable tilt legs - Curved space bar - Durable keys - Spill-resistant design,29.93,,,
CABDNX8096,Dynamix C-HDMI48G-3 48Gbps Ultra-High Speed HDMI 2.1 Cable - 3m Supports up to 8K 60Hz - Dolby True HD 7.1 - HDR10+ - Dolby Vision IQ - eARC - VRR - HFR - QFT - ALLM - QMS - DSC - G-Sync & FreeSync - Gold-Plated,21.32,,,
HSTLOG1955565,Logitech H390 USB Digital Headset,74.42,,,
MSELOG5753606,Logitech MX Anywhere 3S Wireless Mouse - Graphite,139.59,,,
MOAFEL236850,Fellowes PlushTouch 9252001 Ergonomic Mouse Pad with Gel Palm Wrist Rest - Black,22.99,,,
MPPAPP6267514,Apple USB-C to 3.5 mm Headphone Jack Adapter,15.57,,,
ENCORC0016,"Orico USB-C 2.5"" SATA USB 3.1 Gen1 SSD / HDD Enclosure Supports Up to 6TB - Include USB-C Cable",14.1,,,
PTRBRT6046805,Brother HLL-3240CDW Colour Laser Printer 2-Sided Print - Up to 10 Sides Per Minute - Gigabit Ethernet - 5GHz WiFi & USB,327.04,,,
MSEAPP6360182,Apple Magic Mouse (  White )  With  USB-C Charge Cable Multi- Touch Surface,124.51,,,
CABUGR10733,UGREEN UG-10733 3.5mm Audio Cable - 1m Stereo - AUX,5.38,,,
MPHAPP817003,Apple iPhone 17 - 256GB - Lavender,1823.28,,,
SWHUBI10565,Ubiquiti UniFi USW-Flex-2.5G-5 5-Port 2.5G Web Managed Switch - 2.5GbE x5,125.91,,,
CABCXT12101,"Cruxtec 1m HDMI Cable - 18Gbps Premium High Speed ( 4K60Hz, HDCP, ARC, HDR, Ethernet )",6.76,,,
HDDACN1020,"Acer RE100 256GB SATA3 2.5"" Internal SSD Read up to 560MB/s - Write up to 520MB/s - 5 Years Warranty",76.48,,,
MPPSAM00042,"Samsung 45w GaN Wall Charger Black - (Includes 1.8m 5A USB-C to USB-C cable) Support Super Fast 45W Charging, Below 5mw Standby Power Consumption, Fast Charging Smartphone, Tablets, Portable Gaming Consoles, Portable Displays",56.65,,,
WTHMIX57766,"Xiaomi Redmi Watch 5 Active Smart Watch - Matte Silver 2"" Display - Up to 18 Days Battery Life - 5ATM Water Resistance - Bluetooth Calling - Heart Rate, Blood Oxygen and Stress Monitoring - 140+ workout modes",54.2,,,
NRETPL0205,TP-Link RE205 (AC750) Dual-Band WiFi 5 Range Extender RJ45 x1 - Support AP Mode,57.96,,,
NETTPL0058,TP-Link Archer TX20U Nano (AX1800) Dual-Band WiFi 6 Nano USB Wireless Adapter,45.37,,,
MONAOC62505,"AOC 24G4ZR 24"" FHD 260Hz Fast IPS Gaming Monitor 1920x1080 - 0.3ms - HDMI +DP 1.4 - G-Sync Compatible - Height Adjustable - 100x100 VESA",235.43,,,
SEVRBP0206,Raspberry Pi 4 Model B 4GB LPDDR4 FIRST 28nm-Based QuadCore 1.5G Dual Micro HDMI Video Output Dual Band WIFI Bluetooth 2 x USB 3.0/2.0 POE Ethernet (POE Hat Need Purchase Separately),200.24,,,
MSEHDT3439053,HP 200 Wireless Mouse - Black,18.07,,,
CABAPP5922292,Apple 240W USB-C Charge  Cable (  2 m ) 240W,47.28,,,
CABCXT53801,Cruxtec 1m USB-C to DisplayPort v1.4 Cable - 8K/60Hz & 4K/144hz & 2K/240Hz,28.64,,,
INKBAM0052,Bambu Lab PLA Matte Filament - Ivory White 1kg - 1.75mm - Entry Level - Matte Surface Texture - 11100,34.41,,,
MOALCK0052,"Loctek Eco Mount, 10""-30"" Single Monitor Ergonomic Swivel Arm - VESA 75 & 100mm - Max Load 10KG - Swivel Adjust -85 -15deg - 5 Years Warranty",45.6,,,
NBDTAR182,"Targus DOCK182 USB-C Dual 4K DisplayLink Docking Station with 100w Power Delivery 2x DisplayPort 1.2 - 2x HDMI2.0 - 4x USB3.0 - 2x USB-C - 1x RJ-45 - Support Apple, Windows, Surface, Linux - 3yr warranty",334.94,,,
ADPCXT2505,"Cruxtec CDK10-SG USB-C to Dual HDMI, Multi- Screen output 4K60hz - Mini Docking USB-C to Host with 85w PD - USB-C 100W PD3.0 - 2x HDMI - 1x RJ45 - 2x USB3.0 - 2x USB 2.0 - 1x USB-C 5Gbps/s - 3.5mm Audio Jack",95.23,,,
HDDADS11110,"ADATA SU650 512GB Ultimate SATA 2.5"" 3D NAND Internal SSD up to 520MB/s MB read - Up to 450MB/s Write",144.21,,,
CABCXT32010,Cruxtec 1m DisplayPort Cable Gold Shell Connectors - Ver 1.2 - 4K/60Hz,10.32,,,
BULMIX23576,"Xiaomi Mi Home 1S LED Desk Lamp Smart Lighting 520 lumens. Flicker-free, Intuitive Brightness & Colour Temperature Adjustment, 4 Lighting Modes, Durable, Minimalist Design",63.38,,,
CABCXT12105,"Cruxtec 5m HDMI Cable 18Gbps Premium High Speed ( 4K60Hz, HDCP, ARC, HDR, Ethernet )",16.53,,,
CAADJI4203,DJI Mic Mini 2 (2 TX + 1 Mobile RX + Charging Case) 2-Person Compact Digital Wireless Microphone System - Recorder for Camera & Smartphone,110.83,,,
KEYLOG6639616,Logitech MK250 Bluetooth Desktop Keyboard & Mouse Combo - Rose,34.35,,,
JOYLOG2982925,Logitech Driving Force Shifter for G29 / G920 / G923,80.45,,,
NETTPL61500,TP-Link Archer (AX1500) Dual-Band WiFi 6 Router 1GbE x5,100.06,,,
MOALCK0105,"Loctek Eco Mount, 32""-70"" Full Motion TV Wall Mount - Max Load 60kg- Max VESA 600x400mm - Adjust -8-12deg - TV To Wall 70-457mm - 5 Years Warranty",52.12,,,
HSTJBL780072,JBL Free WFH Wired Over-Ear Headset - Black Detachable Noise Cancelling Microphone - PC & Mobile Compatible - Lightweight & Durable - Detachable Voice-Focus,53.11,,,
CABDNX8025,Dynamix C-HDMIHSE-1H High-Speed Slimline HDMI Cable - with Ethernet - 1.5m 19 Pin Type A Male to Male,8.23,,,
CABDNX4024,Dynamix C-DP14-1 FUHD DisplayPort 1.4 Cable - 1m 28AWG - Supports up to 8K - Max Res 7680x4320 60Hz,11.74,,,
CABMOX00010,Momax 100W USB-C Cable - 1.2m - Black PD Fast Charging - E-Marker Chip - Braided - Samsung Super Fast Charging,13.11,,,
TOLMIX36013,"Xiaomi Precision Electric Screwdriver Kit with 24 xS2 steel precision screwdriving bits, 2 Speed Torque  Adjustable Rechargable Aluminium Design for Most IT Device",59.75,,,
NBPKFD6501,"KFD 65W USB-C Laptop Power Adapter/PD Charger Compatible with Asus, Acer, Lenovo, HP, Dell, Toshiba",39.51,,,
ITPAK669182,Dynamix C-U2-2 USB-A 2.0 Male to USB-A Female Extension Cable - 2m,2.89,,,
MSELOG5890446,Logitech Pro X Superlight 2 LIGHTSPEED Wireless Gaming Mouse - Black,227.99,,,
NBPPB45125,PB Laptop Power Charger For HP 45W 19.5V 2.31A - 4.5x3.0mm Connector Size Blue Tip - Power cord not included,30.36,,,
NBKLEN3158I,"Lenovo IdeaPad Slim 3 15IAN8 15.6"" FHD Intel Core i3-N305 - 8GB RAM - 128GB UFS - Win 11 Home S Mode - AX WiFi6 + BT5.2 - USB-C (with PD & DP1.2) - HDMI1.4",645.39,,,
KEYLOG6639618,Logitech MK250 Bluetooth Desktop Keyboard & Mouse Combo - Off White,34.35,,,
HSTEDI008500,Edifier Evo Space ES850NB Wireless Over-Ear Noise-Cancelling Headphones - Black - 40mm Titanium drivers - Clear calls & folding design - Hi-Res LDAC Bluetooth 5.4 + USB-C wired input - Touch-to-Chat - Travel case included - Up to 53hrs play,133.45,,,
HSTLOG2073415,Logitech H340 USB Headset - Black Lightweight - Plug-and-Play - Delivers Crystal-Clear Digital Audio,58.29,,,
MSELOG6763405,Logitech G Pro X2 SUPERSTRIKE LIGHTSPEED Wireless Gaming Mouse 61g - 8K Polling - Customizable Actuation Points - Rapid Trigger Reset - Tuneable Click Haptics,281.43,,,
HSTLOG4988936,Logitech LIGHTSPEED G733 Wireless RGB Gaming Headset - Black,183.49,,,
DVALOG2573345,Logitech Bluetooth Audio Adapter Simple Setup Long Wireless Range - Automatic Re-Pairing - Multi-Point Bluetooth Technology - 3.5mm or RCA Connection,62.02,,,
CABAPP6181345,Apple USB-C to Lightning Cable - 1m,31.12,,,
MPPMIX72753,Xiaomi Tag Bluetooth Tracker - Works with Apple Find My & Android Find Hub - Safe and reliable - Long-lasting battery > 1year - IP67 Dust and water resistance,20.88,,,
MPHAPP817002,Apple iPhone 17 - 256GB - Mist Blue,1823.28,,,
HDDSAM993100,Samsung 9100 PRO 1TB M.2 NVMe Gen5 Internal SSD PCIe 5.0 - Read up to 14700MB/s - Write up to 13300MB/s - 5 Years Warranty,494.27,,,
CABBEL6593831,Belkin 240W Braided USB-C Cable - 3m - Black,29.49,,,
MEMSDK22134,SanDisk Ultra Series SDXC Memory Card - 64GB UHS-I - Class 10 - Up to 140MB/s,40.76,,,
LABCRS101177,"CRS TD101173RLTC1ac 101mm x 174mm thermal direct standard CourierPost label 25mm core 400 per roll Self-adhesive Permanent specially required by and designed for NZ Post, CourierPost or Pace",14.96,,,
TVNDTV2011,DishTV SmartVu V11 4K Android 10 TV Streaming Dongle with NZ Freeview Live Stream Youtube / Netflix / Disney+ / TVNZ On Demand / Sky Sport Now / NEON / Prime Video / ThreeNow / Chromecast Built-In,124.12,,,
WTRCLM2131,"Cooler Master MasterLiquid Core Nex Digital 360 ARGB Black 360mm AiO Water Cooling with Digital Display, Support Intel LGA 1851/ 1700 / 1200 / 1150, AMD Socket AM5 / AM4",132.82,,,
INKCNN2779421,"Canon RP-108 Postcard size photos (148x100mm) Selphy Ink and Paper Pack - 108 Sheets For Selphy CP1500, CP1300 , CP1200 ,CP1000, CP910 , CP820",51.84,,,
GAMSNY5123,Sony PS5 Playstation 5 DualSense Edge Wireless Controller - Midnight Black,326.37,,,
MONAOC123255,"AOC 25B40HM 24.5"" FHD 100Hz Business Monitor -  1920x1080 -  HDMI - VGA - Tilt Adjustable - 100x100mm VESA",120.21,,,
CPUAMD09600X,AMD Ryzen 5 9600X CPU 6 Core / 12 Thread - Max Boost 5.4GHz - 38MB Cache - AM5 Socket - 65W TDP - AMD Radeon Graphics - Heatsink Required,538.29,,,
SWHTPL1001,TP-Link TL-SG108PE 8-Port Gigabit Easy Smart PoE Switch with 4-Port PoE+ (Max 64W),105.17,,,
MPPSGP20917,"Spigen Windscreen / Dashboard Universal Premium Phone Car Mount - Black One-Tap Mounting - Compatible with Phones of up to 6.5"" - 000CG20917",31.99,,,
JOYGSR1220,GameSir Cyclone 2 Multi-Platform Controller - Shadow Black Compatible for Android / iOS / Windows PC / Nintendo Switch,104.74,,,
PTRBRT01310,Brother Home DCP-J1310DW Inkjet Wireless Multifunction Printer Print / Copy / Scan - AirPrint / iPrint / Wireless / WiFi Direct / USB - Duplex - for Home User / Students,101.54,,,
SMTTPL1100,TP-Link Tapo Smart Contact Sensor (T110),25.28,,,
CABAPP6314062,Apple 60W USB-C Charge Cable - ( 1 m ),32.95,,,
BAPCUK01520,CUKTECH No.15 Ultra 20000mAh 165W 3-Output Laptop Power Bank with Smart Display (CCC-Certified) - Black Input 165W / Output 165W / 18W USB-A / 100W USB-C,89.76,,,
HSTATC26300,Audio-Technica M Series ATH-M20X Wired Professional Monitor Headphones - Black Closed Back - 3m Cable,112.96,,,
HSTSNY017100,Sony WF-C710N True Wireless Noise Cancelling In-Ear Headphones - Black Ambient Sound Mode - Spotify Tap - IPX4 - Multipoint - Quick charge - Touch Controls - Up to 8.5hrs battery life / 30hrs with charging case,142.97,,,
MPPTOR00000265,Torras Galaxy S26 Ultra Ostand Q3 Spin Case - Clear - Magnetic Wireless Compatible - 360° Spin Kickstand - Mil-STD Protective - Strong 18N Magnetic - Premium Craftsmanship,51.76,,,
MONPHS323170,"Philips 27E1N1200A/75 27"" FHD Standard Business Monitor 1920x1080 - IPS - DisplayPort - HDMI - VGA - Speaker - Tilt - Built-in Power - 100x100 VESA",198.38,,,
NETTPL6400,TP-Link Archer MR6400 4G LTE CAT4 N300 WiFi 4 Router 1GbE x4 / Nano-SIM Slot / SMA x2 for External Cellular Antenna,144.13,,,
SCACNS4376278,Canon CanoScan LiDE 400 Scanner 4800x4800 DPI Scans USB-C A4 Flatbed Document USB Wired A4 Scanner,199.23,,,
UPSPWR16120,"Eaton 5E Gen 2 Tower UPS, 900VA / 480W, 2 ANZ Outlets, Line Interactive with Automatic Voltage Regulation, Fanless Version",135.84,,,
PSUDPC12551,DEEPCOOL PL550D 550W Power Supply 80 Plus Bronze - MEPS Ready - 5 Years Warranty,74.97,,,
CABUGR50941,UGREEN UG-50941 USB-A to USB-C Cable - 1m - Angled,6.68,,,
WTRNZX1110,"NZXT Kraken 240 RGB White 240mm All in one Water Cooling with 1.54 inch square LCD Display, F120 RGB Core Fans, for Intel Socket LGA 1851/ 1700 / 1200 / 115X, AMD AM5 / AM4",167.67,,,
TABAPP1812821,Apple iPad 11-inch (A16) - Silver 128GB Storage - WiFi + Cellular,1098.76,,,
ENCORC4005,Orico Transparent M.2 NVME USB-C SSD Enclosure - Silver USB3.1 Gen.2,20.79,,,
SWHUBI2214,Ubiquiti UniFi (UCG-Fiber) 10G Cloud Gateway Fiber (SSD Tray not included) 10G SFP+ x2 / 10 GbE x1 / 2.5GbE x3 / 2.5GbE PoE x1 / NVMe SSD Slot,650.9,,,
TABOPP11012811,"OPPO Pad SE 11"" Tablet - Twilight Blue",305.37,,,
WTRDPC2069,"DEEPCOOL LE360 V2 White 360mm ARGB Liquid Cooler For Intel LGA 1851/1700/1200/1151/1150/1155, AMD AM5/AM4",110.17,,,
NETTPL0422,TP-Link TL-WPA4220 KIT AV600 Powerline Kit with N300 WiFi Extender,125.15,,,
CABUGR40248,UGREEN UG-40248 HDMI to VGA Converter 25cm (Black),14.27,,,
HDDADS1004328,"ADATA SU650 256GB Ultimate SATA 3 2.5"" 3D NAND SSD",84.3,,,
NAPTPL1201,TP-Link TL-WA1201 Wi-Fi Access Point MU-MIMO - Dual-Band AC1200 (450+867Mbps) Captive Portal - Multiple Modes - Access Point - Range Extender - Client modes,67.94,,,
NBDDEL3025,Dell Pro Dock WD25 USB-C Quad WQHD Alt Mode Docking Station with 100W Power Delivery (Up to 90W to non-Dell system) - 2x DP1.4 - 1x HDMI2.1 - 1x USB-C MFDP - 1x USB-C 3.2 - 1x 2.5GbE RJ45 - No Headphone Port - Support Chrome / Linux / Ubunt,273.31,,,
CABCXT841000,Cruxtec Cat6 Ethernet Cable - 10m - Blue,18.43,,,
CABCXT53802,Cruxtec 2m USB-C to DisplayPort v1.4 Cable - 8K/60Hz & 4K/144hz & 2K/240Hz,33.37,,,
KEYLOG5604340,Logitech Signature K650 Wireless Keyboard - Graphite,80.66,,,
MICJBL782953,JBL Wireless Microphone System 2-pack - Black - Plug & Play with rechargeable UHF dual channel wireless receiver,118.96,,,
NETTPL6056,TP-Link Archer AX55 Pro (AX3000) Dual-Band WiFi 6 Router 2.5GbE x1 / 1GbE x4,186.61,,,
NETTPL0410,TP-Link TL-PA4010P KIT AV600 Powerline Kit with AC Pass-Through,99.96,,,
MPHAPP817004,Apple iPhone 17 - 256GB - Sage,1823.28,,,
WTHSAM390001,"Samsung Galaxy Watch Fit3 - Pink Gold 1.6"" AMOLED Display - Up to 13 Days Battery Life - Fall Detection - IP68/5ATM Water Resistance - Sleep Tracking - Health and Fitness Tracking",100.82,,,
ADPDNX1088,Dynamix SPA060 V3 AU/NZ SAA approved 60V Universal AC/DC power Adapter with 6x Detachable Interchangeable Connector Plugs Supports 3.0/4.5/5.0/6.0V 1.0A;7.5V 0.9A 9.0V 0.8A;12.0V 0.6A; 3.0W (min.) 7.2W(max.) 1.8m Cable.,15.86,,,
MPPSGP08447,"Spigen Essential 48W Dual Output Car Charger - Black- - 30W USB-C &18W USB-A Output - Fast Charging Apple,Samsung Devices - Compatible PD/PPS/Qualcomm Fast Charge Protocols",17.15,,,
MOAFXT0002,"FlexiSpot 17""-32"" Dual Gas Spring Monitor Stand - Aluminum Arm - Black- Swivel 180deg - Quick Release VESA Plate - VESA 75 & 100mm - Max Load 5KG Per Arm - Clamp Or Grommet Installation - 5 Years Warranty",105.4,,,
ADPUNI1081,Unitek C14082ABK USB 3.1 Gen2 USB-C Cable - 1m - Space Grey + Black Up to 100W PD - Up to 4K 60Hz - Up to 10Gbps,21.0,,,
MOALCK0056,"Loctek NCS105 10""-17.3"" Laptop Holder Tray -Black, Compatible with all LOCTEK Desk Mount / 5 Years Warranty (Desk Mount as shown in photos are not included)",20.7,,,
WTHAPP1031001,Apple Watch SE 3 (GPS) 44mm - Midnight Aluminium Case with Midnight Sport Band - M/L,506.45,,,
INKCNN4011211,Canon CLI681XLBK Ink Cartridge - Black High Yield - 400 Pages - for Canon TR7560 / TR8560 / TS6160 / TS6260 / TS6360 / TS6365 / TS8160 / TS8260 / TS8360 / TS9160 / TS9565 / TS9560 / TS706 Printer,31.37,,,
MSELOG5450724,Logitech Signature M650 Wireless Mouse Large - Left Hand,54.29,,,
BAPMIX58478,Xiaomi 10000mAh 22.5W 3-Output Power Bank with Cable -Blue Input 22.5W / Output 22.5W / 22.5W USB-A / 22.5W USB-C,36.0,,,
FANDPC3067,"DEEPCOOL AG400 G2 CPU Cooler 1x 120mm Fans, 150mm Clearance, Support Intel LGA 1851/ 1700 , AMD AM5 / AM4",35.65,,,
HSTSEN506829,Sennheiser HD 569 Wired Over-Ear Headphones - Black with Optional In-Line Microphone - Closed-Back - 2 Years Warranty,210.0,,,
ADPCXT2511,Cruxtec CT2H-4K-SG USB-C 3.2 to 2x HDMI Multi-Monitor Adapter -Providing Dual HDMI Outputs up to 4K/60Hz,63.65,,,
DVAAMZ13983,Amazon Fire TV Stick HD  2026,110.77,,,
DVAPAN00840,Panasonic DMP-BD84GN-K Blu-Ray Player Blu-Ray + DVD + CD + USB Playback - Dolby Digital + DTS-HD audio - HDMI Output,203.87,,,
HDDWD42003,"WD Surveillance Purple 2TB 3.5"" Internal HDD SATA3 - 64MB Cache - 24x7 always on Reliability - Built for Personal / Home Office / Small Business - Up to 64 cameras - 3 Years Warranty",308.4,,,
MSERAZ84409,Razer Deathadder Essential Gaming Mouse - Mercury White,38.64,,,
WTHAPP1030000,Apple Watch SE 3 (GPS) 40mm - Midnight Aluminium Case with Midnight Sport Band - S/M,439.63,,,
MEMADC1001821,ADATA C008 Retractable Flash Drive - 64GB - Black / Red USB 2.0,12.02,,,
MPPAPP0636482,Apple MagSafe Charger with 1m Cable for iPhone 17/16/15/14/13/12 Series - Qi2.2 Apple 25W Fast MagSafe Wireless Charging,75.27,,,
CABUGR50570,UGREEN UG-50570 USB-C to HDMI Cable - 1.5m - Grey / Black Aluminum Shell,38.72,,,
WTHAPP1030001,Apple Watch SE 3 (GPS) 40mm - Midnight Aluminium Case with Midnight Sport Band - M/L,439.63,,,
PTRBRT02820,Brother MFC-L2820DW Mono Laser MFC Wireless Printer 50 sheets ADF - Wireless - Duplex - 2 sides print for Home Office,289.35,,,
CABUGR10735,UGREEN UG-10735 3.5mm Audio Cable - 2m Stereo - AUX,4.93,,,
HOMSHK0046,"Shark Lift Away Upright NV602 2 Floor Modes for Carpets and hard floors, Swivel Steering for Multi Surface cleanning, Allergy friendly. 8 meter Power Cord, LED Headlights",260.75,,,
HSTRRS10340,"RockRose Solo TC USB-C In-Ear Headphones with DAC -  White,  120cm",6.53,,,
CABDNX0190,Dynamix PLK-C6A-3 Cat6 RJ45 Patch Lead - 3m - Black UTP - T568A - 250MHz - 24AWG - Slimline - Snagless - Gold Plated,6.75,,,
CABMOX00029,Momax Elite 60W USB-C Cable - 50cm - White PD Fast Charging - Triple Braided Nylon - Aluminium Housing - Supports Apple iPhone / Samsung / Oppo / Oneplus / Nothing Phone,8.69,,,
MEMKHX328486,Kingston Fury RGB Beast 16GB DDR5 RGB Desktop UDIMM RAM Kit 2x 8GB - 5600MT/s - CL40 - DIMM Intel XMP,436.42,,,
MPPAPP0636987,Apple MagSafe Charger with 2m Cable for iPhone 17/16/15/14/13/12 Series - Qi2.2 Apple 25W Fast MagSafe Wireless Charging,84.3,,,
NBABNE70408,Bonelk Elevate Aluminium Laptop Stand - Black,90.49,,,
WTAGEN0135,"49mm/46mm/45mm/44mm - Midnight Blue Silicone Sport Band for Apple Watch Includes S/M & M/L Bands - Compatible with Apple Watch Ultra 1/2/3, Series 11/10/9/8/7/6/SE/5/4/3/2/1",12.1,,,
FANPHA12321,"Phanteks M25 G2 120mm PWM ARGB Fan, 3 Pack Reverse, Modular Design with Daisy-chain Unified Fan Frame, Black,",58.35,,,
FANLAN0020,"Lian Li UNI FAN SL Infinity Digital Addressable RGB 120 Fan, 3x 120mm Fan Pack with Controller, Black",133.0,,,
CPUAMD09700X,AMD Ryzen 7 9700X CPU 8 Core / 16 Thread - Max Boost 5.5GHz - 40MB Cache - AM5 Socket - 65W TDP - AMD Radeon Graphics - Heatsink Required,705.87,,,
CABCXT810100,Cruxtec Cat6 Ethernet Cable - 1m - Grey,3.05,,,
WTHSAM390002,"Samsung Galaxy Watch Fit3 - Silver 1.6"" AMOLED Display - Up to 13 Days Battery Life - Fall Detection - IP68/5ATM Water Resistance - Sleep Tracking - Health and Fitness Tracking",100.82,,,
MPPUGR80910,UGREEN UG-80910 Bluetooth FM Transmitter + Car Charger Flash Drive + TF (Black),32.91,,,
HSTSNY017102,Sony WF-C710N True Wireless Noise Cancelling In-Ear Headphones - Glass Blue Ambient Sound Mode - Spotify Tap - IPX4 - Multipoint - Quick charge - Touch Controls - Up to 8.5hrs battery life / 30hrs with charging case,142.97,,,
ADPUGR15062,UGREEN UG-15062 Selfie Stick Tripod with Bluetooth Remote,40.03,,,
TABKOB42802,"Kobo Libra Color eReader - White 7"" E Ink Colour Display",407.07,,,
SPKLOG2453263,Logitech Z200 2 Stereo Speaker - Black,73.17,,,
HSTJBL5507675,JBL Wave Buds True Wireless In-Ear Headphones - Black JBL Deep Bass Sound - IP54 Splash & Dust Resistant - Smart Ambient Mode - JBL Headphones App - Bluetooth 5.2 - Up to 8 Hours Battery Life / 32 Hours Total with Charging Case,46.2,,,
WTHHUA204000,"Huawei Watch FIT 4 Smart Watch - Black with Flouroelastomer Strap 1.82"" AMOLED Display - Up to 10 Days Battery Life - 5ATM Water Resistance - Built-in GPS - 100+ Workout Modes - 24/7 Health Monitoring and Sleep Tracking",249.15,,,
JOYGSR1109,GameSir G7 SE Wired Controller for Xbox & PC - White,74.03,,,
MEMADC30100,ADATA Premier PRO SDXC Memory Card - 64GB Read up to 100MB/s - Write up to 75MB/s,25.59,,,
HOMNJA0027,Ninja Creami Deluxe NC501ANZ 11-in-1 Ice Cream & Frozen Treat Maker 800W - 700ml Tub Capacity,417.8,,,
CABUNI0473,Unitek Y-C473BK USB 2.0 USB-C to Micro USB-B Cable - 1m - Black OD 2.8mm - Nickel Plated - Box Packaging,6.18,,,
MPPTOR00000182,Torras iPhone 17e/16e Guardian Magnetic Case - Black - Fit for MagSafe - Military Grade Drop Protection - Slim Profile & Secure Grip,31.74,,,
DSKOEX1012,ONEX GD1400Z Ver.2 Z Shaped Gaming Desk - 1400x600x750mm - Carbon Fibre Melamine Finish Desktop - Half-Coverage Anti-Slip Desk Mat,173.4,,,
HSTMIX71619,Xiaomi Redmi Buds 8 Lite True Wireless Noise Cancelling In-Ear Headphones - White - Hybrid ANC - 2-Mic Clear Calls - 12.4mm Dynamic Drivers - Custom EQ - Multipoint - IP54 - Xiaomi Earbuds App for iPhone & Android - Up to 8hrs playtime/36hr,31.27,,,
HOMMIX34107,Xiaomi Mi Home High Efficiency Filter for Air Purifier 4 - Black M16R-FLP-GL - 3-in-1 Composite Filter with Activated Carbon,51.8,,,
MPHSAM1317500,Samsung Galaxy A17 4G (2025) Dual SIM Smartphone 4GB+128GB - Black,255.94,,,
KEYLOG4547002,Logitech K580 Slim Multi-Device Wireless Keyboard - Grey,91.37,,,
MSELOG5890447,Logitech Pro X Superlight 2 LIGHTSPEED Wireless Gaming Mouse - White,256.02,,,
MSELOG1685685,Logitech M185 Wireless Mouse - Swift Grey,22.83,,,
HSTLOG2888090,Logitech H151 Headset - Black Single Pin - Stereo,36.18,,,
HDDSAM993101,Samsung 9100 PRO With Heatsink 1TB M.2 NVMe Gen5 Internal SSD PCIe 5.0 - Read up to 14700MB/s - Write up to 13300MB/s - 5 Years Warranty,514.98,,,
CCTBLI113231,"Blink Wire-Free Battery Video Doorbell with Sync Module Core, Black 1440P/30FPS - 150° FOV - 3X AA Battery",87.19,,,
CABBEL6593829,Belkin 240W Braided USB-C Cable - 3m - White,29.49,,,
MONDEL42726,"Dell UltraSharp U2724D 27"" QHD 120Hz Business Monitor 2560x1440 - IPS Black - DisplayPort - DP Out - HDMI - USB-C Data Only - USB Hub  - Daisy Chain Availble - Height / Swivel / Pivot / Tilt Adjustable - 100x100 VESA",519.8,,,
HDDWD43002,"WD Surveillance Purple 3TB 3.5"" Internal HDD SATA3 - 256MB Cache - 24x7 always on Reliability - Built for personal, home office or small business - Up to 64 cameras -3 Years warranty",349.37,,,
MSELOG5027177,Logitech M190 Full Size Wireless Mouse - Charcoal,26.9,,,
HSTSNY020050,Sony WF-1000XM5 True Wireless Noise Cancelling In-Ear Headphones - Black Real-time ANC with Multi Sensor Technology - Sony Dynamic Driver X - Noise Isolation Earbud Tips - Up to 8hrs Playtime/24hrs with Charging Case,344.16,,,
WTHHUA204001,"Huawei Watch FIT 4 Smart Watch - Purple with Flouroelastomer Strap 1.82"" AMOLED Display - Up to 10 Days Battery Life - 5ATM Water Resistance - Built-in GPS - 100+ Workout Modes - 24/7 Health Monitoring and Sleep Tracking",249.15,,,
CABCXT61110,Cruxtec 1m USB-C to USB-C Cable - Full Feature for Syncing & Charging ( 240W - 10Gbps - 4K/60Hz ),19.15,,,
CABBEL4825002,Belkin BoostCharge Lightning to USB-A Cable - 1m - White,16.99,,,
MPHAPP816001,Apple iPhone 16 - 128GB - White,1631.03,,,
MPPTOR00000019,"Torras iPhone 15 / 14 Pro (6.1"") Premium Tempered Glass Screen Protector - Clear 9H+ Military-Grade Protection",20.88,,,
CABBEL6593824,Belkin 240W Braided USB-C Cable - 2m - Black,26.23,,,
CABCXT52010,Cruxtec 1m USB-C to HDMICable 18Gbps 4K/60Hz & 2K/120Hz - HDR- Supports DP Alt Mode,31.57,,,
MEMADC20211,"ADATA Speed Plus 64GB microSDXC Card with Adapter UHS-I - U3 - A2 - V30 , Read up to 160MB/s, Write up to 140MB/s",68.06,,,
KEYWCM5675756,Wacom Intuos Creative Pen Tablet - Medium - Black (Non Bluetooth Version),162.0,,,
FANNOC4100,"NOCTUA NH-D15 Chromax Black CPU Cooler 2x 140mm PWN Fans, 165mm Clearance, Support Intel LGA 1851 / 1700 / 1200 / 1156 / 1155 / LGA1151 / LGA1150, AMD AM5 / AM4",234.67,,,
ADPCXT2504,Cruxtec CDK06-SG USB-C to Dual HDMI Display Mini Dock with 100W PD 2x HDMI - 1x RJ45 - 2x USB3.0 - 1x USB-C 5Gbps/s - Supports M1 Chipset Dual Display,72.6,,,
MPHMIX0115100,"Xiaomi Redmi 15 5G Dual Sim SmartPhone - 4GB+128GB - Midnight Black 7000mah Battery - 6.9"" FHD+ Screen with up to 144Hz Refresh Rate - IP64 Water & Dust Resistance - Snapdragon 6s Gen 3 Chipset",317.64,,,
NETTPL0012,TP-Link Archer T4U (AC1300) Dual-Band WiFi 5 USB Wireless Adapter,45.6,,,
MPPSGP11097,Spigen Galaxy S26 5G (2026) Premium Tempered Glass Screen Protector - 1 Pack - High definition clarity - Easy install frame - 9H hardness,22.08,,,
HOMBRT4603422,Brother JA1450NT Sewing Foot Home Sewing Machine,215.0,,,
HOMFTS0004,"FotoStream 21.5"" WIFI Digital Photo Frame IPS TOUCH SCREEN WITH FRAMEO AND TWO EXTRA FRAMES 32GB Internal Memory",407.97,,,
HSTSHK08201,Shokz OpenRun Pro 2 Premium Wireless Open-Ear Bone Conduction Sports Headphones - Orange IP55 Water Resistant - Bluetooth 5.3 - New DualPitch Bone + Air Conduction Technology - Up to 12 Hours Battery Life - 2 Years Warranty,265.18,,,
MOALCK0040,"Loctek Premium Mount, 24""-34"" Single Ergonomic Gas Spring Monitor Stand - VESA 75 & 100mm - Max Load 6-15KG -Swivel 360deg - Tilt +90 -50deg - Fits For Gaming Monitor - 5 Years Warranty",94.79,,,
AUDFIO5510225,FiiO BTR11 Portable Bluetooth Headphone Amplifier - Black 3.5mm - Hi-Res Bluetooth 5.3 receiver with LDAC - Built-in Microphone for Voice Calls - LED Codec Indicator - Lapel Clip - Up to 45mW Output at 16Ohms - Up to 15hrs Battery Life,28.9,,,
DVAAMZ87315,"Amazon All New Fire TV Stick 4K Plus - 8GB WiFi 6, Alexa voice search",121.42,,,
KEYAUL1008,Aula F75 Wired Mechanical Gaming Keyboard - White,78.25,,,
MODTPL3000,TP-Link Archer VR300 ADSL / VDSL AC1200 Dual-Band WiFi 5 Modem Router,125.15,,,
INKBRT04313,Brother LC431M Ink Cartridge - Magenta 200 Pages - for Brother MFCJ1010DW / DCPJ1050DW Printer,21.37,,,
CPUIT14700F,Intel Core i7 14700F CPU 20 Cores / 28 Threads - 33MB Cache - LGA 1700 Socket,668.92,,,
TAAADT22112,Adonit Mark Stylus -Black,23.49,,,
PAPAPL4730,Matthews A3 Printer Copy Paper 80gsm - Office White - 420mm x 297mm - 500 Sheets per Ream - A Grade Multipurpose Laser / Copier / Inkjet - 150CIE Whiteness 1 Ream,16.4,,,
CABBEL4835406,Belkin BoostCharge Lightning to USB-A Cable - 2m - White,19.98,,,
INKBRT3517271,Brother LC3319XLY Ink Cartridge - Yellow High Yield - 1500 Pages - for Brother MFCJ5330DW / MFCJ5730DW / MFCJ6530DW / MFCJ6930DW Printer,54.72,,,
LASBRT0258103,Brother TN258XLM Toner Cartridge - Magenta 2300 Pages - for Brother MFCL3755CDW / HLL3240CDW / DCPL3560CDW / HLL8240CDW / MFCL3760CDW / MFCL8390CDW Printer,160.68,,,
TAAVLR230011,"Valore Rugged Tablet Case With Shoulder Strap  / Hand Strap, screen protector & Kick-Stand  for Samsung Galaxy Tab A11+, 11"" Tablet ( SM-X230 / SMX-236 2025 Model )",48.88,,,
PTREPA65501,Epson WorkForce EcoTank ET-4800 Inkjet All-in-One Printer Print / Scan / Fax,430.87,,,
KEYLOG4509929,Logitech MK470 Slim Wireless Keyboard & Mouse Combo - White,101.87,,,
CABALG00148,Alogic Elements ELMDPHD-02 Mini DisplayPort to HDMI Cable - 2m - Black Up to 1920x1080,12.74,,,
KEYLOG5442258,Logitech G413 TKL SE Mechanical Gaming Keyboard Tactile Switches,137.87,,,
WKSGGPC50429,GGPC RX 9070 XT Gaming PC AMD Ryzen 7 9700X 8 Core/ 16 Threads - 32GB DDR5 RAM - 1TB NVMe SSD - RX9070XT 16GB Graphics - WiFi + Bluetooth - Windows 11 Home,3656.77,,,
CABAPP6388497,Apple USB-C to MagSafe 3 Cable ( Silver ) - 2m,78.37,,,
CCTEFY1431,"Eufy Security eufyCam 3 (S330) 4K Outdoor Wire-Free Battery Solar Camera Kit - 2 Pack 13,400 mAh Battery last up to 365 Days / Homebase3 with16GB Storage / AI Recognition",1063.96,,,
GAMMST2034,Xbox Wireless Controller for Xbox Series X/S - Deep Pink Bluetooth Compatible with Windows 10/11 PCs / Android,93.78,,,
KEYRPO1016,Rapoo 8810ME Wireless Ergonomic Mouse & Keyboard Combo Bluetooth - USB Receiver - Multiple Devices - 1600 DPI Mouse,110.92,,,
HSTLOG6107410,Logitech G Astro A50 X LIGHTSPEED Wireless Gaming Headset + Base Station - Graphite,521.56,,,
LASHPL4783960,HP 206A Toner Cartridge - Yellow 1250 Pages - for HP Colour LaserJet Pro MFP M282nw / MFP M283fdn / MFP M283fdw Printer,172.58,,,
SPKEDI170001,Edifier R1700BT 66W Powered Bookshelf Speaker System with Bluetooth 5.1 - Black 2x RCA Inputs - Wireless Remote Included,161.84,,,
INKBRT3517270,Brother LC3319XLM Ink Cartridge - Magenta High Yield - 1500 Pages - for Brother MFCJ5330DW / MFCJ5730DW / MFCJ6530DW / MFCJ6930DW Printer,55.03,,,
PTRCNN4409208,"Canon PIXMA TS9560 Printer, A3 Craft Printer Inkjet Multifunction -Photo Print for Small Business",267.11,,,
MONMSI223281,"MSI MAG 272F X24 27"" FHD 240Hz Rapid IPS Gaming Monitor 1920x1080 - 0.5ms - DisplayPort - 2x HDMI - AMD FreeSync Premium - Tilt - 100x100 VESA",279.09,,,
NBAAPP6268036,Apple USB-C Digital AV Multiport Adapter (4K Support),119.43,,,
HSTHYX1031,HyperX Cloud III S Wireless Gaming Headset - Black,290.54,,,
BULMIX27854,"Xiaomi LED Desk Lamp Pro Smart Lighting 700 lumens - Multi-angle adjustment , Adjustment of brightness intensity and colour temperature, Colour temperature of 2500-4800K, Two lighting modes",111.64,,,
HSTMIX57983,Xiaomi Mi USB Type-C Earphones - White In-line HD Microphone & Remote - IP54 Sweat & Water Resistant - High-Quality Sound with 12.4mm Drivers - Simple Plug & Play - Compatible with Android & USB-C iPhone,12.22,,,
HSTSEN700174,Sennheiser ACCENTUM Wireless Over-Ear Noise Cancelling Headphones - Black AptX HD/AAC - All-day comfort - Up to 50 hours of battery life (ANC on),268.08,,,
MONMSI427245,"MSI MPG 272URX QD-OLED 27"" 4K 240Hz QD-OLED Gaming Monitor with DP 2.1 80Gbps - 3840x2160 - 0.03ms / 240Hz - DisplayPort 2.1 - HDMI 2.1 - USB-C 98W - G-Sync Compatible - HDR400 True Black - Height / Swivel / Tilt Adjustable - 100x100 VESA",1091.15,,,
MONMSI521274,"MSI Pro MP273 27"" FHD 144Hz Business Monitor -  1920x1080 - IPS Panel - HDMI - VGA - DisplayPort - Speakers - Tilt Adjustable - 100x100 VESA",200.38,,,
BULMIX58232,"Xiaomi Mi Home Rechargeable Desk Lamp battery Powered Visible flicker-free, Blue light RG0 exempt risk group product,Magnetic attachment for easy handling and multi-directional rotation",36.29,,,
INKEPA306392,Epson EcoTank T542 Ink Bottle - Magenta for Epson ET-16600 / EcoTank Pro ET-5800 / EcoTank Pro ET-5150 Printer,26.59,,,
CABCXT10190,"Cruxtec 2m DisplayPort to HDMI Cable 4K/30hz - Gold-Plated Connectors, 32AWG Copper Conductor",21.77,,,
NETTPL0057,TP-Link Archer TX20U (AX1800) Dual-Band WiFi 6 USB Wireless Adapter,49.75,,,
BAPMIX58248,Xiaomi 20000mAh 33W 3-Output Power Bank with Cable - Blue Input 33W / Output 33W / 22.5W USB-A / 30W USB-C,51.89,,,
IPCMNXNEOC1,MINIX NEO C1 1080P 60Hz USB-C to HDMI Wireless Display Dongle Extender up to 50m - Flexible Display Options - Mirroror Extend Mode - Plug-and-Play,90.64,,,
MPPBEL3649474,"Belkin Car Vent Mount for Phones up to 5.5""",27.11,,,
CPUAMD07600X,AMD Ryzen 5 7600X CPU 6 Core / 12 Thread - Max Boost 5.3GHz - 38MB Cache - AM5 Socket - 105W TDP - Integrated Radeon Graphics - Heatsink Not Included,598.0,,,
SEVOEM9208,UGREEN 20501 2.5mm Male to 3.5mm Female Stereo Mic Audio Earphone Jack Adapter Converter,3.59,,,
KEYRAZ86426,Razer Ornata V3 RGB Low Profile Gaming Keyboard,118.34,,,
CABBEL4825003,Belkin BoostCharge Lightning to USB-A Cable - 15cm - Black,22.23,,,
HSTSCD00300,Skullcandy Crusher Wireless Over-Ear Headphones (2024 USB-C version) - Black Haptic Bass Feedback - Up to 40 Hours of Battery Life - 2 Years Warranty,152.48,,,
PSUDPC12751,"DEEPCOOL PL750D 750W ATX 3.1 Power Supply 80 Plus Bronze - MEPS Ready -1 X 12V-2X6 Connector, 5 Years Warranty",98.9,,,
HOMFTS0008,"FotoStream 10.1"" Digital Photo Frame with Remote",95.17,,,
KEYEHDT5632633,HP 350 Compact Multi-Device Bluetooth Keyboard - Black,49.84,,,
MSELOG5515298,Logitech Lift Vertical Ergonomic Wireless Mouse - Pale Grey For Mac,138.06,,,
KEYLOG5558561,Logitech MX Mechanical Keyboard - Tactile,280.45,,,
WTHAPP1031011,Apple Watch SE 3 (GPS) 44mm - Starlight Aluminium Case with Starlight Sport Band - M/L,506.45,,,
CABBEL4828984,Belkin BoostCharge Lightning to USB-A Cable - 2m - Black,18.35,,,
BULBRS21893,"Brilliant Smart WiFi LED RGB Smart Light Bulb E14, G45, 350 Lumens, 4.5W, Dimmable, Bio-Rhythm Lighting Via BrilliantSmart App Remote Control Enabled 220 degrees Beam Angle",13.24,,,
NBDTAR427,Targus DOCK427 USB-C Dual 4K Alt Mode Mobile Hub with 140w Power Delivery 2x HDMI2.0 - 1x USB-C (for Power in) - 2x USB3.2 10Gbps - 2x USB-A 10Gbps - 1x RJ45 - Supports Apple / ChromeOS / Linux / Windows - 3Y Warranty,138.1,,,
CABRRS28150,RockRose Hercules Movefree 5-in-1 Charging Cable - 1m USB / USB-C to Micro USB / USB-C / Lightning,12.97,,,
POSBRT4140250,"Brother QL1110NWB Label Printers, Wireless",414.61,,,
CABCXT52020,Cruxtec 2m USB-C to HDMI Cable 18Gbps - 4K/60Hz & 2K/120Hz - HDR - Supports DP Alt Mode,34.68,,,
HSTLOG1931953,Logitech H110 Headset Stereo - Colour coded - 3.5mm plugs - Versatile design - Noise-Canceling microphone,37.77,,,
TAABAS0056,Baseus 0.3mm HD Crystal Tempered Glass Screen Protector Clear for iPad A16 11 inch & 10th Gen 10.9-inch,15.92,,,
CABAPP6181346,Apple Original USB-A to Lightning Cable - 1m,32.95,,,
INKCNN6510,Canon CLI651XLGY Ink Cartridge - Grey High Yield - 750 Pages - for Canon PIXMA IP8760 / MG6360 / MG7160 / MG7560 Printer,37.39,,,
MEMSDK23122,SanDisk Extreme SDXC Memory Card - 64GB Class 10 - V30 - U3 - UHS-I - Read up to 170MB/s - Write up to 80MB/s,54.61,,,
INKHPD046023,HP 937 Ink Cartridge - Black 1250 Pages - for OfficeJet Pro 9730e - 9720e Printer,69.51,,,
MPPBEL6633066,"Belkin BoostCharge Pro Wireless Charging Pad 15W - Black, Included Wall Charger, Up to 15W of Wireless Charging, Easy Alignment and Larger Pad, LED Indicator",49.99,,,
MPPTOR00000014,"Torras iPhone 15 (6.1"") Guardian Magnetic Case - Black MagSafe Compatible - Translucent Slim",37.48,,,
HDDSSM37201,Samsung T7 Shield 2TB Rugged Portable External SSD - Black USB-C - IP65 Rated Dust & Water Resistance - 3 Metre Drop Resistant - NVMe - Write up to 1000MB/s,888.55,,,
CAMINS4002,Insta360 Link 2 UHD 4K AI Webcam Up to UHD 4K at 30fps - AI Tracking & Controls - 2-Axis Gimbal - 4x Zoom,333.94,,,
MONMSI223282,"MSI MAG 274QF X24 27"" QHD 240Hz Rapid IPS Gaming Monitor 2560x1440 - 0.5ms - DisplayPort - 2x HDMI - AMD FreeSync Premium - Tilt - 100x100 VESA",398.48,,,
HOMFTS0005,"FotoStream 10.1"" WIFI Digital Photo Frame 32GB SOLID WOOD",183.98,,,
TVKNC32550,"KONIC 50"" 4K Google Smart TV",517.24,,,
HSTSCD000030,Skullcandy Jib Wired In-Ear Headphones - Black / Black / Black In-Line Microphone - Call & Track controls - 3.5mm Jack,17.0,,,
BATMLF1016,"Maxlife BAT1616 CR1616 Lithium Coin Button Cell Battery. 1Pk. 3Volt Capacity: 45mAhSize: 16 x 1.5mm Replacement for: BR1616, DL1616, ECR1616",1.81,,,
GAMMST2039,Xbox Wireless Controller for Xbox Series X/S - Velocity Green Bluetooth Compatible with Windows 10/11 PCs / Android,101.72,,,
MPPGEN0617,iPhone 15 Pro Glass Screen Protector Clear - Case Friendly,7.59,,,
NICTPL1001,"TP-Link TX401 10Gbps PCI-E Ethernet Adapter, 1 x RJ45",125.1,,,
MSERAZ89642,"Razer Viper v3 HyperSpeed Wireless Gaming Mouse 82g, 30K DPI, 280hr Battery Life On Single AA Battery, 1K Polling",126.97,,,
MPPUGR60990,UGREEN UG-60990 Gravity Phone Holder with Suction Cup - Black,21.91,,,
NAPTPL1801,TP-Link TL-WA801N Wi-Fi Access Point N300 Multiple Modes: Access Point / Client / Range Extender,51.3,,,
MONSAM123273,"Samsung LS27HG310E 27"" FHD 144hz IPS Monitor - 1920x1080 ,  1ms ,  AMD FreeSync , HDMI + Displayport ,  Tilt ,  100x100mm VESA",155.62,,,
LASHPL0404,HP 201X Toner Cartridge - Black 2800 Pages - for HP Colour LaserJet Pro M252dw / M274n / MFP M277dw / MFP M277nPrinter,218.91,,,
ITPCAQ6018,Dynamix PLE-C6A-1H Cat6 RJ45 Patch Lead - 1.5m - Blue UTP - T568A - 250MHz - 24AWG - Slimline - Snagless - Gold Plated,4.67,,,
LASBRT720943,Brother TN3425 Toner Cartridge - Black High Yield 8000 Pages - for Brother HLL5100DN / HLL5200DW / HLL6200DW / HLL6400DW / MFCL5755DW / MFCL6700DW / MFCL6900DW Printer,254.15,,,
NAPTPL02112,TP-Link Omada EAP211-Bridge KIT (AC867) 5GHz 2-Stream IP65 Outdoor Wi-Fi 5 Wireless Bridge with 1GbE x3 (PoE+ 12W),261.62,,,
MEMSDK22150,SanDisk Ultra Series SDXC Memory Card - 256GB UHS-I - Class 10 - Up to 150MB/s,113.64,,,
HSTSEN508676,Sennheiser RS 175 RF Wireless Over-Ear TV Headphones - Black for Use with Televisions and Home Theatre Systems - Up to 18 Hours Battery Life,341.57,,,
NBPKFD6512,"KFD 65W Universal Laptop Charger with 13 Tips Compatible for Lenovo, HP, Asus, Acer, Toshiba, Sony, Dell, Samsung, LG NUC Laptops",52.9,,,
CABBEL6645331,Belkin BoostCharge Pro Braided USB-C to Lightning Cable - 2m - White,34.86,,,
MOALCK0059,"Loctek Pro Mount, 10""-30"" Dual Gas Spring Monitor Stand - VESA 75 &100mm - Max Load 5KG - Clamp & Grommet Installation - 5 Years Warranty",113.85,,,
MSELOG5027179,Logitech M190 Full Size Wireless Mouse - Red,20.77,,,
MPPSGP07505,Spigen Galaxy XCover 7 (2024) Tough Armor Case - Black DROP-TESTED MILITARY GRADE - HEAVY DUTY - 3-Layer Extreme Protection - Air Cushion Technology - Dual Layer Protection,33.02,,,
MPPSGP10309,"Spigen iPhone Air (6.5"") Ultra Hybrid Case - Clear Certified Military-Grade Protection - Clear Durable Back Panel + TPU Bumper",22.94,,,
KEYLBK1007,LEOBOG Hi75c PRO 75% Tri-mode Mechanical Keyboard - Astronaut Aluminium Alloy Cover - Linear Switch - RGB - Side-Prined PBT Keycaps - Hot Swappable - Gasket Mount,112.62,,,
CABBEL4825004,Belkin BoostCharge Braided Lightning to USB-A Cable - 1m - Black,21.99,,,
CCTALO5042,Arlo Ultra 2 4K Outdoor Wire-Free Battery Camera - Add-on 180° Field of View / Requires a SmartHub,178.3,,,
HSTSEN508697,Sennheiser HD 599 SE Special Edition Open-Back Wired Over-Ear Headphones - Black 38mm Transducers made in Europe - 12Hz-38.5kHz Frequency Response - 50 Ohm Impedance - Neutral-Warm Sound Signature - 3m & 1.2m cables - 2 Years Warranty,317.83,,,
MPHUNDBT694,Uniden BT694 Replacement Battery for BT-694 ELITE 91XX / ELITE 90XX / XDECT70XX / XDECT R0XX / XDECT80XX / DECT31XX / SSE37+1 / SSE35 / DECT30XX / XDECT61XX / DECT15XX Series,19.24,,,
CABBEL6597220,Belkin BoostCharge USB-A to USB-C Cable - 1m - White,15.04,,,
HSTSCD02010,Skullcandy Jib+ Wireless In-Ear Headphones - Black Bluetooth 5.0 - Up to 6 Hours Battery Life,27.57,,,
LASHPD3962920,HP 202X Toner Cartridge - Magenta High Yield - 2500 Pages - for HP Colour LaserJet Pro M254dw / M254nw / MFP M280nw / MFPM281fdn / MFP M281fdw Printer,242.13,,,
CCTTPL92002,TP-Link Tapo A201 2.5W USB-C Solar Panel - 1 Pack,34.14,,,
VGAGBV11033,Gigabyte NVIDIA GeForce GT 1030 2GB DDR4 Graphics Card Single Slot - Minimum 300W PSU - Low Profile Support,219.65,,,
INKCNN6516,Canon CLI651XLBK Ink Cartridge - Black High Yield - 750 Pages - for Canon PIXMA MG6360 / MG5460 / iP7260 / MX726 / MG5560 / iP8760 / iX6860 / MG6460 / MG7160 / MX926 / MG5660 / MG6660 / MG7560 Printer,37.03,,,
INKCNN6517,Canon CLI651XLCOCN Ink Cartridge - Cyan High Yield - 750 Pages - for Canon PIXMA MG6360 / MG5460 / iP7260 / MX726 / MG5560 / iP8760 / iX6860 / MG6460 / MG7160 / MX926 / MG5660 / MG6660 / MG7560 Printer,34.63,,,
INKCNN6518,Canon CLI651XLM Ink Cartridge - Magenta High Yield - 750 Pages - for Canon PIXMA MG6360 / MG5460 / iP7260 / MX726 / MG5560 / iP8760 / iX6860 / MG6460 / MG7160 / MX926 / MG5660 / MG6660 / MG7560 Printer,37.39,,,
INKCNN6519,Canon CLI651XLY Ink Cartridge - Yellow High Yield - 750 Pages - for Canon PIXMA MG6360 / MG5460 / iP7260 / MX726 / MG5560 / iP8760 / iX6860 / MG6460 / MG7160 / MX926 / MG5660 / MG6660 / MG7560 Printer,37.57,,,
ENCORC0017,"Orico 2.5-Inch SSD/HDD Enclosure with USB-C/-A to USB-C, 0.5M Length Cable Supports Up to 6TB -",19.6,,,
MOAOMP7325,OMP M7325 Universal Sound Bar Bracket or soundbar installation above or below your TV set,27.81,,,
SWHUBI10568,"Ubiquiti UniFi USW-Flex-2.5G-8 10-Port 10G L2 Managed Switch - 10GbE PoE+/SFP+ Combo x1, 2.5GbE x8",366.45,,,
INKCNN2826752,Canon PGI-2600XL C OCN Ink Cartridge - Cyan High Yield - 1500 Pages for Canon MAXIFY MB5060 / MB5360 / IB4060 / MB5160 Printer,49.98,,,
TAAATP230011,"Glass Screen Protector for Galaxy Tab  11"" A11+  2025 Model ( Model - SM-X230  / SM-X236 )",33.87,,,
CDAVER1047366,Verbatim 41854 Empty CD Slim Cases - 25 Pack,15.55,,,
SWHUBI824120,"Ubiquiti UniFi USW-24-POE 26-Port Gigabit L2 Managed PoE Switch (95W) - SFP x2, 1GbE x8, 1GbE PoE+ x16",843.03,,,
CCTRLK8426,Reolink TrackMix WiFi 8MP/4K Dual-Lens Outdoor PTZ Wi-Fi Camera with Spotlight 6X hybrid zoom / Smart Detection / Dual-Band WiFi / Time Lapse,327.53,,,
MSESAC10012,SATECHI M1 Wireless Bluetooth  Mouse ( Silver ),48.08,,,
HOMNJA0019,Ninja Blast BC100 Portable Blender - Black 470ml Vessel - Perfect for Smoothies - Protein Shakes & Frozen Drinks,69.87,,,
MEMPNY10001,PNY 8GB DDR4 3200MT/s SODIMM RAM for Laptop and other compatible devices,105.11,,,
LASHPD3962918,HP 202X Toner Cartridge - Yellow High Yield - 2500 Pages - for HP Colour LaserJet Pro M254dw / M254nw / MFP M280nw / MFPM281fdn / MFP M281fdw Printer,242.66,,,
HSTBAS84358,Baseus Bowie MC1 Open-Ear Clip-On True Wireless Earbuds - Cosmic Black - Adaptive all-day comfort & secure fit - Powerful sound - Adaptive bass - Clear voice calls - IP57 - Physical controls - Up to 9hrs playtime / 40hrs with charging case,66.15,,,
SEVRBP0267,"Raspberry Pi 4 Model B 8GB LPDDR4 Quad Core Cortex-A72 64-bit SoC 1.5GHz, 8GB LPDDR4-3200 SDRAM, 40 pin GPIO, Dual Micro HDMI Video Output Supports 4kp60, Dual Band WIFI & Bluetooth",321.41,,,
FANNZX0154,"NZXT F120 RGB DUO Black 120mm Dual Sided RGB Fan, 3 Pack With RGB Controller",96.37,,,
MONPHS421241,"Philips 24B2N3200J/75 24"" FHD Business Monitor 1920x1080 - IPS Panel - VGA - DisplayPort - HDMI - USB Hub - Height Adjustable -  Speaker ,  100x100mm VESA",210.45,,,
KEYAPP6360184,Apple Magic Keyboard with Touch ID and Numeric Keypad - ( BlackKeys ) for Mac Models  with Apple Silicon chip ( USB-C ),321.02,,,
HDDMSI6829992,"MSI SPATIUM M452 500GB M.2 NVMe Internal SSD PCIe Gen 4 - Read up to 3500MB/s , write up to 2600MB/s , 2280 - 5 Year Warranty",182.87,,,
ITPCAP202,Dynamix C-POWERC X 10A IEC C14 to C13 Power Extension Cord - 1.8m - Black SAA Approved,8.67,,,
MPPRRS62101,RockRose AirWave III 3-in-1 Wireless Charger For iPhone/ Airpods/ Apple Watch,38.11,,,
HSTEDI007502,Edifier K750W WFH Wireless Over-Ear Stereo Headset with Boom Microphone - Grey - Clear calls with 2 noise-cancelling mics - Bluetooth 5.4 - 40mm dynamic drivers - Large comfortable earpads - Edifier ConneX app - Up to 33hrs talk time/55hrs,41.69,,,
MONHDT52720,"HP Series 5 Pro 527da 27"" FHD 100Hz Business Monitor -  1920x1080 - 3-Sided Borderless - 2x HDMI - 1xVGA - Height adjustable and Tilt - Speaker ,   No VESA Mount",197.57,,,
WTHHUA55021790,"Huawei Watch D2 Blood Pressure Monitoring Smart Watch - Black 1.82"" AMOLED Display - Up to 6 Days Battery Life - Blood Pressure Monitoring - ECG (Electrocardiogram) - IP68 Water Resistance - Advanced Health Monitoring",578.44,,,
CCTALO5342,Arlo Ultra 2 4K Outdoor Wire-Free Battery Camera - 3 Pack 180° Field of View / Include a Smart Hub,549.3,,,
SEVOEM9349,Google DIY Cardboard & Smartphone Virtual VR Reality Headset (Second Generation),13.22,,,
AUDROD1110,RODE WIME Wireless Micro USB-C Ultra-compact Wireless Microphone - Black - Audio System for USB-C Smartphones,166.99,,,
NBKHNB153093I,"HP Victus 15-fb3093dx NVIDIA RTX 4050 Gaming Laptop 15.6"" FHD 144Hz - AMD Ryzen 7 7445HS - 16GB RAM - 512GB SSD - Win 11 Home - AX WiFi 6 + BT5.4 - Webcam - USB-C (with PD & DP1.4a) - HDMI2.1 - RJ45 - 1yr warranty",1743.4,,,
NBGUGR50903,UGREEN Travel Gadget Case Bag Electronics Accessories Organiser Travel Carry Hard case Double Layer - Double zipper - Snap Hook - Carrying Strap Grey,28.44,,,
MSESAC10011,SATECHI M1 Wireless Bluetooth Mouse ( Space Grey ),50.07,,,
MPHSAM0326604K,Samsung Galaxy A26 5G (2025) Dual SIM Smartphone 6GB+128GB Black & Torras Inuda Surie Sticker Kit,471.14,,,
WTHMIX57410,"Xiaomi Smart Band 9 Pro Fitness Tracker - Obsidian Black 1.74"" AMOLED 60Hz Display - Up to 21 Days Battery Life - 5ATM Water Resistance - Upgrade Health and Sleep monitoring - 5-Point Satellite GPS",132.74,,,
NBKASU14043IS,"ASUS Vivobook 14 X1404VA 14"" FHD Intel Core i3-1315U 8GB RAM - 256GB SSD - Win 11 Home S - ACWiFi 5 + BT - Webcam - 1yr warranty",751.59,,,
TABAPP575051211,Apple iPad Pro 13-inch  (M5) - Wi-Fi - ( Space Black ) 512GB Storage -  Apple M5 Chip with Standard Glass,3107.0,,,
INKEPA4309512,Epson T522 Ink Bottle - Cyan for Epson ET1810 / ET1910 / ET2810 / ET2910 / ET2920 / ET4800 / ET4900 / ET1110 / ET2710  / ET2720 / ET2810 / ET4700 / ET2820 Printer,18.93,,,
INKEPA4309513,Epson T522 Ink Bottle - Magenta for Epson ET1810 / ET1910 / ET2810 / ET2910 / ET2920 / ET4800 / ET4900 / ET1110 / ET2710  / ET2720 / ET2810 / ET4700 / ET2820 Printer,17.74,,,
INKEPA4309514,Epson T522 Ink Bottle - Yellow for Epson ET1810 / ET1910 / ET2810 / ET2910 / ET2920 / ET4800 / ET4900 / ET1110 / ET2710  / ET2720 / ET2810 / ET4700 / ET2820 Printer,18.66,,,
MONSAM84910,"Samsung Odyssey OLED G9 49"" 144Hz Curved Ultrawide Gaming Monitor - 5120x1440 ,  0.03ms  , HDR400 , 1800R Curve ,  HDMI 2.1 + DP 1.4 + Micro HDMI  , Height Adjustable , 100x100mm",1718.25,,,
CABCXT722000,Cruxtec Cat8 Ethernet Cable - 20m - Black -  40Gb / SFTP Triple Shielding - Gold-Plated RJ45 Connectors,41.19,,,
FANNZX0155,"NZXT F120 RGB DUO White 120mm Dual Sided RGB Fan, 3 Pack With RGB Controller",102.92,,,
WTHAPP1031000,Apple Watch SE 3 (GPS) 44mm - Midnight Aluminium Case with Midnight Sport Band - S/M,506.45,,,
MOALCK0099,"Loctek Pro Mount, 10""-30"" Single Monitor With 10.1""-17.3"" Laptop Notebook Stand Ergonomic Gas Spring Arm Riser, Capacity 5KG, VESA 100mm /5 Years Warranty Display Bracket Desktop Mount",128.49,,,
CAACNP00017,"Canon LP-E17 Battery Pack for EOS 850D, R50, R100, R8",69.28,,,
KEYLOG6247485,Logitech G515 LIGHTSPEED TKL Wireless Gaming Keyboard - Black Tactile,241.45,,,
MPHMIX0115000,"Xiaomi 15 Ultra (2025) Dual SIM Smartphone - 16GB+512GB - Silver Chrome Snapdragon 8 Elite Chip - Next-gen Leica Quad Camera System - 6.73"" 120Hz WQHD+ AMOLED Ultra-bright Display - Xiaomi HyperAI - IP68 - 5410mAh (VoLTE Support - Manual Ac",1876.83,,,
CAADJI4211,DJI Mic Mini 2 Transmitter,50.15,,,
PTRHPL070665,HP LaserJet Pro M110w Mono Wireless Printer An Efficient High-Quality Printer that fits your space and your budget - Instant Ink Enabled,120.5,,,
WKAHDT278834,"HP 27-cr0000a 27"" FHD All-in-One PC AMD Ryzen 7 7730U - 16GB RAM - 512GB SSD  - WiFi 6 + Bluetooth 5.3 - Webcam - Win 11 Home - USB Keyboard & Mouse - 1 Year Warranty",2096.8,,,
INKHPD0562,HP 61 Ink Cartridge - Tri-Colour 165 Pages - for HP DeskJet 1000 / 1050 / 2000 / 2050 / 2510 / 2540 / 3000 / 3050 / 1510 / Envy 4504 / 5530 / 4500 / Officejet 2620 / 4630 Printer,54.94,,,
WTHAPP2111001,Apple Watch Series 11 (GPS) 46mm - Jet Black Aluminium Case with Black Sport Band - M/L,758.71,,,
KEYLOG5890449,Logitech G Pro X TKL LIGHTSPEED Gaming Keyboard - Black,295.25,,,
SWHUBI10569,"Ubiquiti UniFi USW-Flex-2.5G-8-PoE 10-Port 10G L2 Managed PoE-Passthrough PoE Switch (76W) - 10GbE PoE+++/SFP+ Combo x1, 2.5GbE PoE++ x8 (No PSU included)",482.91,,,
CABCXT52030,Cruxtec 3m USB-C to HDMI Cable 18Gbps - 4K/60Hz & 2K/120Hz - HDR - Supports DP Alt Mode,47.68,,,
DSKFXT0003,FlexiSpot DO03 Monitor Riser Stand - Bamboo Texture Desktop - White Frame,35.72,,,
MVOSAM32450,Samsung MS32DG4504ATSA 32L 1000W Microwave Oven Stainless Steel,197.24,,,
TABAPP975025611,"Apple iPad Pro 11"" (M5) - ( Space Black ) 256GB Storage - WiFi - Apple M5 Chip with Standard Glass",2186.63,,,
WTHSAM9705000,Samsung Galaxy Watch Ultra - Titanium Gray with Orange Marine Loop Not Compatible with One NZ e-SIM - Google Wear OS - MIL-STD 810H - Up to 100 hrs Battery Life - 10ATM/IP68 Water Resistance - Emergency SOS - Fall Detection - Dual Frequency,861.02,,,
NBAOEM0136,"Matte Rubberized Hard Shell Case Cover for 13"" MacBook Air (2018-2022) - Matte Black for Models: A2337 M1 / A2179 / A1932",26.39,,,
HSTEDI00313,Edifier X3 Pro Noise Cancelling True Wireless Earbuds - Ivory Bluetooth 5.4 - AI Clear Calls - IP54 Sweat & Water Resistance - 8mm Drivers - Edifier ConneX App for Android & iPhone - Up to 6hrs Battery Life/19hrs with Charging Case (ANC On),39.11,,,
PTRBRT4193811,Brother QL-1100 Direct Thermal Monochrome Label Printer Desktop - Label Maker Max label width 103.6mm - Max Print Width 101.6mm - 110mm/s Print Speed - Mono - 300 dpi - USB - Label - Die-cut Label,269.73,,,
KEYAPP6360181,Apple Magic Keyboard ( USB-C ) with Touch ID for Mac models with Apple silicon - ( White ),223.51,,,
LASBRT1071,Brother DR1070 Drum Unit - Black 10000 Pages - for Brother DCP1510 / DCP1610W / HL1110 / HL1210W / MFC1810 / MFC1910W Printer,106.08,,,
NBAUGR40289,"UGREEN UG-40289 Aluminum Foldable Laptop Stand - Silver - Foldable & Portable - 5 Level Height Adjustment - Support laptop up to 8""-17.3"" iPad Mini/ Macbook Pro",31.83,,,
HSTSNY020051,Sony WF-1000XM5 True Wireless Noise Cancelling In-Ear Headphones - Silver Real-time ANC with Multi Sensor Technology - Sony Dynamic Driver X - Noise Isolation Earbud Tips - Up to 8hrs Playtime/24hrs with Charging Case,344.16,,,
MPPMIX26554,Xiaomi Mi 37W Dual-Port Fast Charging Car Charger - Black Matte Single Port Max 27W Output - Multiple protections - Streamlined - LED Indicator,16.17,,,
CPUIT157265KF,Intel Core Ultra 7 265KF CPU 20 Cores / 20 Threads - 30MB Cache - LGA 1851 Socket - Intel 800 Series Motherboard Required - No Integrated Graphics - Heatsink Not Included,530.41,,,
HSTYLK6258697,Yealink WH64 Mono DECT & Bluetooth Hybrid Wireless Headset with Charging Stand - Teams Certified 3-Mics Noise Cancellation / Busy Light / Up to 150m Distance / Up to 26-Hour Talk-time,228.78,,,
CPUIT155225,Intel Core Ultra 5 225 CPU 10 Cores up to 4.2Ghz - 20MB Cache - LGA 1851 Socket - Intel 800 Series Motherboard Required,332.75,,,
MPHMIX0115101,"Xiaomi Redmi 15 5G Dual Sim SmartPhone - 4GB+128GB - Titan Gray - 7000mah Battery - 6.9"" FHD+ Screen with up to 144Hz Refresh Rate - IP64 Water & Dust Resistance - Snapdragon 6s Gen 3 Chipset",286.82,,,
PSUMSI1110,MSI MPG 850W Power Supply 80 Plus Gold - Native 16 Pin Connector Design - Full Modular Design - 10 Years Warranty - Industrial Level Protection with OVP / OCP / OPP / OTP / SCP / UVP,211.37,,,
CABBEL5640131,Belkin HDMI 2.1 USB-C to HDMI Cable - 2m 8K - 60Hz - HDR10+ - Plug and Play - Passive - DP Alt Mode - HBR3 - DSC - HDCP 2.2 - iTunes / Netflix,56.57,,,
HOMSAM0091,Samsung Jet 95 Cordless Stick Vacuum 210AW Power Suction - 2.7kg Weight - 60min-Running Time - HEPA Filtration System - 5-Layer 0.8L Dust Capacity - 3.5 Hours Charge Time,553.0,,,
MBDGBM37424,"Gigabyte B850 GAMING WIFI6 ATX Motherboard AMD Socket AM5 - B850 Chipset - Supports AMD Ryzen 9000 / 8000 / 7000 Series Processor - PCIE 5.0 - 3x M.2, 4x DDR5, 2x Internal USB 2.0 Header, 1x Internal USB 3.2 Header, 1x Internal Type C Heade",294.17,,,
HSTSNY77109,Sony Fontopia MDR-E9LP Wired Earbuds - White 3.5mm Jack - 13.5mm Driver Unit - Neodymium Magnet for Powerful Bass - 2x Earpads Included,10.11,,,
MEMTGM0041,TeamGroup T-Force Vulcan 16GB ( 2 X 8GB) DDR5 5600MT/s Desktop UDIMM RAM Kit - Black 2x 8GB - 5600MT/s - CL 40 - AMD EXPO/Intel XMP with 700 series chipset,419.18,,,
MPPGEN0918,"iPhone 17 Pro Max (6.9"") Glass Screen Protector - Clear Case Friendly",8.98,,,
TAABEL6384953,Belkin BoostCharge Compact USB-C Wall Charger 30W,28.46,,,
TVAKNC8443L,"KONIC 23""-55"" Full-Motion TV Wall Mount - Weight Capacity 35kg -  Profile 58-614mm - Swivel Range +90~-90",45.08,,,
CCTEFY3102,Eufy S220 2K Outdoor Wire-Free Video Doorbell with HomeBase 2 6500mAh Battery - Enhanced Human Detection - 16GB Storage On HomeBase,417.97,,,
NETTPL4600,TP-Link Archer MR600 4G LTE CAT6 AC1200 WiFi 5 Router 1GbE x4 / Nano-SIM Slot / SMA x2 for External Cellular Antenna,239.78,,,
WTHFIT5586296,Fitbit Versa 4 Smart Watch - Black / Graphite Built-in GPS - 24/7 Heart Rate Monitoring - Alexa Built-in - Oxygen Saturation,341.47,,,
NBKLEN3156,"Lenovo IdeaPad 3 15IJL6 15.6"" FHD Chromebook Intel Celeron N4500 - 4GB RAM - 64GB eMMC - ChromeOS - AX WiFi 6 + BT5.2 - Webcam - USB-C (with PD & DP1.4) - HDMI1.4 - MiscroSD Reader",540.59,,,
TABASU730020,"ASUS ROG Xbox Ally 7"" FHD Touch 120Hz Gaming Handheld AMD Ryzen Z2 A - 16GB RAM - 512GB M.2 SSD - Win 11 Home - 1Y Warranty",985.14,,,
WTHSAM9705002,Samsung Galaxy Watch Ultra - Titanium White with White Marine Loop Not Compatible with One NZ e-SIM - Google Wear OS - MIL-STD 810H - Up to 100 hrs Battery Life - 10ATM/IP68 Water Resistance - Emergency SOS - Fall Detection - Dual Frequency,718.22,,,
MPHVDF420296,One NZ Smart E10 Smartphone - 16GB - Black Network Locked to One NZ - includes One NZ Prepay Plus SIM,47.87,,,
NBKASU14045I,"ASUS Vivobook 14 X1404VA 14"" FHD - Intel Core i5-1334U - 12GB RAM - 256GB SSD - Win 11 Home",1010.49,,,
MPHSAM7317501,Samsung Galaxy A17 4G (2025) Dual SIM Smartphone 4GB+128GB - Blue,255.94,,,
WTHAPP1030011,Apple Watch SE 3 (GPS) 40mm - Starlight Aluminium Case with Starlight Sport Band - M/L,439.63,,,
MICBYA2010,Boya BOYALINK (USB-C+ Lightning+3.5mm TRS) RX + 2 TX + Charging Case Wireless Lavalier Microphone - Black for iPhone / Android / Camera Vlogging - All-in-One Lapel Dual Mic System & Lightning & USB-C Inputs,78.25,,,
BAPMIX57865,Xiaomi 20000mAh 33W 3-Output Power Bank with Cable - Tan Input 33W / Output 33W / 22.5W USB-A / 30W USB-C,52.14,,,
MPHMIX0115001,"Xiaomi 15 Ultra (2025) Dual SIM Smartphone - 16GB+512GB - Black Snapdragon 8 Elite Chip - Next-gen Leica Quad Camera System - 6.73"" 120Hz WQHD+ AMOLED Ultra-Bright Display - Xiaomi HyperAI - IP68 - 5410mAh (VoLTE Support - Manual Activation",1876.79,,,
MONAS67324,"ASUS ROG Strix XG27AQWMG 27"" QHD 280Hz Tandem W-OLED Gaming Monitor - 2560x1440 - 0.03ms - 2X HDMI + DP 1.4 - NVIDIA G-Sync Compatible - ASUS OLED Care+ - HDR 500 True Black - Height / Pivot / Swivel / Tilt Adjustable - 100x100 VESA",1159.02,,,
MONLGL224127,"LG 27BA550-B 27"" Full HD IPS 100Hz Business Monitor with Built-in Power and Speaker 1920x1080 - HDMI + VGA + DisplayPort - USB Hub - Tilt / Height / Swivel / Pivot Adjustable - 100x100 VESA",261.05,,,
KEYBNE61012,Bonelk KM-314 Wireless Keyboard & Mouse Combo for PC and Mac - Black Slim,35.09,,,
MOAKNC7012W,"KONIC 17""-35"" Single Spring-Assisted Monitor Stand Arm - Weight Capacity 2-11kg - VESA 100x100 75x75",83.11,,,
SPKEDI001500,Edifier G1500 BAR 7.1 Surround Desktop PC Gaming Soundbar Speaker System with Bluetooth 5.3 - Black - Fits under monitors - USB Powered - 3.5mm Output - Detachable Microphone - RGB Lighting - Music / Game / Movie EQ Modes,69.87,,,
NBKLEN14060I,"Lenovo V14 G5 IRL 14"" FHD Intel Core i7-13620H - 16GB RAM - 1TB SSD - Win 11 Home - AX WiFi 6 + BT - Webcam - RJ45",1512.49,,,
SCBDNX1023,Dynamix SPAPD20-CA 20W USB-C + QC3.0 USB-A Universal Compact USB Wall Charger Supports Fast Charge for Apple iPhone 8 or Later / iPad 10.2 / iPad Air 3rd Gen / iPad Mini 5th Gen Plus all iPad Pro,19.53,,,
CAADJI4204,DJI Mic Mini 2 (1 TX + 1 Mobile RX + Charging Case) 1-Person Compact Digital Wireless Microphone System - Recorder for Camera & Smartphone,85.07,,,
WTHMIX59680,"Xiaomi Redmi Watch 5 Smart Watch - Silver Grey 2.07"" AMOLED 60Hz Display - Up to 24 Days Battery Life - Built-in 5-System GPS - 5ATM Water Resistance - Bluetooth Calling - 24/7 Heart Rate and Sleep Tracking",139.79,,,
CABCXT17300,Cruxtec 30m HDMI Active Optical Cable 18Gbps Premium High Speed (4K/60Hz - Gold Plated Connectors) - Fiber Type: OM2 - Chipsets: Silicon line (Germany),96.05,,,
HEAMIX60970,"Xiaomi Electric Scooter 6 Lite Speed Max 25km/h - Max Distance 25km - - Black - 15% Max Incline - 10"" Pneumatic Tires - Front Drum Brake + Rear EABS - 500w Max Power",483.63,,,
TAAUGR50324,"UGREEN LP263 Universal iPad Tablet/Phone Aluminum Stand Holder - Height Adjustable 120-162mm - Portable, Foldable Design - Support up to 7.9"" Phone / Tablet / Nintedo Switch / Kindle",29.7,,,
MICBYA0101,"Boya BY-MM1 Mini Cardioid Condenser Microphone - include Shockmount & Furry Windshield For Smartphones, DSLRs, and Camcorders",41.4,,,
INKBRT3517266,Brother LC3317Y Ink Cartridge - Yellow 550 Pages for Brother MFCJ5330DW / MFCJ5730DW / MFCJ6530DW / MFCJ6930DW Printer,33.99,,,
PTRCRL0002,Creality K1 MAX FDM 3D Printer Desktop Version - AI Fast - Up to 600mm/S - Build Size 300 x 300 x 300mm,1145.24,,,
INKHPD07033,HP 63/65 Ink Cartridge - Black 100 Pages - for HP DeskJet 1100/2100/2600/3600/2130 / 2131 / 3630 / 3632 / Envy 4520 / 4522 / OfficeJet 3830 / 4650 / 5220 Printer,32.8,,,
MPPSPB1992,"Sansai SCX-818B LED Ring Light 120 LED bulbs Three light colours: Cold, Warm white, Mixed, Tripod extendable from 50cm to 160cm",49.61,,,
PTRHPL03302,HP LaserJet Pro 3301FDW Colour Laser Multifunction Printer Print / Copy / Scan / Fax - ePrint / Apple AirPrint; Ethernet networking; Mopria; USB; Wireless (Wi-Fi); Wireless direct printing;,480.09,,,
JAC1023,Jackson PTA878M Slim Inbound Travel Adaptor - NZ / AUS / USA / UK / Japan Adaper,7.59,,,
BAPMIX59630,Xiaomi 10000mAh 165W 2-Output Laptop Power Bank with Cable & Smart Display Input 90W / Output 165W / 120W USB-C,88.83,,,
MPPMOX00115,"Momax PinTag Apple Find My Bluetooth Tracker - White, Apple Find My Certified, Compatible with Apple iPhone/iPad/iMac/MacBook, Real-time Tracking, Ultra-long battery life, Privacy Protection with Anti-Stalking Function",25.96,,,
TAAAPP6388500,Apple Pencil Tips - 4 Pack,36.11,,,
BULMIX58221,Xiaomi Mi Home USB-C Reading Light Bar 150LM Battery Powered 4.5H Last time 4000K,30.99,,,
HSTSNY0903,Sony Fontopia MDR-E9LP Wired Earbuds - Pink 3.5mm Jack - 13.5mm Driver Unit - Neodymium Magnet for Powerful Bass - 2x Earpads Included,10.11,,,
MPPSPB4573,"Sansai IPH-C544 USB Charging Adaptor Kit USB-C to Lightning, USB-C to Micro USB A,  USB-C to USB-A Adaptor",10.22,,,
NBKACN31190I,"Acer Chromebook 311 CBOA311-1H-C90F 11.6"" HD Intel Celeron N4500 - 4GB RAM - 64GB eMMC - ChromeOS - AC WiFi 5 + BT5.0 - Webcam - USB-C (with PD & DP)",474.5,,,
TAATUC210014,"Tucano Gala Tablet Case for Samsung Galaxy Tab A9+ 11"" Only  (  Purple ) ( Wont fit the new A11+ )",16.4,,,
CABCXT10184,Cruxtec 1m Mini DisplayPort to Displayport 1.4 Cable -  8K/60Hz & 4K/120Hz,14.32,,,
CAMGPO1030,"GoPro HERO Action Camera 4K Video - Waterproof Design (5m) - Wi-Fi & Bluetooth - 2"" Touch Display",351.53,,,
HOMFTS0001,"FotoStream 7"" WIFI Digital Photo Frame IPS Touch Screen with Frameo and two extra frames - 8GB Built-in Memory  - Touch Panel - Smart Frameo App Support - Android & IOS Support - 2.4G HZ",101.96,,,
MONAOC42227,"AOC 27E4UJ 27"" FHD 120Hz Business Monitor with 5 Years Warranty 1920x1080 - IPS Panel - HDMI + VGA + DisplayPort - Built-in Power - Speakers - Height Adjustable - 100x100 VESA",229.22,,,
POSEPV1214,"Epson C31CL47811 TM-T82IV Thermal Receipt Printer with Built-in USB, Serial DB25F, Black - Includes AC Adapter, AC Cable & USB Cable",345.68,,,
MOABRA0454,"Brateck LDT46-C024 Elegant Dual 13""-27"" Counter Balance Monitor Desk Mount - Max Load 6.5Kgs - Supports VESA 75x75 & 100x100 - Gas Spring with Matt Plastic Surface - Extend, Tilt & Swivel - Black Colour",79.42,,,
MPPRRS01195,"RockRose FreeDrive Carplay & Android Auto Wireless Adapter - Low Latency, Fast Connection and Plug n Play - Powered by Dual-Core 1.0 GHz v821 CPU - Support both WiFi6 & Bluetooth v5.4",95.59,,,
MPPUGR50564,UGREEN UG-50564 Gravity Air Vent Mount Phone Holder - Space Gray,18.07,,,
SPKJBL6494046,JBL Flip 7 IP68 Waterproof Portable Bluetooth Speaker - Blue Rugged & durable - USB-C lossless wired audio - Multi-speaker connection with Auracast - Up to 16 Hours of Playtime - Wrist strap & carabiner included,159.56,,,
TOLFNX0118,"Fenix Camping & Hiking HM65R-T V2.0 Black Rechargeable LED Headlamp Max 1,600 Lumens, Trail Running Jogger LED Headlamp, Powered by 1 x 18650 3400mAH Li-ion Battery & USB-C Charging Cable are Included - 5 Years Free Repair Warranty",122.39,,,
KEYBNE61013,Bonelk KM-314 Wireless Mouse & Keyboard for Mac & PC - White,31.18,,,
PTABRT3536277,"Brother Genuine DK22251 Continuous Paper Label Roll Black and Red on White, 62mm wide 15.24m long for QL-580N, QL810W, QL800 ,QL820NWB",43.86,,,
TAABEL4835427,Belkin 24W Dual USB-A Wall Charger with USB-A to USB-C Cable,36.08,,,
SPKEDI0006,"Edifier G1500 MAX 30W 2.1 RGB Desktop PC Gaming Speakers with Bluetooth 5.3 - Black 4"" Subwoofer & RGB Light Effects - Bluetooth + USB-A / USB-C + 3.5mm AUX Inputs",81.56,,,
MOABRA1459,"Brateck PAD34-02 Anti-Theft Enclosed Wall Mount Countertop Tablet Kiosk Black Anti-skid Pad Prevent Scraches VESA Compatible - Compatible with Most 9.7 to 11 Tablets, Including iPad 5, iPad Pro, IPad Air 10.5"", 10.9",56.52,,,
NBKHNB153093IBS,"HP Victus 15-fb3093dx NVIDIA RTX 4050 Gaming Laptop 15.6"" FHD 144Hz - AMD Ryzen 7 7445HS - 32GB RAM - 1TB SSD - Win 11 Home - AX WiFi 6 + BT5.4 - Webcam - USB-C (with PD & DP1.4a) - HDMI2.1 - RJ45 - 1yr warranty",2730.79,,,
TRPSMR5291,SmallRig ST30 Lite One-Touch Deploy Selfie Stick Tripod with Wireless Remote,57.5,,,
MEMTEM1002,"TeamGroup Classic 16GB SDHC Card UHS-I, V10, Read up to 80MB/s",15.52,,,
BULYEE0071,"Yeelight Pura Monitor Light Bar 1350lux Task Lighting, Stepless Dimming Tunable Whites, Eye Strain Relief, Brightness Auto-Sensing",64.87,,,
CABBEL6593833,Belkin 240W Braided USB-C Cable - 1m - Black,22.45,,,
HSTEDI008301,Edifier W830NB Wireless Over-Ear Noise-Cancelling Headphones - Grey Foldable design - Bluetooth 5.4 + USB-C wired audio - Hybrid ANC up to -45dB - Multipoint - Edifier ConneX App - Hi-Res Audio with LDAC - Up to 54hrs playtime (ANC On),111.61,,,
NBDHNB46280,HP G6 Thunderbolt 4 Ultra 280W Dock 1x HDMI2.1 - 2x DisplayPort1.4 - 1x RJ-45 (2.5 GbE) - 1x Thunderbolt 4 with USB-C 40Gbps - 1x USB-C 10Gbps (USB PD) - Compatitble OS: Windows 10 & 11 / macOS / Linux / ThinPro / ChromeOS,576.01,,,
PTRCRL0040,"Creality FDM 3D Printer SPARKX i7 & CFS Lite Combo Pack Comes with Multi-Color Module Up to 500mm/S - Build Size 260 x 260 x 255 mm, Supports 4 - Colors Printing, Support Creality RFID Filaments",790.74,,,
TAAADT22822,Adonit Mini 4 Stylus Pen Fine Point Precision for Touchscreen Devices - Grey,30.99,,,
WTHHUA3182358,"Huawei Band 11 Polymer Fitness Tracker - Black 1.62"" AMOLED Display - Up to 14 Days Battery Life - 5ATM Water Resistance - 24/7 Health Monitoring - Sleep Tracking",101.14,,,
WTRGBM1001,Gigabyte GAMING 240 Black Liquid CPU Cooler with ARGB lighting (Daisy Chain Quick Connect Fans) Intel 1851 / 1700 / 115X / 1200; AMD AM5 / AM4,113.28,,,
CABBEL4828995,Belkin BoostCharge USB-C Cable - 1m - Black,16.24,,,
HEAORB1015,Oral-B Pro 100 Electric Toothbrush with Travel Case Floss Action (Blue) From the #1 brand recommended by dentists worldwide,35.6,,,
HSATWS2411,Twelve South TS-2411 AirFly Pro 2 (White) 2025 Support up to 2 Wireless Headphones with AUX in,63.79,,,
HEAMIX50615,Xiaomi Electric Scooter 5 Max GL - Black Max Speed 25km/h - Max Distance 60km - 22% Incline - 1000w Motor - Ambient Light Design - TCS Anti Slip - Front Dual Hydraulic Spring & Rear Dual Spring Suspension,909.8,,,
TABSAM40012811,Samsung Galaxy Tab S10 Lite WiFi Tablet - Gray 128GB Storage - 6GB RAM,701.12,,,
LASBRT2415,Brother DR2415 Drum Unit 12000 Pages - for Brother HLL2310D / HLL2375DW / MFCL2713DW / MFCL2770DW Printer,161.62,,,
HOMMIX19320,Xiaomi Mi Home S301 Electric Shaver Two Adjustable Speed Levels - 360° Floating Shaver Heads - Adapts Comfortably to your Face - Smart Speed Control - Prevents Pinching,57.19,,,
INKBAM0094,Bambu Lab PLA Basic Filament Refill Pack Without Spool - Jade White 1kg - 1.75mm - Entry Level - Smooth Surface Finish - 10100,28.81,,,
MONSAM82756,"Samsung Odyssey OLED G6 27"" QHD 240Hz OLED Gaming Monitor 2560x1440 - 0.03ms - HDMI 2.1 - DP 1.4 - USB Hub - AMD FreeSync Premium - Height Adjustable - 100x100 VESA",1047.42,,,
MPPUNQ00000084,Uniq Galaxy S25 Ultra Optix Vivid Tempered Glass Screen Protector - Clear 9H Tempered Glass - Ultra HD Pixel Display - Up to 1.8m Impact Tested - Oleophobic Anti-Fingerprint Coating - Anti-Dust Filter Protection - DustRepel Anti-Static Surf,16.18,,,
PSUNZX2010,NZXT C850 Black 850W ATX3.1 Power Supply 80 Plus Gold - Fully Modular - 10 Years warranty,221.03,,,
INKBRT04361,Brother LC436BK Ink Cartridge - Black Yield - 3000 Pages - for Brother MFCJ4440DW / MFCJ4540DW / MFCJ4540DWXL / MFCJ4340DWXL / MFCJ5855DW / MFCJ5955DW / MFCJ6555DW / MFCJ6955DW / MFCJ6957DW Printer,42.2,,,
MEMKIN3383679,Kingston 8GB DDR4 Laptop RAM 3200MT/s - CL22 - 1.2v - SODIMM,196.24,,,
MPPOMP9962,OMP M9962 Premium Tempered Glass Screen Protector for iPhone 12 / 12 Pro,10.71,,,
MPHSAM1337601,Samsung Galaxy A37 5G Dual SIM Smartphone 6GB+128GB - Awesome Graygreen,623.16,,,
SPKPAN00250,Panasonic SC-PM250 20W Bluetooth Micro Stereo System - Silver CD Player / FM Radio / USB Input - App Control + EQ,209.59,,,
TAATUC590014,"Tucano Satin Folio Case ( Purple ) for iPad 11"" A16  &  10th Gen 10.9"" (2022) - with internal compartment to store your Apple Pencil - Military standard test approved",30.8,,,
HDDLAC3657824,Lacie Rugged 2TB USB-C Portable HDD,346.85,,,
TABAPP975025621,"Apple iPad Pro 11"" (M5) - WiFi + Cellular - ( Space Black ) 256GB Storage  Apple M5 Chip with Standard Glass",2609.33,,,
WTHHUA5502605,"Huawei Watch GT 6 46mm Smart Watch - Brown 1.47"" AMOLED Display - Up to 21 Days Battery Life - 5ATM IP69 Water Resistance - Dual-Band GPS - Huawei TruSense Health System - Bluetooth Calling",375.23,,,
CAAINS5227,Insta360 Selfie Screen with Light,152.43,,,
TABSAM40025611,Samsung Galaxy Tab S10 Lite WiFi Tablet - Gray 256GB Storage - 8GB RAM,826.57,,,
EXMONDEL2201,"Dell Professional P2211HT 22"" Monitor (A Grade Refurbished) VGA - DVI - 1680x1050 - 18-Month Warranty - GreenMachine Certified Refurbished",109.0,103.55,5.0,CLEARANCE
LASHPL4730672,HP 206X Toner Cartridge - Magenta 2450 Pages - for HP Colour LaserJet Pro MFP M282nw / MFP M283fdn / MFP / M283fdw Printer,233.56,,,
HSTSEN700175,Sennheiser ACCENTUM Wireless Over-Ear Noise Cancelling Headphones - White - AptX HD/AAC - All-day comfort - Up to 50 hours of battery life (ANC on),237.53,,,
MPPSPB1039,Sansai SCX-644D grey Magnetic Car Phone Holder Slots Effortlessly into your Car Air Vent,10.73,,,
TAAAPP6225539,"Apple Magic Keyboard for iPad Pro 11"" ( M5/ M4 ) - Black",564.17,,,
SPKPAN00802,Panasonic SC-PMX802 120W Premium Smart WiFi Hi-Res Stereo Micro System with 3-Way Speakers - Black Spotify Connect - Apple AirPlay - Chromecast Built-in - USB DAC for PC Connection - RCA + 3.5mm Aux + Optical + Ethernet / Bluetooth / FM Rad,618.92,,,
ADPCXT2490,"Cruxtec CMH04-SG USB-C 4-in-1 Mini Docking - 1x HDMI 4K 30Hz , 1x USB3.0 , 1x USB 2.0 ,  USB-C 100W Power Delivery",25.43,,,
HEATYM0008,TYMO HC503P CurlPro Automatic Curling Iron - Rose Gold Pink,98.24,,,
BULAMT0002,"AM NewTechnologies WiFi LED RGB+CCT Smart Light Bulb B22, 9W, Dimmable, Bio-Rhythm Lighting Via Tuya App Remote Control Enabled 180 degrees Beam Angle (2 Years Warranty)",12.67,,,
BAS43355,"Baseus Pro Series Car FM Transmitter Cluster Black Bluetooth, with 2 x USB-A, 1 x USB-C Charging Port - Support Up to 512GB USB Drive",26.98,,,
KEYBNE61005,Bonelk KM-322 Wireless Keyboard & Mouse Combo for PC and Mac - White Slim,50.5,,,
HSTYLK6258698,Yealink WH64 DECT & Bluetooth Hybrid Wireless Headset with Charging Stand - Teams Certified 3-Mics Noise Cancellation / Busy Light / Up to 150m Distance / Up to 32-Hour Talk-time,262.4,,,
MSERPO0101,Rapoo N100C Wired USB-C Mouse - Black,7.61,,,
NBKASU14046I,"ASUS Vivobook 14 X1404VA 14"" FHD - Intel Core 5 120U - 8GB RAM - 256GB SSD - Win 11 Home S Mode",875.6,,,
NETUBI0505,"Ubiquiti NanoBeam NBE-5AC-Gen2 High-Performance airMAX ac Bridge, 5GHz, 450+ Mbps, 15+ km, 2 x Gigabit Ethernet Ports PtP/PtMP Bridge/ Client Mode",210.63,,,
VGAASU10713,ASUS NVIDIA GeForce GT 710 2GB GDDR5 Graphics Card Fanless - 2 Slots - Low Profile Adapter Included,83.03,,,
MPHAPP818212,Apple iPhone 18 Pro 512GB - Glacier,2875.26,,,
MPPRRS12060,RockRose Samsung A06 Premium Tempered Glass Screen Protector - Twin Pack,10.17,,,
PTRHPD08130,HP Officejet Pro 8130E All-in-One Printer Print / Copy / Scan - MFP - Instant Ink Enabled: Sign up to Instant Ink to get 3 months printing,116.69,,,
MSAHYX1002,HyperX Wrist Rest For Compact 60 65 Keyboard,28.3,,,
LASHPL0400,HP 201A Toner Cartridge - Black 1420 Pages - for HP Colour LaserJet Pro M252dw / M274n / MFP M277dw / MFP M277n Printer,163.33,,,
WTHMIX57415,"Xiaomi Smart Band 9 Pro Fitness Tracker - Moonlight Silver 1.74"" AMOLED 60Hz Display - Up to 21 Days Battery Life - 5ATM Water Resistance - Upgrade Health and Sleep monitoring - 5-Point Satellite GPS",132.74,,,
NBAOEM0162,"Rubberized Hard Shell Case Cover for 13.6"" MacBook Air (2022-2024) - Crystal Clear for Models: A2681 M2 / A3113 M3",31.12,,,
CHSDNX0085,Dynamix SPA250 2.5A Switch Mode Power Adapter 3/5/6/7.5/ 9/12V DC - Includes 7x Interchangeable Power Connectors,45.85,,,
CABRRS153100,RockRose Powerstream 27W USB-C to Lightning Cable - 1m TPE Material - Charge & Sync,7.16,,,
NETUBI9530,"Ubiquiti UniFi UACC-SSD-Tray M.2 SSD Tray for UCG-Max, UCG-Fiber",48.91,,,
TAAAMZ111591,Amazon Original Kindle PaperWhite 2024 (12th Gen) & Kindle Colorsift (2025) Fabric Cover - Green,61.25,,,
CABBEL6645327,Belkin BoostCharge Pro Braided USB-C to Lightning Cable - 1m - White,28.49,,,
HSTSCD000040,Skullcandy Jib Wired In-Ear Headphones - White / Black / White In-Line Microphone - Call & Track controls - 3.5mm Jack,13.64,,,
HSTLOG5605177,Logitech Zone Vibe 100 Headset - Off White Lightweight - Multipoint - Bluetooth,141.34,,,
MEMNTA34090,Netac NV3000 1TB M.2 NVMe Internal SSD 2280 - PCIe3x4 - TLC - 5 Years Warranty,348.65,,,
BAS62553,"Baseus Yiven M01 USB-C to 3.5mm Audio Cable - Male USB Type-C to male 3.5mm AUX - 1.2m length - Compatible with USB-C iPhone, Samsung Galaxy, Windows, iPad, Android & more",12.39,,,
KEYKEN4830590,Kensington Pro Fit K75400US Ergonomic Keyboard - Black Wired,91.98,,,
NBKLEN830020,"Lenovo IdeaPad 5 16AKP10 16"" WUXGA Touch 2-in-1 Laptop AMD Ryzen AI 7 350 - 16GB RAM - 512GB SSD - Win 11 Home - 1Y Warranty - Lenovo Digital Pen 2",1722.12,,,
CAAGPO0308,GoPro Chest Mount Harness Compatible with All Hero (Performance Chest Mount),74.2,,,
HSTEDI008010,Edifier W800BT SE Wireless Over-Ear Headphones - White 40mm Dynamic Drivers - Lightweight & Foldable - Multipoint - Edifier ConneX App for Android & iPhone - USB-C Wired Audio - Up to 45hrs battery life with fast charging,47.31,,,
ADPUNI1073,Unitek V1127A 4K HDMI 2.0 Bi-directional Switch with Two-way usage: 2 In 1 Out / 1 In 2 Out - Aluminium housing - Supports up to 4K 60Hz Ultra-HD - LED Indicator - Plug & Play,32.64,,,
MPHAPP841003,Apple iPhone Air - 256GB - Sky Blue,2207.79,,,
GAMMST2035,Xbox Wireless Controller + USB-C Cable For Windows,97.86,,,
KEYLBK1001,LEOBOG A75 75% Alice Layout Tri-mode Mechanical Keyboard with Joystick - Pepper White Linear Switch - Ergonomic Design - RGB - Adjustable Magnetic Stands,96.8,,,
TAABEL5336624,Belkin BoostCharge Pro 108W 4-Port GaN USB-C Charger - White 2x USB-C & 2x USB-A,92.18,,,
KEYLOG6817999,Logitech MK880 Signature Comfort Plus Keyboard & Mouse Combo Compatible with Logi Bolt USB Receiver (not included),130.81,,,
WKSACN4730,Acer Veriton Mini VN4730GT Intel Core Ultra 5 235T - 16GB RAM - 512GB SSD - Win 11 Pro - AX WiFi 6E + BT5.3 - USB Keyboard/Mouse - VESA Kit - 3yr Onsite warranty,1552.5,,,
HSTPLM1011,Playmax MX1 Universal Console Gaming Headset - Black/Blue,24.16,,,
HSTSDC1204011,"Soundcore by Anker Liberty 5 Pro Max True Wireless Noise Cancelling Earbuds - Midnight Black Anker Thus AI Chip for World Record Clear Calls +100% more effective noise cancellation - AI Note-Taker with 120mins free - 1.78"" AMOLED Touchscree",323.17,,,
MVRVIT0004,"VITURE The Beast AR Glasses Regular (IPD 58mm-70 mm) 174"" Virtual Screen - 58° FOV - 120Hz Micro-OLED Display -1200P Resolution 3DoF Spatial AR - Harman-Tuned Audio - Ultra-Wide XR Glasses for Movies - Gaming & Work",987.96,,,
SWHTPL10055,TP-Link TL-SG1005P-PD 5-Port Gigabit Desktop PoE+ Switch with 1-Port PoE++ In and 4-Port PoE+Out (Max 66W),55.2,,,
MBDASU28711,ASUS TUF GAMING X870-PLUS WIFI ATX Motherboard For AMD Ryzen 7000/8000/9000 Series CPUs Socket AM5 - AMD X870 Chipset - PCIe 5.0 - 4x M.2 - 2x Internal USB 2.0 Header - 1x Internal USB 3.0 Header - 1x Interna Type C Header,562.92,,,
NBKHNB153089,"HP Victus 15-fb3089AX NVIDIA RTX 3050 Gaming Laptop 15.6"" FHD 144Hz - AMD Ryzen 7 7445H - 16GB RAM - 512GB SSD - Win 11 Home - 1Y Warranty",1869.5,,,
SPKEDI000030,Edifier MF3 Portable Voice Amplifier with Headset Microphone - Black For Teachers / Tour Guides / Public Address & More - Lightweight 3W speaker with Belt Clip - Up to 20 Hours Continuous Use with Rechargeable Battery,38.87,,,
CABBEL6645329,Belkin BoostCharge Pro Braided USB-C to Lightning Cable - 1m - Black,28.49,,,
CABSPB4269,Sansai IPH-C503 USB-C to Lightning Cable - 50cm,8.54,,,
CPUIT155225F,Intel Core Ultra 5 225F CPU 10 Cores up to 4.2Ghz - 20MB Cache - LGA 1851 Socket - Intel 800 Series Motherboard Required - No integrated Graphics,292.87,,,
KEYHUN4002,Huion A3 LED Light Pad,111.83,,,
MPPZAG200122059,"ZAGG iPhone 18 Pro InvisibleShield Glass Elite Screen Protector - Advanced Glass Protection, Scratch Resistant, Smudge-Resistant Surface, Crystal Clear Display, Easy, Bubble-Free Install",38.93,,,
NBKMSI152067,"MSI Cyborg A15 AI B2HWFKG-067NZ NVIDIA RTX 5060 Gaming Laptop 15.6"" FHD 144Hz AMD Ryzen 7 260 - 16GB RAM - 512GB SSD - Win 11 Home - 1Y Warranty - AX WiFi 6E + BT v5.3",2486.54,,,
ADPJ5C5374,J5create USB-C 3.1 4K HDMI Multi-Adapter Mini Docking Station with 60W Power Delivery 1x 4K HDMI - 1x Gigabit Ethernet - 2x USB 3.0,73.75,,,
SPKUER6292047,Ultimate Ears UE MINIROLL Wireless Portable Bluetooth Speaker - Black IP67 Waterproof - Dustproof & Rugged - USB-C Charging - Up to 40m Range - PartyUp with Auracast - Up to 12 Hours Playtime - 2 Year Warranty,90.77,,,
ADPCXT5203,Cruxtec 4 Port USB Hub with USB-C Input --  Data Transfer Rate up to 5Gbps - Plug & Play,17.32,,,
MPPSPB2852,Sansai SCX-085 USB Power Adaptor Kit,14.64,,,
CCTMIX7068,Xiaomi Smart Doorbell 3S 3MP/2K Outdoor Wire-Free Battery Video Doorbell with Chime 5200mAh Battery & Hardwired - 180° Ultra-Wide View,139.78,,,
HOMMIX35499,Xiaomi Filter for Vacuum Cleaner  1C / 2 Pro+ / 2 Ultra  - 2 Filters Also Compatible for X10+/S10+/X10/X20+/S20+/S40C/H40/S40,18.11,,,
WTHHUA55021844,"Huawei Watch D2 Blood Pressure Monitoring Smart Watch - Gold 1.82"" AMOLED Display - Up to 6 Days Battery Life - Blood Pressure Monitoring - ECG (Electrocardiogram) - IP68 Water Resistance - Advanced Health Monitoring",638.65,,,
CABMOX00037,Momax USB-C to Lightning Cable - 1.2m - Black Quick Charge - MFi Certified - USB-IF Certified,16.34,,,
MBDGBM62520,"Gigabyte Z890 UD WIFI6E ATX Motherboard For Intel LGA1851 - Z890 Chipset - PCIe 5.0, 4x DDR5, 3x M.2, 2x Internal USB2.0 Header, 1x Internal USB3.2 Header, 1x Internal Type C Header, 2x Internal TB Connectors",305.67,,,
MPPCYG10601,"Cygnett Galaxy A06 AeroShield Phone Case - Clear , -  Compatible with Samsung Galaxy A06 4G Smart Phone ( Not for A06 5G Model )",8.91,,,
NETDLK4222,D-Link DWM-222W (AX300) 4G LTE CAT4 WiFi 6 USB Adapter Nano-SIM Slot / Up to 8 Wireless Clients,109.58,,,
PTRCNN5584937,Canon Pixma TR7060A Home Office A4 Multifunction Inkjet Printer,126.37,,,
TAAAPP6268038,Apple USB-C to SD Card Reader,63.97,,,
TAANCE40021,NICE Folio Case with Pen Holder ( Black with clear Back ) - for Galaxy Tab S10 Lite / S10 FE / S9 FE / S9  ( 10.9 - Inch),37.14,,,
AUDBYA9605,"Boya Microphone Boom Arm, Table Microphone Arm Stand Adjustable & Foldable for Streaming/Podcast/Video Gaming/Recording",23.13,,,
MPPBEL6292246,Belkin Waterproof 2 pack Secure Holder with Key Ring for AirTag - Black,26.99,,,
MVRXRL0001,"Xreal One Pro M AR Glasses XREAL X1 Chip - Native 3 DoF - Up to 171"" Spatial Screen with 57° FOV - Expanded Visual Experience - Expanded Compatibility - Optic Module 4.0 - Sony Micro OLED 0.55"" - IPD 57-66mm",998.64,,,
MPHOPP027831,OPPO A6x 5G Dual SIM Smartphone - 4GB+128GB - Violet Purple - 6.75 inches - 6100mAh Large Battery - MediaTek Dimensity 6300 - 120Hz Ultra Bright - Display,338.15,,,
MONSAM72733,"Samsung Odyssey G7 32"" 4K UHD 144Hz Gaming Monitor 3840x2160 - IPS - 1ms - DisplayPort 1.4 - 2x HDMI 2.1 - USB Hub - AC WiFi - BT 5.2 - HDR400 - G-Sync Compatible - Height / Pivot / Swivel / Tilt Adjustable - 100x100 VESA",799.25,,,
FANFMV10020,Formula V Line Nulight 12 Black A-RGB Infinity PWM - Single Pack,8.83,,,
NAPUBI65301,Ubiquiti UniFi U6-Mesh (AX5400) Dual-Band 6-Stream WiFi 6 Access Point (PoE 13W),397.89,,,
JOYGSR1122,GameSir T4n Pro BL Multi Platform Wireless Game Controller - Nightfall Blue,83.39,,,
MSERPO1027,Rapoo B20 SILENT Wireless Optical Mouse 1200 DPI - Silent Click - Up to 12 Months of Battery Life,14.11,,,
TAAAMZ111589,Amazon Original Kindle PaperWhite 2024 (12th Gen) and Kindle Colorsoft (2025) Fabric Cover - Black,61.25,,,
CABSPB2000,Sansai IPH-662B Car Charger Hands-Free Vent Mount with Wireless Charging,31.94,,,
HEABRR0035,Beurer HKCOMFORT SE Personal Heating Pad Super-Soft Heating Pad is Snugly & Skin-Friendly - Features 3 Illuminated Temperature Settings - Automatic Switch-off after Approximate 90 minutes - Heating Pad is Machine-Washable at 30°C,74.96,,,
CABBEL4490276,Belkin USB-C to 3.5mm Audio Cable - 90cm - Black,36.24,,,
MSELBK1001,LEOBOG GM3 Tri-Mode Wireless Gaming Mouse - Black 55g - PAW3311 - 1K Polling - Wireless Charging Dock,49.54,,,
CABBEL2941737,Belkin USB 3.1 USB-A to USB-C Cable - 1m - Black 10Gbps - Up to 3A - High Quality,31.29,,,
LAADYM00038,Dymo LabelWriter 550 Label Printer Print up to 62 Labels per Minute - Customize print address - Name Badges - File Folder - Barcode Labels For PC & MAC - 300 x300 DPI - No Keyboard,125.58,,,
MPPAPP0664164,Apple iPhone 17 Pro Max Clear Case with MagSafe - Clear,84.3,,,
PRM1062,"Promate MEDIASPLIT-C2 HDMI Splitter with Dual HDMI Ports. Supports up to 4K 60Hz Play Content on 2xMonitorsSimultaneously. USB-C Port (5V,500MA). Easy Plug & Play.",46.8,,,
AUDBYA2003,Boya BY-V2 (2.0) 2 x TX + 1 x RX Next-Gen Dual-Channel Wireless Microphone - Lightning Plug,62.5,,,
CABBTS1342,Beats USB-A to USB-C Woven Cable (1.5 m) - Bolt Black - Fast Charging and Data Transfer- Tangle-Free Woven Design- Compatible with USBC Devices - Automatic Voltage Regulation,27.24,,,
NETAMZ701101,Amazon eero 7 2.5Gbps (BE5000) ) Dual-Band Mesh Wi-Fi 7 Router/Extender - 1 Pack Up to 1.8Gbps Wi-Fi Throughput for 1-2 Bedroom Home,282.69,,,
HSTCOR9011281,Corsair HS55 Wireless Gaming Headset - White AP,123.05,,,
PSUNZX2030,NZXT C1200 Black 1200W ATX3.1 Power Supply 80 Plus Gold - Fully Modular - 10 Years warranty,328.9,,,
SPKJBL6784886,JBL Go 5 Ultra-Portable Rugged Bluetooth Speaker - Blue Ambient Edge Lighting - AirTouch Instant Stereo Pairing - Auracast - JBL Portable App for iPhone & Android - USB-C Lossless Audio - 7-Band EQ - Up to 10hrs Battery Life with Playtime B,55.76,,,
CABBAS0005,Baseus cafule Cable USB-A to USB-C 2A 0.5m Gray+Black,6.51,,,
CABBEL4825005,Belkin BoostCharge USB-A to MicroUSB Cable - 1m - Black,14.79,,,
PTRCNP04660,Canon TR4660 ADF Inkjet Multifunction Printer Print / Scan / Copy / Fax - A Great Compact Printer for Home User,86.39,,,
SPKPHS85500,Philips TAB5500/98 260W 2.1 Channel Bluetooth Soundbar with Wireless Subwoofer,232.88,,,
TAAAPP6216005,Apple USB-C to Apple Pencil (1st Gen ) Adapter,18.07,,,
TABKOB42803,"Kobo Libra Color + Style 2  Pen Bundle eReader - Black 7"" E Ink Colour Display",510.2,,,
BULYEE0089,"Yeelight Libra 2 Monitor Light Relieve Eye Stain with Professional Lighting, True Display Integrity for Serious Gamers",96.46,,,
CABUGR35984,UGREEN HDMI to USB-C AR and VR Glasses Connect Cable With USB Power Cable -4K 60Hz 2 Meter Compatible for  PC/Desktop/PS4/5 /Nintendo Switch/Steam Deck,65.87,,,
CCTTPL2461,TP-Link Tapo C246D 3MP/2K Dual Lens Outdoor PT Wi-Fi Camera Two-Way Audio / Smart Night Vision / One-Tap Smart Focus / 125° FOV wide-angle lens and 6mm telephoto lens,153.74,,,
HSTASO5511046,Astro A10 Gen.2 Gaming Headset for PC - Grey,76.88,,,
MONAOC42412,"AOC U27P4C/75 27"" 4K UHD USB-C 96W Business Monitor with 5 Years Warranty 3840x2160 - IPS Panel - HDMI + DP + USB-C 96W - USB Hub - KVM Swich -  Speakers - Height Adjustable Stand - 100x100 VESA",411.0,,,
INKBRT4306309,Brother LC3311BK Ink Cartridge - Black 200 Pages - for Brother MFCJ491DW Printer,31.21,,,
CABCUK000009,"CUKTECH 240W 6A 1.5m USB-C to USB-C Digital Display Fast Charging Braided Cable - Black - Ultra-low power OLED Display Screen - Max 240W output - Up to 140W Fast Charging for laptops - Fast Charging iPhone, iPad, Samsung Phones, tablets, Xi",21.32,,,
HOMNJA0011,Ninja Foodi OP350 11-in-1 6L Multi Cooker Air Fryer - Pressure Cooker - Slow Cooker - Steam - Bake Roast - Grill,267.79,,,
STAFEL245638,Fellowes 5736401 Saturn 3i A3 Laminator Light Duty Auto Shut Off & InstaHeat,293.27,,,
TAAAPP6267513,Apple Original Lightning Digital AV Adapter     HDMI,81.29,,,
UPSDNX2000,"Dynamix Defender UPSD2000 2000VA(1200W) Line Interactive UPS, 3x NZ Power Sockets with Surge+Battery Backup, 3x NZ Po 3x NZ Power Sockets with Surge 936J LCD Status Display - 2 Year Warranty",477.54,,,
MEMCOR74899W,Corsair VENGEANCE LPX 16GB DDR4 Desktop RAM Kit - White 2x 8GB - 3200MT/s - Unbuffered - 16-20-20-38 - 1.35V,238.97,,,
CABUGR6416,UGREEN UG-25910 HDMI 8K Cable 2m,13.06,,,
CCTRLK1121,Reolink Argus MagiCam 2MP/1080p Outdoor Magnetic Wire-Free Battery Camera - AA Battery Powered / 9-Month Battery Life / Smart Person Detection / Dual-Band WiFi,98.28,,,
HUBSAC1001,SATECHI Aluminum 2-in-1 3 Port USB Hub & Ethernet 3x USB-C USB3.0 - 1x Ethernet Port,56.25,,,
MSELOG6322892,Logitech Pro X Superlight 2 DEX Wireless Gaming Mouse - Black,255.96,,,
HSTBAS26037,Baseus Bowie D05 Wireless Over-Ear Headphones - Grey - Baseus Spatial Audio - Bluetooth 5.3 - Wired or wireless connection - Foldable design - Multipoint - Up to 70 hours battery life,56.42,,,
WTAGEN0169,"42mm/41mm/40mm/38mm - Black Nylon Sport Strap for Apple Watch, Compatible with Apple Watch Series 11/10/9/8/7/6/SE/5/4/3/2/1/SE",20.69,,,
NBDBEL5978715,Belkin Connect Universal USB-C 11 in 1 Pro Dock Seamless Dual Extended Display Compatibility for MacBook M1 / M2 / M3 (Require Sillicon Motion SM76x Driver),256.16,,,
MPHAPP841000,Apple iPhone Air - 256GB - Space Black,2207.79,,,
PSULAN10851,Lian Li SP850 V2 Black 850W ATX 3.1 SFX Power Supply 80 Plus Gold SFX - Full Modular - Zero RPM Mode Under 40% Load For Silent Operation,226.55,,,
SPKEDI002060,"Edifier M206BT 2.1 Multimedia PC Speaker System with Bluetooth 34W RMS - 3.5mm Aux input - 5"" Subwoofer with Bass level adjustment - Compatible with PC, Mac & more",81.21,,,
TAASAM620011,Samsung Galaxy Tab S10 FE+ Slim Keyboard Book Cover - Black,237.15,,,
TAASTM5663929,"STM Dux Plus Case for iPad 11"" A16  &  10th Gen 10.9"" (2022) - Black",58.41,,,
CABCXT63120,Cruxtec 2m USB-C to USB-C Cable - Full Feature for Syncing & Charging - ( 240W - 40Gbps - 4K/120Hz ) - Compatible with Thunderbolt4,73.14,,,
NBKHNB140050,"HP OmniBook 5 Flip 14-fp0050TU 2in1 Laptop 14"" WUXGA Touch Intel Core i5-1334U - 16GB RAM - 256GB SSD - Win 11 Home - 1yr warranty - SkyBlue",1290.66,,,
MONAS67326,"ASUS ROG Strix XG27ACDMS 27"" QHD 280Hz OLED Gaming Monitor - 2560x1440 - 0.03ms - 2X HDMI + DP 1.4 - NVIDIA G-Sync Compatible - ASUS OLED Care+ - HDR 400 True Black - Height / Pivot / Swivel / Tilt Adjustable - 100x100 VESA",1100.57,,,
HSTAPP6521537,Apple Audio Cable USB-C to 3.5mm Male to Male - Bi-directional with DAC + ADC - for USB-C AirPods Max / USB-C iPhone / iPad & more,62.55,,,
MEMKIC01072,Kingston Canvas Select Plus Gen3 SDXC Memory Card - 128GB Class 10 - UHS-I - Read up to 150MB/s -Capture in Full HD & 4K UHD Video (1080p),48.09,,,
MSEHDT5557608,HP 3V0G9AA HP 240 Black BT Mouse - Black,23.44,,,
NBKHNB811636,"HP ZBook 8 G1i 16 16"" WUXGA Touch Mobile Workstation Intel Core Ultra 7 255U - 32GB RAM (2x16G) - 512GB SSD - Win 11 Pro - 3Y NBD Onsite Warranty",3378.7,,,
WTHHUA3182402,"Huawei Band 11 Aluminum Fitness Tracker - Beige 1.62"" AMOLED Display - Up to 14 Days Battery Life - 5ATM Water Resistance - 24/7 Health Monitoring - Sleep Tracking",105.64,,,
CAMBNE63022,Bonelk USB 1080p Webcam - Black Clip On,53.5,,,
LASBRT0258,"Brother DR258CL Drum Unit - 4 Pack Up to 30,000 Pages at 3 Pages Per Job - for Brother HLL3240CDW / HLL8240CDW / DCPL3560CDW / MFCL3755CDW / MFCL3760CDW / MFCL8390CDW",147.04,,,
MEMADC20250,ADATA High Endurance 512GB microSDXC Memory Card Includes SD Adapter - UHS-I - Read up to 100MB/s - Write up to 85MB/s - U3 - V30,288.45,,,
MPHONZ511069,One NZ Mobiwire Nikiti 2 Feature Phone - Black Locked to One NZ - includes One NZ Prepay Plus SIM - No Charger,36.95,,,
WTHHUA3182396,"Huawei Band 11 Aluminum Fitness Tracker - Purple 1.62"" AMOLED Display - Up to 14 Days Battery Life - 5ATM Water Resistance - 24/7 Health Monitoring - Sleep Tracking",118.15,,,
INKHPD3729453,HP 804 Ink Cartridge - Black 200 Pages - for HP Envy Photo 6220 / 6222 / 6234 / 7120 / 7220 / 7820 / 7822 Printer,29.1,,,
HSTJBL6671223,JBL Tune 530BT Wireless On-Ear Headphones - Black Custom 33mm Drivers with JBL Pure Bass Sound - Lightweight & Foldable - Multipoint - Bluetooth 6.0 - Google Fast Pair + Microsoft Swift Pair - Up to 76 Hours Battery Life,64.76,,,
CABCXT63110,Cruxtec 1m USB-C to USB-C Cable - Full Feature for Syncing & Charging ( 240W - 40Gbps - 4K/120Hz ) - Compatible with Thunderbolt4,50.89,,,
CABMOX00024,Momax 1-Link Flow 60W USB-C Cable - 1.2m - Black PD Fast Charging - Translucent Design - High Quality TPE & Silicon - Supports Apple iPhone / iPad Pro / iPad Air / Samsung / Oppo / Oneplus / Nothing Phone,9.02,,,
WKSGGPC20104,GGPC RTX 5060 Gaming PC AMD Ryzen 5 7500F 6 Cores / 12 Threads - 16GB DDR5 RAM - 500GB NVMe SSD - NVIDIA Geforce RTX5060 8GB Graphics - WiFi + Bluetooth - Windows 11 Home,2121.18,,,
TAABEL6118930,Belkin Dual 42W Fast Car Charger 1x USB-A & 1x USB-C Port,24.51,,,
CABAPP6268037,Apple USB-C to Lightning Cable - 2m,50.5,,,
INKHPD4491936,HP 915XL Ink Cartridge - Cyan 825 Pages - for HP OfficeJet 8010 / OfficeJet Pro 8012 / 8020 / 8022 / 8028 Printer,36.44,,,
CAADJI6530,DJI Mic Mini 2S (2 TX + 1 RX + Charging Case) 2-Person Compact Digital Wireless Microphone System - Recorder for Camera & Smartphone,272.69,,,
NBPKFD1003,"KFD 100W GaN USB-C Laptop Power Adapter/PD Charger - 1x USB-C & 1x USB-A - US/EU/AU/UK Travel Plug - Compatible with MacBook Air/Pro, Asus, Acer, Lenovo, HP, Dell, Toshiba - Black",70.67,,,
TAAAPP6268039,Apple Original Lightning to USB 3 Camera Adapter,62.64,,,
HOMNOB0004,"NoBrand Interchangeable Frames for 15.6"" Digital Photo Frame - 3 Colours - Oak / Black / White",29.27,,,
NBKHNB140051,"HP OmniBook 5 Flip 14-fp0051TU 2in1 Laptop 14"" WUXGA Touch Intel Core i5-1334U - 16GB RAM - 256GB SSD - Win 11 Home - 1yr warranty",1471.75,,,
HEABAN9617,Braun Series 9 Pro+ 9617S Wet & Dry Shaver with Travel Case,486.05,,,
TABSAM40612811,Samsung Galaxy Tab S10 Lite 5G + WiFi Tablet - Gray 128GB Storage - 6GB RAM,872.82,,,
CABCXT10200,Cruxtec 2m DisplayPort to HDMI Cable 18Gbps - 4K/60Hz,30.2,,,
ADPSTT690274,StarTech.com VGA2HDU VGA to HDMI Adapter with USB Audio Power Convert a VGA signal from a laptop or desktop to HDMI (USB-Powered),104.87,,,
LASHPD3962863,HP 202A Toner - Black 1400 Pages - for HP Colour LaserJet Pro M254dw / M254nw / MFP M280nw / MFP M281fdn / MFP M281fdw Printer,153.35,,,
CABSPB1962,Sansai ATN228C Amplified Indoor TV Antenna for UHF/VHF/FM/HDTV bands,29.83,,,
HSTJBL6077088,JBL SoundGear Frames Audio Sunglasses - Square / Onyx JBL OpenSound technology - Hands-free calling - Rugged & IP54 water resistant - UV A/B blocking lenses - Up to 8hrs playtime with USB-C charging,143.18,,,
ADPCXT2521,Cruxtec DT2H-4K-SG DP v1.4 to 2x HDMI 18Gbps Adaptor,48.64,,,
NBKHNB150838ES,"HP 15-fc0838AU 15.6"" FHD Laptop AMD Ryzen 7 7730U - 32GB RAM - 1TB SSD - Win 11 Home - 1Y Warranty",2128.74,,,
WTHHUA204100,"Huawei Watch FIT 4 Pro Smart Watch - Black with Fluoroelastomer Strap 1.82"" AMOLED Display - 3000-nit Brightness - Up to 10 Days Battery Life - 40m Dive Grade Water Resistance - IP6X Dustproof Rating - Golf Maps - Built in GPS - ECG - 24/7",444.65,,,
CABCXT18200,Cruxtec 20m HDMI 8K Active Optical Cable 48Gbps Ultra High Speed (8K/60Hz & 4K/120Hz - HDCP2.3 - Support eARC) - Zinc alloy housing - Chipsets: Artilux - Conductor Type: 4core 50/125um MMF and 7core copper cable,114.99,,,
LASBRT25300,Brother DR2530 Drum Unit 15000 Pages - for DCP-L2640DW / HL-L2400DW / HL-L2460DWXL / MFC-L2880DWXL,142.92,,,
LASHPL01480,HP 148A Toner Cartridge - Black 2900 Pages - for HP LaserJet Pro MFP 4101FDW / 4101FDN / LaserJet Pro +4001DW / LaserJet Pro 4001DN,209.31,,,
MONHDT52424A,"HP Series 5 Pro 524pf 24"" FHD Business Monitor -  1920x1080 - IPS - DisplayPort - HDMI - USB Hub - Height Adjsutable Stand - 100x100 VESA",301.07,,,
NETTPL3002,TP-Link TL-WR3002X (AX3000) Dual-Band Wi-Fi 6 Portable Travel Router 1GbE x 2,149.19,,,
TAAAPP8808,Apple 35W  Dual USB-C Power Adapter,88.92,,,
BATMLF1004,Maxlife AA Alkaline Battery 4 Pack Long Lasting Alkaline Formula - Designed For Everyday and High Drain,3.76,,,
MEMKIN1001791,Kingston 8GB DDR4 Desktop UDIMM RAM 3200MT/s - Non-ECC - CL22 - DIMM,123.05,,,
NBDBEL6396035,Belkin USB-C 11-in-1 Pro Gan 150W Dock Supports up to 3 External Monitors - Single Display up to 8K30Hz - Dual Display up to 4K120Hz - Triple Display up to 4K60Hz,272.48,,,
NETASU62304,ASUS ZenWiFi BD4 (BE3600) Dual-Band WiFi 7 Whole Home Mesh System - Black - 2 Pack 2.5GbE x2,382.62,,,
POSHON1461,"Honeywell HH492 Wireless Barcode Scanner HANDHELD Bluetooth 2D Area-Imaging Performance Scanner with Charge & Communication Base - Not Power Supply included,  with 1.5M USB CABLE",245.96,,,
WTHHUA3182372,"Huawei Band 11 Aluminum Fitness Tracker - Black 1.62"" AMOLED Display - Up to 14 Days Battery Life - 5ATM Water Resistance - 24/7 Health Monitoring - Sleep Tracking",118.15,,,
TAAADT40011,Adonit Pro 4 Stylus (Black)-  High-Precision Disc Stylus for All Touchscreens,47.5,,,
PTRBRT05010,Brother MFC-J5010DW Inkjet Colour A4 Wireless Multifunction Printer - for Home Office,292.39,,,
NETTPL12212,TP-Link Deco BE22 (BE3600) Dual-Band WiFi 7 Whole Home Mesh System - 2 Pack 2x 1GbE,420.28,,,
MEMADM00011,ADATA 8GB DDR3L Desktop UDIMM RAM DIMM - 1600Mhz - 1.35v,91.91,,,
TAASTM5568526,STM 35W Dual Port USB-C GaN Charger - White for SmartPhones & Tablets (Charger Only / No Cable Included),20.55,,,
WTHHUA3182365,"Huawei Band 11 Polymer Fitness Tracker - Purple 1.62"" AMOLED Display - Up to 14 Days Battery Life - 5ATM Water Resistance - 24/7 Health Monitoring - Sleep Tracking",101.14,,,
HDDSYN3304,"Synology HAT3300 4TB 3.5"" Plus Series NAS HDD SATA 6Gb/s - 5400 RPM - 256MB Cache - 3 Years Warranty",466.64,,,
MSEAPP6360183,Apple Magic Trackpad ( Black ) Multi- Touch Surface - USB-C Charging Port,229.32,,,
NBPSRTCPD27W,"NoBrand USB-C 27w Universal Power Adapter /  Wall Charger Output 27W PD-Compatible Compatible: Raspberry Pi 5 - Black - 1.2m Long, Delivery 5A/5.1V, 3A/9V, 2.25A/12V, 1.8A/15V 27W to PD-Compatible Products",17.61,,,
PDUAKR233111,ANKER 323 Charger 33W USB-C Charger (Black),26.12,,,
NBKHNB153088,"HP Victus 15-fb3088AX NVIDIA RTX 4050 Gaming Laptop 15.6"" FHD 144Hz - AMD Ryzen 7 7445H - 16GB RAM - 512GB SSD - Win 11 Home - 1Y Warranty",1910.2,,,
TAAAPP835020,"Apple Magic Keyboard for  iPad Air 13"" ( M4 / M3 ) - Black",564.17,,,
WTHHUA205100,"Huawei Watch FIT 5 Pro Smart Watch - Black 1.92"" AMOLED Display - 3000nits Brightness - Up to 10 Days Battery Life - 5ATM Water Resistance - Cycling Mode - Trail Running - Golf Maps - 40m Free Diving - ECG",424.83,,,
MPPZAG200122065,"ZAGG iPhone 18 Pro InvisibleShield Glass Privacy XTR Screen Protector - 2-Way Privacy Filter, XTR Impact Protection, Anti-Reflective Finish, Fingerprint Resistant, Easy, Bubble-Free Install",46.4,,,
TABAPP4712814,"Apple iPad mini (A17 Pro chip) 8.3"" - Starlight 128GB Storage - WiFi - Liquid Retina Display - USB-C - A17 Pro Chip with Neural Engine - Apple Intelligence",1128.2,,,
CCTUBI5403,Ubiquiti UniFi Protect UVC-G5-Dome-Ultra 4MP/2K Indoor Compact Dome PoE Camera (Black) 2K 30FPS / Viewing Angle - 120 Degree / IK06,174.08,,,
TAABAS0035,Baseus Tiny Star 30W Mini Car Charger - Cosmic Black 2x USB-C,14.19,,,
WKSGGPC20307,GGPC XPG RTX 5050 Gaming PC AMD Ryzen 5 5500 6 Core / 12 Thread - 16GB RAM - 500GB NVMe SSD - NVIDIA GeForce RTX5050 8GB Graphics - WiFi + Bluetooth - Windows 11 Home,1609.77,,,
ADPCXT2502,Cruxtec CMD06-SG USB-C 6-in-1 Mini Dock 1x 4K HDMI - 1x RJ45 - 2x USB3.0 - 1x USB-C 5Gbps/s,53.58,,,
CABRRS321100,RockRose Asics AC USB-A to USB-C Cable - 1m - Light Grey TPE Connector - Braided Cord,6.26,,,
CABCXT61120,Cruxtec 2m USB-C to USB-C Cable - Full Feature for Syncing & Charging - ( 240W - 10Gbps - 4K/60Hz ),22.25,,,
HEABAN3300,Braun Series 3 BT3500 - Cordless & Rechargeable Hair Clipper - Beard Trimmer with 50-min cordless runtime,67.78,,,
HSTPHX10398,PHILEX PHE-909B Wireless Bluetooth Headphones,46.39,,,
MPPSGP10026,Spigen Galaxy S25 FE 5G Ultra Hybrid Case - Crystal Clear Certified Military-Grade Protection - Clear Durable Back Panel + TPU Bumper,29.24,,,
MVOSAM40440,Samsung MS40DG5505ATSA 40L 1000W Microwave Oven with Ceramic Enamel Stainless Steel,235.14,,,
TAAAPP180014,"Apple Smart Folio for iPad 11""  ( 11th Gen - A16 ) - Sky",133.8,,,
HOMEFY8501,Eufy Security C33 Lever Smart Lock with Fingerprint - Black Bulit-in Wi-Fi / Fingerprints x50 / IP53 Weather Resistence / Fire-Resistance / 365-Day Battery Life with 8 x AA Batteries,339.97,,,
TAAAPP833020,"Apple Magic Keyboard for  iPad Air 11"" ( M4/M3 ) - Black",514.75,,,
DVAAPP6314061,Apple Siri Remote (3rd Gen) for Apple TV,91.14,,,
KEYSAC3003,SATECHI Slim Wireless USB-C Keypad (Space Grey),63.39,,,
MPPTOR00000086,"Torras iPhone 16 (6.1"") Guardian Magnetic Case - Black MagSafe Compatible - Translucent Slim",30.18,,,
NBKLEN158300,"Lenovo LOQ 15AHP10 NVIDIA RTX 5060 Gaming Laptop 15.6"" FHD 144Hz AMD Ryzen 7 250 - 16GB RAM - 1TB SSD - Win 11 Home - 1Y Warranty",2504.55,,,
PTREPA5332565,Epson EcoTank ET-1910 Colour Printer 100-sheet paper capacity - Small size - Great performance,275.2,,,
TVNDTV7074,DishTV SAT1 Freeview Approved Satellite Receiver,80.14,,,
NBDCMS100,"CMS Electracom THD-100 USB-C Dual 4K DisplayLink Dock Station with 100W Power Delivery, 2x HDMI2.0 - 2x DisplayPort1.2 - 4x USB3.1 TypeA - 1x USB3.1 TypeC - 1x RJ45 - 1x 3.5mm Audio jack - Support MacOS, Windows, Android, Chrome, Linux",216.33,,,
NBKDEL6607577,"Dell Pro 14 14"" FHD+ Business Laptop Intel Core 5 120U - 16GB RAM - 512GB SSD - Win 11 Pro - 1Y Onsite Warranty",2002.72,,,
CCTRLK1191,Reolink Solar Floodlight Cam 4MP/2K Outdoor Wire-Free Battery Camera 7800mAh Battery /150° Wide-Angle / 1000-Lumen Floodlight / 110dB Siren / AI-powered Detection / Dual-band WiFi 6,183.36,,,
CAMSNY6402,"Sony Alpha A6400 Mirrorless Camera with 16-50mm Lens 24.2MP APS-C Exmor CMOS Sensor - 3.0"" 921.6k-Dot Tilting LCD - Built-in WiFi with NFC Support - UHD 4K30 & 1080p120 Recording",1330.98,,,
MSERPO0100,Rapoo N100 Wired USB Mouse - Black 1600 DPI,9.23,,,
MPHOPP728190,OPPO A6x 4G Dual SIM Smartphone - 4GB+128GB - Plum Purple,263.12,,,
MPHSAM2337600,Samsung Galaxy A37 5G Dual SIM Smartphone 6GB+128GB - Awesome Charcoal,641.14,,,
TAABEL5788620,"Belkin BoostCharge Pro 4-Port GaN USB-C Charger 108W - Black (2x USB-C , 2x USB-A)",68.25,,,
WTRTRX0030,"TRYX Panorama SE 360mm Black ARGB 360mm AiO Water Cooling With 6.5 inch L-Shaped AMOLED Screen With 2K Resolution,Support Intel LGA 1851/ 1700 / 115X, AMD AM5 / AM4",429.25,,,
TAAAMZ111594,Amazon Original Kindle PaperWhite 2024 (12th Gen) Leather Cover - Green,64.71,,,
BATENG805500,Energizer CR2025 Specialty Button Batteries - 4 Pack - 3V,9.96,,,
HSTCOR9011285,Corsair HS65 Wireless - Carbon V2 - AP,147.75,,,
TAAHUN1035,"Huion HM200 Active Capacitive Stylus Compatible with Microsoft Surface and other devices that support the MPP 2.0 protocol, such as ASUS, Acer laptops, 2-in-1 tablets",50.35,,,
TOLFNX0122,"Fenix Work & Outdoor HM70R Rechargeable LED Headlamp Max 1,600 Lumens Headlamp, Quick-Release Structure, 1 x 21700 5000mAH Li-ion Battery & USB-C Charging Cable are Included. 5 Years Free Repair Warranty (Battery for 1 year)!",150.96,,,
BAS19756,Baseus Stable Gravitational Car Mount Air (Air Outlet Version) - Black,13.48,,,
CABUBI610199,"Ubiquiti Cat6A Keystone Jack, 12-Pack",83.86,,,
CCTRNG230202,RING Solar Charger (2nd Gen) For Video Doorbell 3/3+/4 & Video Doorbell Plus/Pro,60.03,,,
MEMTGM0033,TeamGroup T-Force Delta RGB 16GB ( 2 X 8GB) DDR5 5600MT/s Desktop UDIMM RAM Kit - Black 2x 8GB - 5600MT/s - CL 40 -Intel XMP with 700 series chipset / AMD EXPO,424.92,,,
MOABRA1158,"Brateck LDT21-C02 17""-27"" Dual LCD Desk Mount - Sit/Stand workstation Compatible - Tilt/Swivel: - +10",91.74,,,
WTHSAM500000,Samsung Galaxy Watch8 Classic 46mm (Bluetooth) - Black Google Wear OS - Galaxy AI - Signature Rotating Bezel - Up to 30 Hrs Battery Life - Dual-Band GPS - 5ATM + IP68/MIL-STD-810H - SOS/Fall Detection - ECG - Health and Fitness Tracking,785.32,,,
CABBEL6593826,Belkin BoostCharge USB-C to USB-C Cable 60W - 1M ( Pink ),15.04,,,
CCTBAS122251,Baseus Security S1 Lite 3M/2K Outdoor Wire-Free Solar Camera - 1 Pack 5200mAh  / FOV:135° / AI Function: Human / Motion detection,146.42,,,
MEMTEM0001,TeamGroup X1 64GB USB-C / USB-A Dual Flash Drive USB 3.2,28.75,,,
MPPRRS61006,RockRose Anyview Mag AC Pro Air Vent Magnetic Phone Holder 360° Rotatable & Foldable -  Compatible with MagSafe,12.64,,,
NBPZOL0004,Zlos 100W 4 Port GAN Desktop Power Charger Charging Station With 1.5m Cable - 1x USB-A & 3x USB-C Port,67.49,,,
TAABEL4835413,Belkin BoostCharge 36W Dual USB-C Car Charger,34.6,,,
CABBAS03113,Baseus Silky Series Fast Charging Cable USB-A to USB-C 100W 1m Cluster Black For Android Phone Only,7.03,,,
HEABAN9520,Braun BT9520 Cordless & Rechargeable Hair Clipper - Beard Trimmer with Barber Tools & 180-min Runtime,169.36,,,
LASICN28986090,Okin Compatible Toner Cartridge Replacement for Brother TN237 - Cyan,39.95,,,
MPHONZ420317,One NZ Smart M26 Smartphone - Black Network Locked to One NZ - includes One NZ Prepay Plus SIM,92.31,,,
PTRHPL040011,HP LaserJet Pro 4001DN Mono Laser Printer Duplex Print - Gigabit Ethernet - For Small Business/Education,389.83,,,
TABSAM620125611,"Samsung Galaxy Tab S10 FE+ 13.1"" Tablet - Grey 256GB Storage - 12GB RAM  WiFi Only",1315.32,,,
PAPCNP226408,Canon SELPHY XC-20L Card Size Photo Paper (54 x 85mm) - 20 Sheets for Canon Photo Printer QX20,25.09,,,
POSHON1465,"Honeywell PC42E-T PC42E-TB02200 Desktop Direct Thermal and Thermal Transfer Barcode Printer, 203 DPI USB, Ethernet, 200DPI, Black - Does not come with power cord or ribbon",326.45,,,
TAATUC010015,"Tucano Stylus Universal Black Active stylus for tablets and smartphones Universal active capacitive pen for android  tablets and smartphones,The Tucano Universal Pencil allows you to write, draw or take notes without needing Bluetooth",65.38,,,
ADPBEL720678,Belkin USB-C 4 Port Mini Hub,50.3,,,
CCTBAS002130,Baseus Security P1 Lite 3MP/2K Indoor PT Wifi Camera - 1 Pack FOV102° / AI Human detection / Digital Zoom x 8 / Power Adapter Not Included,39.4,,,
HEASKG0004,SKG Neck & Shoulder Massager with Heat for Pain Relief Deep Tissue,210.8,,,
MPHSAM1337602,Samsung Galaxy A37 5G Dual SIM Smartphone 6GB+128GB - Awesome White,623.16,,,
MPHPAN0220,"Panasonic KX-TGC220NZS Cordless Landline Telephone - Black/Silver - 1.6"" Amber LED display - Backlit keys - Speakerphone & Answerphone",62.86,,,
MSEUGR90545,UGREEN UG-90545 Ergonomic Wireless Mouse 2.4G 4000DPI Silence Design - Black/Grey,21.69,,,
HSTNZX0001,NZXT Relay 7.1 Surround Wired Gaming Headset - Black,109.0,,,
TVAKNC246F,"KONIC 37""-80"" Fixed TV Wall Mount - Weight Capacity 75kg",30.51,,,
AUDROD1112,RODE WIME Wireless Micro Lightning Ultra-compact Wireless Microphone - Black - Audio System for Lightning Smartphones,186.5,,,
PTAGEN80421,99014 Compatible Dymo Shipping Label 54mm x 101mm - White Roll,9.79,,,
HSTBTS4483249,Beats Powerbeats Pro 2 Premium True Wireless Noise Cancelling Sports Earbuds - Electric Orange Secure Earhook Fit - IPX4 - Heart Rate Monitoring for Workouts - Powerful ANC & Transparency Mode - Adaptive EQ - Apple H2 Chip - Up to 10hrs pla,359.35,,,
MVRVIT0012,VITURE USB-C to Glasses and Charging Adapter Perfect for uninterrupted immersion: allows you to charge your device without disconnecting your XR glasses.,98.04,,,
CHSLAN00083,"Lian Li STRIMER PLUS Wireless for NV40/50 VGA 12+4 to 12+4 Support up to 600W with 12V-2X6 connector, 12 Light guides with 174 LEDs. Support ATX 3.1",95.45,,,
MPPGEN0756,"iPhone 16 Pro (6.3"") Glass Screen Protector - Clear Case Friendly",8.98,,,
MPPUNQ00000210,"Uniq iPhone 18 Pro (6.3"") 2026 Lifepro Xtreme Case - Crystal Clear Tough All-Round Shield with 3-Tier Defense - Raised Lens Bezel to Shield Back Camera",15.04,,,
HSTHUA55038906,Huawei FreeClip 2 Premium True Wireless Clip-On Earbuds - Ice Berry Purple Airy C-bridge Design - Adaptive Open-ear Listening - Crystal-clear Calls - Up to 9hrs Playtime/38hrs with Charging Case,303.23,,,
MPPDJI0038,DJI Osmo Mobile 8P Gimbal Standard Combo,245.26,,,
PETPTK0055,Petkit Yumshare Dual Hopper 2 Automatic Feeder with Camera with an AI camera recognizes every cat in multi-pet homes and offers 24/7 monitoring with precise meal tracking,204.19,,,
WKSPB43530,PB Family Series 43530 Desktop AI PC Intel Core Ultra 5 225 10 Cores / 10 Threads - 16GB DDR5 RAM - 500GB NVMe SSD - AX WiFi 6 + Bluetooth - Windows 11 Home,1368.27,,,
MEMKIN5734716,Kingston System-Specific Memory 16GB DDR5 SODIMM Memory Module - For Notebook 16 GB - DDR5-5600/PC5-44800 DDR5 SDRAM - 5600 MT/s Single-rank Memory - CL46 - 1.10 V - Non-ECC - Unbuffered - 262-pin - SoDIMM KCP556SS8-16,499.68,,,
MPHPAN0222,"Panasonic KX-TGC222NZS Cordless Landline Telephone Twin Pack - Black/Silver - 1.6"" Amber LED display - Backlit keys - Speakerphone & Answerphone",97.43,,,
CABBEL3439148,Belkin Essential High Speed HDMI Cable - 5m,21.22,,,
HSTSPB1221,Sansai DM300 Dynamic Corded Professional Vocal Microphone,11.74,,,
MBDASU28520,"ASUS TUF GAMING B850-PLUS WIFI ATX Motherboard For AMD Ryzen 7000/8000/9000 Series CPUs Socket AM5 - AMD B850 Chipset - PCIE 5.0 - 3x M.2, 4x DDR5, 2x Internal USB 2.0 Header, 1x Internal 3.2 Header, 1x Internal Type C Header, Wifi 7 + BT",449.73,,,
MSEKEN5064167,Kensington KTG K79810WW Ergonomic Wireless Mouse Left Handed,64.83,,,
CCTRLK3301,Reolink P330M 8MP/4K Dual-Lens Outdoor Bullet POE IP Camera with Spotlight Plug&play / Advanced Detection / Time Lapse,199.59,,,
NBPKFD19001,KFD AC Power Adapter/Charger For Acer Gaming Laptop 19.5V 9.23A 180W DC Tip 5.5x1.7mm For Acer Predator Helios 300 PH317 PH317-51 G3-572 G3-571 Aspire V Nitro 15 VN7-593G 17 VN7-793G A717-71G ADP-180MB K,75.12,,,
NETAS4721,ASUS ROG STRIX GS-BE7200X (BE7200) Dual-Band WiFi 7 Extendable Gaming Router 10GbE x1 / 2.5GbE x1 / 1GbE x4 / USB3.2 x1,597.9,,,
TAABEL4825008,Belkin BoostCharge 24W Dual USB-A Car Charger wih USB-A to USB-C Cable,23.39,,,
BAPMIX35969,Xiaomi 10000mAh 22.5W 2-Output Wireless Charging Power Bank -Black Input 18W / Output 22.5W / 22.5W USB-A / 22.5W USB-C / Qi 10W Wireless Charging,46.48,,,
HSAUNQ697054,Uniq Veren Rugged Apple AirPods Pro 3 Case - Pink Haze - Compatible with Airpods Pro 3rd Generation - Aluminium Carabiner Included - Wireless Charging Compatible,23.7,,,
LASBRT2449,Brother TN2449 Toner Cartridge - Black 4500 Pages - for Brother MFCL2770DW Printer,186.5,,,
TABBOK12022,"BOOX 7"" Go Color 7  Gen II ( Black ) eReader",509.28,,,
NBPOEM19401,OEM Manufacture For HP 90W 19.5V 4.62A Laptop Charger - 7.4x5.0mm Connector Size (Power cord not included) PN: 908076-002,27.86,,,
TABAPP4712821,"Apple iPad mini (A17 Pro chip) 8.3"" - Space Grey 128GB Storage - WiFi + Cellular - Liquid Retina Display - USB-C - A17 Pro Chip with Neural Engine - Apple Intelligence",1367.43,,,
SPKPHS84000,Philips TAB4000/98 60W 2.0 Channel Soundbar Bluetooth 5.4 +HDMI ARC Out - Wall Mount Included,80.99,,,
WTHHIF83026,"HiFuture Zone 3 Smart Watch - Rose Gold 1.85"" Display - Up to 7 Days Battery Life - 24/7 Health Tracking - 1ATM Water Resistance - 100+ Sports Modes",50.28,,,
CARPRM1025,"Promate MOUNT-2 Universal - Fits all Devices with Width Between Phone Car Mount 5-9cm, Quick Release, 360 Degree",18.14,,,
MONAS67420,"ASUS ROG Strix XG32UQDMS 32"" 4K UHD 240Hz OLED Gaming Monitor -  3840x2160 - 0.03ms - HDMI 2.1 + DP 1.4 - NVIDIA G-Sync Compatible -  ASUS OLED Care Pro  - HDR 400 True Black - Height / Pivot / Swivel / Tilt Adjustable - 100x100 VESA",1582.65,,,
SPKALT08000,Altec Lansing SoundRover 50 50W Wireless Portable Party Speaker with Tripod Stand & Microphone with Bluetooth + FM Radio - RGB LED Lightshow - Wheels & Handle - USB-C charging - Up to 6hrs playtime,114.82,,,
WTAGEN0110,22mm Silicone Watch Strap - Light Pink - Compatible with Huawei GT6 Series(46mm)/GT5 Series(46mm)/Xiaomi Watch 2/2 Pro/Redmi Watch 5 Active/Oneplus Watch 2R,10.17,,,
HSTRAZ82332,Razer Kraken X Lite Wired Gaming Headset,63.08,,,
KEYSAC2014,SATECHI W3 Keyboard with Numeric Keypad - Space Grey Wired USB-C - Backlit - with Numeric Pad,103.66,,,
MBDASU28715,"ASUS TUF GAMING X870E-PLUS WIFI7 ATX Motherboard For AMD Ryzen 7000/8000/9000 Series CPUs Socket AM5 - AMD X870E Chipset - PCIe 5.0 - 4x M.2 - 2x Internal USB 2.0 Header - 1x Internal USB 3.0 Header - 1x Interna Type C Header, WIFI7 + BT",637.68,,,
MPPAPP5922321,Apple USB-C to Lightning Adapter,52.5,,,
NBAOEM1010,"Ultra Thin Keyboard Cover Protector - Apple 13.6"" Macbook Air with M2 Chip / MacBook Pro 14"" A2442 A2779 / MacBook Pro 16"" A2485 M1 Pro M1 Max A2780 M2 Pro M2 Max / MacBook Air 15.3"", For Models: A2681 A2442 A2779 A2485 A2780 A2941, TPU 0.1",10.95,,,
PTABRT4311369,Brother Genuine WT-223CL Waste Toner Box,42.83,,,
MPHSAM0074102,Samsung Galaxy S26 FE 5G Dual SIM Smartphone - 8GB+128GB - Blueberry,1219.49,,,
CAMSNY1117,"Sony Cyber-shot DSC-RX100 VII 20.1 MP 1"" Exmor RS BSI CMOS Sensor, Digital Camera Latest SONY RX with long zoom Lens, UHD 4K30p Video, ZEISS Vario-Sonnar T f/2.8-4.5 Lens, 24-200mm (35mm Equivalent)",1834.97,,,
MVRXRL0012,"Xreal Xbx A01+ Ultra-Light weight AR Glasses Power By Xreal chip, Up to 147"" Spatial Screen With 50° FOV/Up to 120HZ, 1600Nits Brightness/Compact USB-C AR Display for Phone, PC & Gaming",501.6,,,
NBKLEN140220A,"Lenovo Remanufactured ThinkPad T14 G2 14"" FHD Intel i7-1185G7 - 16GB RAM - 512GB SSD - Win 11 Pro - WiFi + BT 1 year warranty",1331.7,,,
TAAARX545031,"Armor-X (JLN Series) Ultra 3 Layers Rugged Shockproof Tablet Case for Samsung Galaxy Tab Active Pro / Active4 Pro  10.1""  (SM-T540, SM-T545 & SM-T63x ) with Hand Strap and Kick-Stand",48.0,,,
TAABEL4835414,Belkin Single Port 12W USB-A Home Charger,18.37,,,
TAAVLR11002,"Valore Rugged Tablet Case With Shoulder Strap  / Hand Strap, screen protector & Kick-Stand  for iPad 11"" Air M4/M3 ( 2025-2026)",36.8,,,
BAS47537,Baseus Free2Draw 100W USB-C Cable - 1m - Cluster Black Retractable - Fast Charging,12.65,,,
CABCXT62030,Cruxtec 3m USB-C to USB-C Cable - Full Feature for Syncing & Charging - ( 240W - 20Gbps - 4K/60Hz ),31.79,,,
HOMMIX57809,Xiaomi Mija G20 Handheld Vacuum Cleaner 150aw Motor - Up to 60 Minutes Operation Time -  - LED Search Light - 600mL Dust Capacity - 25000 Pa Suction Power,320.25,,,
HUBORC5005,Orico 4 ports USB-C to 4x USB-A USB Hub - White,10.37,,,
IPHJ5C1076,"J5create ScreenCast 4K HDMI Wireless Display Supports Airplay, Miracast, and Chromecast. Supports customizable background, PIN code for Miracast",90.77,,,
MOASTT4866895,StarTech.com PRIVSCNMON24 Monitor Privacy Screen for 24 inch PC Display - Computer Screen Security Filter - Blue Light Reducing Screen Protector Film - 16:9 Widescreen - Matte/Glossy - +/-30 Degree,151.52,,,
MPPSAM000146,Samsung Galaxy A57 (2026) Clear Case - Transparent,22.84,,,
PSUPHA0010,Phanteks AMP 650W ATX 3.1 80Plus Gold - Black - Full Modular Power Supply,143.18,,,
TAAAPP6225540,"Apple Magic Keyboard for iPad Pro 13"" ( M5/ M4 ) - White",654.02,,,
WTHUHN29753,ULTRAHUMAN Ring AIR Smart Ring - Space Silver - Size 10 Sleep and Fitness Tracker - Smart Ring for Men and Women - No app fee for Standard Features - Up to 6 Days Battery Life,568.25,,,
BULLFX01927,"LIFX A19 Mini Smart Light Bulb White WiFi , E27, 800 Lumens, 9W, Dimmable",8.99,,,
CHSDNX1021,"Dynamix R10CS-137 R10CS-137 10"" 1RU Cantilever Shelf 137mm deep",28.58,,,
CABUGR50596,UGREEN UG-50596 USB-C to 3.5mm Adapter - 50cm USB-C Female Port,10.59,,,
HSTJAB6278233,Jabra Evolve 65 TE Mono Bluetooth On-Ear Headset with Charging Stand - UC Certified USB-A / Busy Light / Up to 30m Distance / Up to 16-Hour Talk-Time,288.57,,,
TOLFNX0068,Fenix Battery Charger ARE-A2 Dual Channel Charger Li-ion and Ni-MH / Ni-Cd Charger Support Lots of Rechargeable Batteries on Market,37.9,,,
CABBAS10021,Baseus Crystal Fast Charging Data Cable USB-A to USB-C 100W/7.5W 2m Moon White (Car Charging Supported),13.81,,,
KEYINC6276384,Incase Designed by Microsoft Wireless Desktop 850 Keyboard & Mouse Combo,65.96,,,
MOALCK0113,"Loctek Eco Mount 32""-65"" TV Ceiling Mount Max Load 60kg - Max VESA 600x400 - Tilt Angle -2 +15Deg - TV To Wall 510-810mm - 5 Years Warranty",43.36,,,
MONMSI432238,"MSI MAG 321UP QD-OLED 32"" 4K 165Hz OLED Gaming Monitor 3840x2160 - 0.03ms - DP 1.4- HDMI 2.1 - USB-C 15W - HDR400 True Black - / Height / Swivel / Tilt Adjustable - 100x100 VESA",1314.99,,,
MPPRRS21146,RockRose Gravity Pro Max 15W Wireless Car Charger for Android Phones with Qi Certification,42.37,,,
MPPSAM200005,"Samsung Galaxy Z Fold8 (2026) Carbon Magnet Case + Anti-reflecting (AR) Film - Black - Slim & Lightweight Design, Durable Aramid Material, Magnetic Accessory Compatibility, Includes Anti-Reflecting Films",117.33,,,
UNI1053,Unitek V1609A 8K DisplayPort Bidirectional Switch with 2-In-1-Out or 1-in-2-Out - Space Grey Connnect 2 Devices to 1 Display or Vice Versa - Supports Res up to 8K 60Hz - Easy One-Switch Button,44.4,,,
WTHHIF82302,"HiFuture LUME Smart Watch - Black 1.85"" Display - Up to 7 Days Battery Life - 1ATM Water Resistance - Bluetooth Calling - 24/7 Health and Sleep Monitoring - 100+ Sports Modes",79.46,,,
AUDSNP700266R,Sennheiser Pro Remanufactured Profile Wireless 2-Channel All-in-One Clip-On & Handheld Microphone System - 2-channel 2.4GHz receiver + 2x Clip-On Microphones with 16GB storage + Ultra-portable charging bar doubles as a handheld interview mi,449.26,426.8,5.0,CLEARANCE
AUDWIM00005R,WiiM Remanufactured Amp 120W 2.1 Channel Multiroom Streaming Amplifier - Silver Apple AirPlay 2 - Chromecast Audio - Spotify Connect / Ethernet / WiFi + Bluetooth + RCA + Optical + HDMI ARC & Voice Control - Remote Included /PB 6 mths warra,486.76,462.43,5.0,CLEARANCE
EXNBKLEN014090,"Lenovo Thinkbook 14 G5 IRL 14"" FHD (A-Grade Refurbished) Intel Core i5-1335U - 16GB RAM - 500GB SSD - Win11 Pro - 18-Month Warranty - GreenMachine Certified Refurbished",1150.0,1092.5,5.0,CLEARANCE
HSTAPP6331745R,Apple Remanufactured AirPods 4 True Wireless In-Ear Headphones /PB 6 mths warranty,195.2,185.44,5.0,CLEARANCE
TABSAM40012821R,Samsung Remanufactured Galaxy Tab S10 Lite WiFi Tablet - Gray 128GB Storage - 6GB RAM /PB 6 mths warranty,591.76,562.17,5.0,CLEARANCE
MICBLU5617834,Logitech G Yeti 3-Capsule USB Microphone - Off White,161.62,,,
MPPTOR00000183,Torras iPhone 17e/16e Ostand Spin Case - Black - Fit for MagSafe - MagSafe Compatible - 360 Spin Kickstand,44.52,,,
MSESAC10021,SATECHI C1 USB-C Wired Mouse - Space Grey,46.0,,,
NAPUBI65302,Ubiquiti UniFi U6-IW (AX5400) Dual-Band 6-Stream Wi-Fi 6 Access Point with 1GbE x5 (PoE+ 13W+),404.54,,,
FANNOC4106,"NOCTUA NH-U12A CPU Cooler 2x 120mm PWM Fan, 158mm Clearance, Support Intel LGA1851, LGA1700, LGA1200, LGA1156, LGA1155, LGA1151, LGA1150 and AMD AM5, AM4",234.19,,,
TAABAS13101,"Baseus Crystal Series HD Tempered Glass Screen Protector for Pad Air 2024/2025 13 inch, Clear (Pack of 1, with cleaning kit and EasyStick installation tool)",18.52,,,
CCTRLK1503,Reolink Argus PT 5MP/2K Outdoor PT Wire-Free Battery Camera with Solar Panel 21.6Wh Rechargeable Battery / AI Detection / Dual-Band WiFi / Time Lapse,296.71,,,
INKBAM0155,Bambu Lab PLA Matte Filament - Dark Brown 1kg - 1.75mm - Entry Level - Matte Surface Texture - 11801,34.41,,,
JOY8BDBM4471,8Bitdo Ultimate 2C Wired Controller - Mint 1000Hz Polling Rate - Linear Triggers - Tactile Bumpers,41.98,,,
ADPSTT690200,StarTech.com RJ45SPLITTER RJ45 Splitter Cable 2-to-1 RJ45 - F/M - Usage note in features,19.47,,,
NBKACN1532IBS,"Acer Aspire Go 15 AG15-32P-39R2 15.6"" FHD Intel Core 3 N355 - 16GB RAM - 384GB SSD (128G UFS + 256G) - Win 11 Home S Mode - AX WiFi 6 + BT5.1 - HDMI - 1yr warranty",1006.25,,,
CABBEL3439185,Belkin F3Y117BT2M 3.5mm Audio Cable - 2m Gold Plated,7.16,,,
GAMMVS0003,"Unico MVS Mini Arcade Game Console & 2x Controller Bundle Official SNK Licensed, Includes 45 NEOGEO / Retro Games, 3.5"" LCD Screen & Control Pad",160.55,,,
HEAMIX44578,Xiaomi Fitness Smart Jump Rope Comprehensive Training Data Records - Corded & Cordless Modes - Borderless Dot Matrix Display,38.59,,,
MICJBL6776855,"JBL EasySing Wireless AI Karaoke Microphone 2-Pack - Real-Time AI Vocal Removal - Pitch + Reverb - USB-C dongle compatible with JBL PartyBox Encore 2 series, PartyBox On-The-Go MK2, PartyBox Club 120, Stage 320, 520 & 720",218.71,,,
NBKMSI162257,"MSI Vector 16 HX AI A2XWHG-257NZ NVIDIA RTX 5070Ti Gaming Laptop 16"" QHD+ 240Hz Intel Core Ultra 7 255HX - 16GB RAM - 1TB SSD - Win 11 Home - AX Wi-Fi 6E + BT5.3 - RGB Keyboard - 2Y Warranty",4103.23,,,
PSUBQT90220,be quiet Dark Power 14 1200W ATX 3.1 Power Supply 80 Plus Titanium - Fully Modular,501.17,,,
PTRMIX63076,Xiaomi Portable Photo Printer 1S,120.39,,,
TAAZAG103114855,"ZAGG Rugged Messenger Case for iPad 11"" A16 (Gen 11) & iPad 10.9"" (Gen 10)",61.3,,,
WTHMIX78279,"Xiaomi Redmi Watch 6 Active Smart Watch - Midnight Black 1.85"" AMOLED Display - Up to 18 Days Battery Life - IP68 Water Resistance - Bluetooth Calling - 24/7 Health and Sleep Tracking - 140+ Workout Modes",75.72,,,
WTHUHN29623,ULTRAHUMAN Ring AIR Smart Ring - Bionic Gold - Size 7 Sleep and Fitness Tracker - Smart Ring for Men and Women - No app fee for Standard Features - Up to 6 Days Battery Life,493.8,,,
WTHUHN29630,ULTRAHUMAN Ring AIR Smart Ring - Bionic Gold - Size 8 Sleep and Fitness Tracker - Smart Ring for Men and Women - No app fee for Standard Features - Up to 6 Days Battery Life,519.79,,,
CABBEL3439127,Belkin F3U154BT1.8M USB 2.0 USB-A to USB-B Printer Cable - 1.8m - Black Premium - 4 Pin,5.38,,,
HSACOM5312124,Comply (Medium) TrueGrip Memory Foam Tips for Apple AirPods Pro 3 - Black - Medium 3-pack (6x Medium size eartips) - compatible with AirPods Pro 3rd Generation,39.95,,,
MEMPNY0003,PNY 16GB DDR5 Desktop RAM 5600MT/s - 1.1V - CL46,390.42,,,
NBKHNB160077,"HP OMEN MAX 16-ak0077AX NVIDIA RTX 5080 Gaming Laptop 16"" WQXGA 240Hz - AMD Ryzen AI 9 HX 375 - 16GB RAM - 512GB SSD - Win 11 Home - 1Y Warranty",5193.65,,,
WTHOPP2620,"OPPO Watch S Smart Watch - Phantom Black 1.46"" 3000nits AMOLED Display - Up to 10 Days Battery Life - 5ATM IP68 Water Resistance - Built-in GPS - 24/7 Health Tracking - ECG - Sleep Tracking - 100+ Sports Modes",349.13,,,
WTRPHA1009,"Phanteks Glacier One 360M25 G2 White 360mm AiO Water Cooling Kit, D-RGB For Intel 1851, 1700, 1200, 115X .  AMD AM5, AM4",174.22,,,
MPPTOR00000316,Torras iPhone 18 Pro 2026 Guardian Magnetic Case - Deep Purple Full Camera Control Button Coverage - Fit for MagSafe - Military Grade Drop Protection - Slim Profile & Secure Grip - Includes Exclusive Detachable 3-Color Buttons,30.51,,,
EXWKSDEL709032,Dell Optiplex 7090 Intel Core i5-10500T Micro Desktop (A-Grade Refurbished) 16GB RAM - 256GB SSD - No WiFi - Win11 Pro - 18-Month Warranty - GreenMachine Certified Refurbished,799.0,759.05,5.0,CLEARANCE
EXWKSDEL709033,Dell Optiplex 7090 Intel Core i5-10500T Micro Desktop (A-Grade Refurbished) 16GB RAM - 256GB SSD - WiFi - Win11 Pro - 18-Month Warranty - GreenMachine Certified Refurbished,799.0,759.05,5.0,CLEARANCE
HEASKG0009R,SKG Remanufactured GS500 Waist Massager 4 Thermal Array + 16-Point Red Light Phototherapy - Multi-Zone Thermal Relief - Large-Area Thermal Coverage with Rapid Heat Delivery,70.0,66.5,5.0,CLEARANCE
WKSPB42522,PB Family Series 42522 Desktop PC AMD Ryzen 5 7600 6 Cores / 12 Threads - 16GB DDR5 RAM - 500GB NVMe SSD - AMD Radeon Graphics - AX WiFi 6 + Bluetooth - Windows 11 Home,1365.05,,,
HOMRBK0091,"Roborock Q7B+ Black Robot Vacuum with Self Emptying Dock 8,000Pa Suction - Dual Anti-Tangle System, 3 Levels of water flow, PreciSense LiDAR Navigation,",575.26,,,
NBKDEL5255IS,"Dell 15.6"" FHD Touch AMD Ryzen 7 7730U - 16GB RAM - 256GB SSD - Win 11 Home S Mode",1135.99,,,
WTHAPP1030101,Apple Watch SE 3 (GPS + Cellular) 40mm - Midnight Aluminium Case with Midnight Sport Band - M/L,544.85,,,
AUDFIO5510269,"FiiO QX13 Premium Hi-Res Portable DAC & Headphone Amplifier - Carbon Fibre Black 900mW+900mW Desktop-Level Power - ESS ES9027SPRO DAC - 10-Band Parametric EQ - Carbon Fibre Body - 1.99"" Display - Includes Magnetic Protective Case",327.8,,,
BAPBEL6118927,Belkin BoostCharge 26000mAh 32W 4-Output Power Bank Input 20W / Output 32W / 12W USB-A / 20W USB-C,86.0,,,
CABSAC10022,SATECHI USB-C to Lightning Cable - 25cm - Space Grey Charge & Sync,33.44,,,
EXNBKHP850530,"HP EliteBook 850 G5 15"" FHD Touch Laptop (A-Grade Refurbished) Intel Core i7 8650U - 16GB RAM - 512GB SSD - Win11 Pro - 18-Month Warranty - GreenMachine Certified Refurbished",749.0,711.55,5.0,CLEARANCE
HOMRBK0083R,"Roborock Remanufactured Q Revo Curv 2 Flow White Vacuum Cleaner with Multifunction Dock 4.0 20,000Pa Hyperforce Suction - Reactive AI Obstacle Recognition -55 °C Warm Air Drying - 75°C High temperature Mop Cleanning, TUV Certified Cybersecu",2024.25,1923.04,5.0,CLEARANCE
WTRCOR9060095,"Corsair NAUTILUS 360 ARGB White 360mm AiO Water Cooling For Intel 1851, 1700, AMD AM5, AM4",183.83,,,
JOYRAZ113265,Razer Raiju v3 Pro Wireless Gaming Controller for PlayStation 5 & PC - Black 6 Remappable Buttons - Customizable TMR Thumbsticks - Fast Triggers,317.72,,,
MPPBEL6340899,Belkin BoostCharge Pro 15W Wireless Car Charger with Magsafe Mount your iPhone on the Vent with this Magnetic Wireless Car Charger and Experience the Convenience of One-Handed Placement & Perfect Magnetic Alignment Every Time,88.01,,,
MPPRRS12240,RockRose S24 Single Pack Premium Tempered Glass Screen Protector with Dust-Free & Easy installation kit,9.67,,,
SPKMIX43697,"Xiaomi Bluetooth Karaoke Microphone KTV-Quality Stereo Sound , 9 Fun Sound Effects, Extra-long 7-hour battery life",90.06,,,
TAAAMZ1221101,Amazon Original Kindle Touch ( 2022 to 2024 Model ) Fabric Cover - Black,47.6,,,
HSTFIO5570152,FiiO JF11 Dynamic Wired Earbuds with Extended Bass - Black - In-line microphone & controls - U-shaped acoustic pipes for extended bass - Design you can sleep with - 3.5mm right-angled connection,12.73,,,
MPPRRS31163,"RockRose iPhone 16 Pro Max ( 6.9"") Magcase Neo HD Transparent MagSafe Compatible Phone Case",11.7,,,
MPPSPB4597,Sansai SCX-688R MagSafe Magnetic Phone Holder metal ring included,13.87,,,
BAPAPP0669763,Apple iPhone Air MagSafe Battery 3149 mAh 12W 1-Output Input 20W USB-C x1 / Output 12W Wireless Charging on the go,183.11,,,
CABBAS03213,Baseus Silky Series Fast Charging Cable USB-A to USB-C 100W 1m Moon White,7.0,,,
HSTJBL6386992,JBL C150SI Wired In-Ear Headphones with Mic - Black 1-Button Remote - 3.5mm Jack - JBL Signature Sound - Lightweight & Comfortable,12.71,,,
MVRROK0002,"Rokid AI Glasses World's Lightest Full Function AI & AR Glasses 49g Link ChatGPT Real-Time Translation- GPS - Front Camera 12MP.All current AI features (inclusive of navigation / translation/ transcription/ etc) will be free until 31 Mar, 2",957.4,,,
PTRCRL0043,"Creality FDM 3D Printer K2 & CFS Combo Pack Supports Multi-Color Printing, Up to 600mm/S - Build Size 260 x 260 x 260 mm, Supports Multi-Color Printing with CFS Module, Up To 16 Colors",1212.12,,,
WKSGGPC20118,GGPC RX 9060 XT Gaming PC AMD Ryzen 5 7500F 6 Cores / 12 Threads - 16GB DDR5 RAM - 1TB NVMe SSD - AMD Radeon RX9060XT 16GB Graphics - WiFi + Bluetooth - Windows 11 Home,2316.5,,,
AUDROD1197,RODE NT1 Signature - Black - Large Diaphragm Cardioid Studio Condenser Microphone with Shock Mount Pop Filter & XLR Cable,323.25,,,
INKBRT1002552,Brother LC431XLC Ink Cartridge - Cyan High Yield - 500 Pages - for Brother MFCJ1010DW / DCPJ1050DW Printer,35.55,,,
MPPGEN0502,Galaxy S24 (2024) Rugged Case - Black Tough - Dual Layer Protection,15.69,,,
MPPGEN0763,Galaxy S24 FE (2024) Flip Wallet Case - Black 3 Card Slots - Cash Compartment - Magnetic Clip,16.69,,,
TAAMST90040,Microsoft Surface for Business Thunderbolt 4 Dock,,,,
WTHUHN29500,ULTRAHUMAN Ring AIR Smart Ring - Aster Black - Size 6 Sleep and Fitness Tracker - Smart Ring for Men and Women - No app fee for Standard Features - Up to 6 Days Battery Life,519.79,,,
WTHUHN29609,ULTRAHUMAN Ring AIR Smart Ring - Bionic Gold - Size 5 Sleep and Fitness Tracker - Smart Ring for Men and Women - No app fee for Standard Features - Up to 6 Days Battery Life,519.79,,,
WTHUHN29913,ULTRAHUMAN Ring AIR Smart Ring - Matte Grey - Size 7 Sleep and Fitness Tracker - Smart Ring for Men and Women - No app fee for Standard Features - Up to 6 Days Battery Life,568.25,,,
HEASKG0011,SKG GS500-N Portable Neck Massager Instant Neck Pain & Stress Relief with Ergonomic Design and Soothing Thermal Therapy,133.6,,,
MOAKNC3012W,"KONIC 17""-32"" Single Monitor Stand - Weight Capacity 2-9kg - VESA 100x100 75x75 - Matte Black & White",57.78,,,
MPPSGP010361,"Spigen iPhone 17 Pro (6.3"") Tough Armor Magfit Case - Black Drop-Tested Military Grade - MagSafe Compatible - Heavy Duty - 3-Layer Extreme Protection - Air Cushion Technology - Dual Layer Protection",40.23,,,
NBKHNB412405,"HP ProBook 4 G1a 14 14"" WUXGA Touch Business Laptop AMD Ryzen 7 250 - 16GB RAM - 256GB SSD - Win 11 Pro - 1Y NBD Onsite Warranty",2232.84,,,
NBKLEN1482106,"Lenovo ThinkBook 14 G8 Business Laptop 14"" WUXGA Intel Core Ultra 7 255H - 32GB RAM - 512GB SSD - Win 11 Pro - 1Y Onsite Warranty",2945.51,,,
TAAATP8230011,"Glass Screen Protector for iPad Air 11"" ( M4/ M3 / M2  )",32.72,,,
TOLFNX0146,"Fenix Camping & Hiking HM23 V2.0 Running Headlamp Max 300 Lumens, Powered by 1 x AA Battery (incl) or 1.5V 14500 Rechargeable Battery (NOT incl) - Lightweight - Compact - Large Side Switch - 5 Years Free Repair Warranty",57.37,,,
WTHOPP2621,"OPPO Watch S Smart Watch - Silver Gleam 1.46"" 3000nits AMOLED Display - Up to 10 Days Battery Life - 5ATM IP68 Water Resistance - Built-in GPS - 24/7 Health Tracking - ECG - Sleep Tracking - 100+ Sports Modes",349.13,,,
WTHUHN29920,ULTRAHUMAN Ring AIR Smart Ring - Matte Grey - Size 8 Sleep and Fitness Tracker - Smart Ring for Men and Women - No app fee for Standard Features - Up to 6 Days Battery Life,568.25,,,
CABBTS7421,Beats USB-A to USB-C Woven Short Cable (20 cm) - Bolt Black,27.24,,,
CAMFUJ16900771,Fujifilm X-M5 Mirrorless Camera with XC 15-45mm f/3.5-5.6 Lens - Silver 26.1MP APS-C X-Trans 4 CMOS Sensor - Latest AI-Assisted Processing Algorithms - Film Simulations & Color Science,1644.1,,,
DRODJI1504,DJI Mini 5 Pro Drone Fly More Combo Plus with DJI RC2 Remote Controller,1914.29,,,
FANDPC1070,DEEPCOOL Internal USB 2.0 connector HUB Expand with 4 Internal Connectors.,26.0,,,
KEYDEL6828876,Dell KB526 Pro 5 Wireless Keyboard,41.95,,,
MEMGSK32033A,G.SKILL Trident Z RGB 16GB DDR4 3600 Desktop RAM Kit For AMD 2x 8GB - 3600MT/s - CL18 - 1.35v - 18-22-22-42,238.05,,,
MPPAPP0663709,"Apple iPhone 17 Pro TechWoven Case with MagSafe - Black Custom Tech Woven Fabric made from 100% Recycled Polyester, Tactile Texture",96.47,,,
MPPTOR00000270,Torras Galaxy S26 Ostand Q1 Slim Case - Clear - Magnetic Wireless Compatible - Open-Edge Design - Strong Magnetic - Slim - Protective,42.85,,,
NBAAPP6797052,Apple 140W USB-C Power Adapter,156.68,,,
NBGUGR50974,UGREEN Nintendo Switch EVA Hard Shell Carrying Case - Fits for Switch/Switch OLED - 9 Game Cartridges Slot,20.12,,,
HSTNTG11300038,Nothing Headphone (a) Wireless Over-Ear Noise Cancelling Headphones - Yellow 4-Mic Adaptive ANC - Physical Controls - 40mm Titanium Drivers with Parametric EQ - Hi-Res Audio with LDAC - Carry Pouch Included - Up to 75hrs Playtime (ANC On),309.22,,,
BATCTK9260,CTEK Comfort Connect 56-260 Adaptor Cable With M6 (6.4MM) Eyelet,11.95,,,
MPPSPB1305,Sansai TPE-7099H USB-C to 3.5mm Audio Splitter,13.8,,,
MPPGEN0605,iPhone 15 Privacy Glass Screen Protector Case Friendly,11.64,,,
TAABEL6522272,Belkin BOOSTCHARGE USB-C PD 3.1 PPS Wall Charger (Black) Single 25W,26.12,,,
CAADJI4993,DJI Mic Mini 2S Transmitter,102.25,,,
HSTRRS10020,"RockRose Solo MC 3.5MM In-Ear Headphones -  White, 120cm",5.35,,,
SWHUBI2403261,"Ubiquiti Unifi USW-Pro-Max-24-PoE 26-Port 10G L3 Managed Etherlighting PoE Switch (400W) - SFP+ x2, 2.5GbE PoE++ x8, 1GbE PoE++ x8, 1GbE PoE+ x8",1756.22,,,
MBDNZX11011,NZXT Z790 Matte Black ATX Motherboard Intel Socket LGA1700 - Z790 Chipset - PCIe 5.0 - 4x DDR5 DIMM - 3x M.2 - Back I/O: 7x USB - 1xType-C - 1x HDMI - Internal I/O: 1x USB 3.2 - 2x USB 2.0 - 1x Type-C - 2x 5V A-RGB - WiFi 6 + BT,312.8,,,
UNI1056,Unitek D1078A USB-C Bi-Directional Switch - Space Grey Supports up to 4K 144Hz - Supports up to 10Gbps Data Transfer &PD100W - Aluminium Housing with LED Indicator - Plug & Play,97.66,,,
EXMONDEL2401,"Dell U2412MB 24"" FHD Monitor (A-Grade Refurbished) 1920x1080 - IPS - DisplayPort - DVI - 18-Month Warranty - GreenMachine Certified Refurbished",169.0,106.51,36.98,CLEARANCE
KEYLOG5890419,Logitech Casa Pop-Up Desk - Nordic Calm,226.63,,,
MSERAZ87084,Razer Deathadder v3 Pro Wireless Gaming Mouse - White Edition,212.99,,,
HSTSHK05200,Shokz OpenFit AIR 2 Open-Ear True Wireless Headphones - Black Ultra-light with secure Earhook design - OpenBass 2.0 - IP55 Sweat & Water Resstant - Up to 8hrs Playtime/36hrs with Charging Case,189.24,,,
MONPHS421243,"Philips 24B2N3200JH/75 24"" FHD Business Monitor with Camera -   1920x1080 - IPS Panel - DisplayPort - HDMI - USB Hub - Height Adjustable - 100x100 VESA",263.35,,,
MPPINS859252,Insta360 Flow 2 Pro Phone Gimbal Stabilizer Creator Bundle / Stone Grey,298.15,,,
NBKHNB153106,"HP Victus 15-fb3106AX NVIDIA RTX 5050 Gaming Laptop 15.6"" FHD 144Hz - AMD Ryzen AI 7 350 - 16GB RAM - 512GB SSD - Win 11 Home - AX WiFi 6 + BT5.4 - IR Cam - USB-C (with PD) - Backlit Keyboard - 1Y Warranty",2507.79,,,
TOLPSK0037,"ProsKit MT-1280 3 5/6 Digital True RMS Multimeter, CAT III 1000V, AC True RMS, Large Capacitance Test",54.08,,,
CAAINS10502,Insta360 Mic Air 1 TX + 1 RX,134.84,,,
CCTMIX65465,Xiaomi C701 8MP/4K PT Indoor Wireless Camera (USB Charger Sold Separately) AI Detection / Dual-Band Wi-Fi 6,120.67,,,
HEABRR0102,Beurer EM49RS Replacement Pads for Menstrual Relax TENS & Heat,50.17,,,
HSTNTG10600098,Nothing CMF Buds 2 True Wireless Noise Cancelling In-Ear Headphones - Dark Grey - 11mm Drivers - -48dB Hybrid ANC  - Custom EQ - IP55 Sweat & Water Resistant - Google Fast Pair + Microsoft Swift Pair - Up to 7.5hrs playtime/32hrs with case,81.67,,,
MICBYA00012,Boya BY-M1 PRO II Omnidirectional Lavalier Microphone Compatible with iPhone Android Smartphone DSLR Camera Camcorder Audio Recorder (20ft Cable),47.24,,,
MPHOPP027970,OPPO Find X9 5G Dual SIM Smartphone - 12GB+512GB - Space Black,1849.07,,,
MPPBEL6312387,Belkin iPhone 16 Pro Max Tempered Glass Screen Protector Engineered from High-Quality Japanese Glass to Absorb Impact and Prevent Scratches.0.33mm thin,24.48,,,
WTAUNQ0000003,Uniq Apple Watch Series 11 (42mm) / Series 10 (42mm) Voute Watch Case - Black - 9H Curved Tempered Glass Screen Protector - Slim PC bumper,17.73,,,
WTHHUA204101,"Huawei Watch FIT 4 Pro Smart Watch - Blue with Flouroelastomer Strap 1.82"" AMOLED Display - 3000-nit Brightness - Up to 10 Days Battery Life - 40m Dive Grade Water Resistance - IP6X Dustproof Rating - Golf Maps - Built in GPS - ECG - 24/7 H",400.04,,,
TAATUC590022,"Tucano Satin Folio Case ( Dark Yellow ) for iPad Air 11""  ( M4/M3/M2 ) The Satin cover has an internal compartment to store your Apple Pencil - Military standard test approved",23.13,,,
CAADJI190021119109,DJI Flip Drone (DJI RC 2) (GL) Camera: 4K/60fps HD Video,690.28,,,
HEABRR0115,Beurer EM89 Digital TENS / EMS Device with Heat Function Pain Therapy (TENS) & Muscle Stimulation (EMS),277.69,,,
HSTSNY010011,Sony 1000X THE COLLEXION Premium Wireless Over-Ear Noise Cancelling Headphones - Platinum Silver 10th Anniversary Limited Edition - Luxurious Design & Materials - Exceptional Sound & Comfort - All-new Carbon Fibre Drivers - Precise Voice Ca,839.76,,,
MPPGEN0963,"iPhone 17 Pro (6.3"") Camera Lens Protector - Navy Blue Scratch Resistant - Matte Metal Plate - Easy to Install (1-Pack)",6.42,,,
NBKLEN830052,"Lenovo Legion 5 15IRX10 NVIDIA RTX 5060 Gaming Laptop 15.3"" WUXGA 165Hz Intel Core i7-13650HX - 16GB RAM - 1TB SSD - Win 11 Home - 1yr warranty",3119.12,,,
PTRCRL0131,Creality Accessories Multi-Colour Module Upgrade Kit Support CFS Module with Integrated Nozzle for Creality K1 / K1 Max / K1C / K1 SE,70.39,,,
TAABAS0051,"Baseus Smooth Writing 3 Wired Charging Stylus Active Tilt Sensitivity Version Moon White Specially designed for the iPad, 17 hours battery life and quick charging",50.54,,,
VGAZTC150610,Zotac NVIDIA GeForce RTX 5060 Ti TWIN OC 8GB GDDR7 Graphics Card PCIe 5.0 - 2 Slot - Minimum 650W PSU,830.3,,,
HOMMDE0022,Midea MDDP30 30L / Day Dehumidifier with 3L Water Tank,313.93,,,
MOASTT6266970,StarTech.com 14L61-PRIVACY-SCREEN 14in 16:10 Laptop Touch Privacy Screen,66.93,,,
MONVER32407,"Verbatim 32407  Portable Touchscreen Monitor 15.6"" Full HD 1080p Light",268.52,,,
MPPGEN0785,Galaxy S25 (2025) Flip Wallet Case - Black 3 Card Slots - Cash Compartment - Magnetic Clip,15.56,,,
MPPMOF905405,"MOFT Field Phone Wallet - Jet Black - Slim Magnetic/MagSafe Compatible Phone Wallet, Foldable High-Capacity Design, MOVAS Vegan Leather, RFID Protection",68.36,,,
MPPUGR75646,UGREEN UG-75646 FineTrack G Rechargeable 1pack Apple + Google,29.15,,,
NAPUBI7704,Ubiquiti UniFi U7-PRO-XG (BE11000) Tri-Band 6-Stream Wi-Fi 7 Access Point with 10GbE x1 (PoE+ 22W) - Black,479.48,,,
NBAAPP6388499,Apple 85W MagSafe2 Power Adapter (  for  Macbook Pro with Retina display ) -  (Mid 2012 to Mid 2016 ),128.36,,,
NBKAPP351351223,"Apple MacBook Air 13-inch - CTO Laptop with M5 Chip -  Starlight 16GB Unified Memory - 512GB SSD -10-Core CPU -10-Core GPU 16 Core Neural Engine -30W USB-C Power Adapter,2x Thunderbolt 4 ports, MagSafe 3 port, 3.5-mm Headphone Jack, Wi-Fi 7",2649.32,,,
PAPMIX66646,Xiaomi Portable Dye-Sublimation Photo Paper Stickers (50 Sheets) for Xiaomi Portable Photo Printer Pro,35.13,,,
JOYLOG3578503,Logitech Pro Flight Gaming Throttle Quadrant,133.95,,,
CABBEL4204976,Belkin Lightning to 3.5mm Audio Cable - 90cm - Black MFI-Certified - iPhone X / 8 / 8 Plus / 7 / 7 Plus,34.36,,,
FANLAN0062,"Lian Li UNI FAN SL Wireless 120 - 3 Packed Black, L-Wireless Controller Included",144.2,,,
MSEEVL1003,Evoluent VerticalMouse 4 VM4L Left Handed Vertical Ergonomic Wired Mouse,203.35,,,
HSTJBL6671173,JBL Tune 530BT Wireless On-Ear Headphones - Lavender Custom 33mm Drivers with JBL Pure Bass Sound - Lightweight & Foldable - Multipoint - Bluetooth 6.0 - Google Fast Pair + Microsoft Swift Pair - Up to 76 Hours Battery Life,74.21,,,
MVOSAM40552,Samsung MS40DG5504AGSA 40L Microwave Oven - Black Stainless Steel,252.15,,,
MPPBEL4876998,"Belkin BOOSTCHARGE Wireless Charging Stand 10W, Black",46.99,,,
MPPBEL4940763,"Belkin BOOSTCHARGE Wireless Charging Stand 10W, White",46.99,,,
MVRKWD0045,Kiwi Design for META Oculus Quest 2 / 3 / Vision Pro P4 Portable Carry Soft Case with Controller Carry Case,37.4,,,
CABBAS10012,Baseus Crystal Fast Charging Data Cable USB-C to USB-C 100W 1m Moon White (Car Charging Supported),9.37,,,
CCTEFY8360,Eufy Baby 2K WiFi Baby Camera Sound and Room Temperature Detection / Night Vision,205.17,,,
HUBBNE80059,Bonelk Long-Life USB-C 4-in-1 Multiport Slim Hub - Black,45.49,,,
NBKHNB150057I,"HP Laptop 15-fc0057wm 15.6"" FHD Touch AMD Ryzen 7 7730U - 16GB RAM - 512GB SSD - Win 11 Home",1908.39,,,
CAAINS61113,Insta360 Lens Cap for X4/ X5,12.06,,,
NETAS0792,ASUS PCE-BE92BT (BE9400) Tri-Band WiFi 7 + Bluetooth 5.4 PCIe Wireless Adapter,182.3,,,
MONAOC92766,"AOC AGON Pro AG276UZD 27"" 4K UHD 240Hz OLED Gaming Monitor 3840x2160 - 0.03ms - True Black HDR400 - HDMI 2.1 + DP 2.1 - USB-C 65W - G-Sync Compatible - Speakers - Height Adjustable - 100x100 VESA",1148.03,,,
KEYLOG5890418,Logitech Casa Pop-Up Desk - Bohemian Blush,265.43,,,
MEMCRU0811253,Crucial Pro OC 32GB (2x 16GB) DDR5 6400MT/s Desktop RAM - White DIMM - 6400MMT/s - CL38 - For Intel XMP and AMD EXPO,861.92,,,
HEABAN5041,Braun Silk-Epil 5 SE5041 Wet & Dry epilator,120.55,,,
HSACOM5312324,Comply (Assorted) TrueGrip Memory Foam Tips for Apple AirPods Pro 3 - Black - Assorted 3-pack (2x Small/2x Medium/2x Large) - compatible with AirPods Pro 3rd Generation,33.96,,,
KEYMCH1009,Mchose K99 v2 Tri-mode Wireless Mechanical Keyboard - Mountains Gradient Gasket Mount - Pre Lubed Linear Switches,142.52,,,
CABCUK000001,"CUKTECH 100W 5A 1.35m USB-C to 2 USB-Cs Fast Charging Braided Cable - Black- Max 100W Output - Single Port Max 100W Fast Charging Laptop - Fast Charging iPhone, Samsung Phones - Suppport Xiaomi 90W HyperCharge",31.88,,,
FANNZX0161,"NZXT F120 Core RGB White 120mm RGB FAN, Single pack, Requires NZXT RGB lighting Controller",44.62,,,
MOASTT4866896,"StarTech.com PRIVSCNMON27 Monitor Privacy Screen for 27"" PC Display - Computer Screen Security Filter - Blue Light Reducing Screen Protector Film - 16:9 WideScreen - Matte/Glossy - +/-30 Degree",137.16,,,
MPHOPP027971,OPPO Find X9 5G Dual SIM Smartphone - 12GB+512GB - Titanium Grey,1849.07,,,
MPPUNQ00000147,Uniq Galaxy S26 (2026) Magclick Charging Lifepro Xtreme Case - Crystal Clear - Slim Hybrid with Curved AirLite Corners - Raised Camera Lens Bezel - Compatible with Magnetic Wireless Charging,23.98,,,
TAAKOB428022,Kobo Libra Colour (2024) Notebook SleepCover Case - Sand Beige,46.18,,,
TOLLEC986858,"Leica Disto D2 2026 new ver sion Bluetooth ISO certified measuring engine high accuracy (1.5 mm / 1/16"") laser distance meter with a range of 100m (330')",270.33,,,
WKSPB42530,PB Family Series 42530 Desktop PC AMD Ryzen 5 9600X 6 Cores / 12 Threads - 16GB DDR5 RAM - 1TB NVMe SSD - AMD Radeon Graphics - AX WiFi 6 + Bluetooth - Windows 11 Home,1494.77,,,
WTHMIX78278,"Xiaomi Redmi Watch 6 Active Smart Watch - Sunset Orange 1.85"" AMOLED Display - Up to 18 Days Battery Life - IP68 Water Resistance - Bluetooth Calling - 24/7 Health and Sleep Tracking - 140+ Workout Modes",75.72,,,
ADPCXT2512,Cruxtec CT3H-8K-SG USB-C 3.2 to 3x HDMI Multi-Monitor Adapter - Supports Resolution up to 4K/60Hz,84.79,,,
ADPCXT2522,Cruxtec DT3H-8K-SG Multi-Display Adaptor From 1xDisplayPort v1.4 to 3x HDMI Ports 18Gbps,67.03,,,
CABPDY0065,PUDNEY P3732 CORDLESS PHONE BATTERY FOR UNIDEN BT446 800 Mah\nBT750,13.13,,,
CHSDNX0125,Dynamix Punch Down Tool for Krone   Blocks. Inserts & Cuts the Wire. Easy Push Down Action. Spring Loaded Mechanism. Includes Built-in Hook & Extractor.,13.66,,,
HEASKG0006,SKG Neck Massager with Heat Function & Vibration,54.72,,,
HEATYM0002,TYMO HC101 Ionic Hair Straightening Brush - Black,87.23,,,
KEYLOG6705303,Logitech Signature Solar+ Wireless keyboard K980 - Graphite,137.91,,,
MEMCRU0811221,Crucial 32GB DDR5 Desktop UDIMM RAM - 5600MT/s - CL46 - AMD EXPO / Intel XMP,671.37,,,
MONPHS523141,"Philips 24B2U3301H/75 24"" FHD USB-C Docking Monitor With Built-in Camera - 1920x1080 - DisplayPort - HDMI - USB-C 90W- DP Out , RJ45 - Speaker - USB 3.0 Hub - Height / Swivel / Tilt Adjustable - 100x100 VESA",359.95,,,
MPPBAS01111,Baseus GoTrip Series Bike Phone Mount Cluster Black,19.76,,,
TAABEL6522270,Belkin BOOSTCHARGE USB-C PD 3.1 PPS Wall Charger with USB-C cable (White) Single 25W,38.24,,,
BATENG696500,Energizer A23 Specialty Batteries - 4 Pack,10.65,,,
CABBTS7476,Beats USB-C to Lightning Woven Short Cable (20 cm) - Bolt Black,27.24,,,
CCTMIX8618,Xiaomi Base Station for BW500 & BW300 Up to 4 Cameras - Up to 256G MicroSD,47.36,,,
FANLAN00701,"Lian Li FLEX TL120 Reverse Black Single Package, Controller Required",40.89,,,
KEYAUL2003,Aula S500 Zoned RGB Gaming keyboard - Gray Blue White Blue Switch,43.87,,,
MPPSAM000143,Samsung Galaxy A57 (2026) Silicone Case - Violet,30.7,,,
NBGINC6336008,"Incase Go Laptop Sleeve for 16"" Laptops - Black",47.21,,,
NETTPL4021220,TP-Link Archer MR402 4G LTE CAT4 AC1200 WiFi 5 Router 1GbE x4 / Nano-SIM Slot / SMA x2 for External Cellular Antenna,177.64,,,
SEVMIX5061811,Xiaomi Original Electric Scooter 4 Pro Gen2 / 5 Power Adapter Charger C002470004500 For HEAMIX50618/HEAMIX48067,46.75,,,
KEYRAP1050,Rapoo E1050 Wireless Keyboard,22.13,,,
KEYRAZ112977,Razer BlackWidow v4 Low-profile Wireless Mechanical Gaming Keyboard - Razer Yellow Linear Switch,370.54,,,
CAMINS1015,"Insta360 Ace Pro 8K Action Camera Leica f/2.6 Lens - 90-Minute Runtime - 10M Waterproof - 1/1.3"" 48MP Sensor - Active HDR Capture",488.69,,,
CHAPHA1010,Phanteks EVOLV Series X2 Tempered Glass Window ATX Case - DRGB - Black CPU Cooler Support up to 170mm - GPU Support up to 380mm - 8x PCI Slots - 360mm Radiator Support - Front I/O: 2x USB - 1x USB-C - HD Audio,204.7,,,
HOMEFY8512,Eufy Security C33 Lever Smart Lock with Fingerprint - Nickel Bulit-in WiFi / Fingerprints x50 / IP53 Weather Resistence / Fire-Resistance / 365-Day Battery Life with 8 x AA Batteries,303.97,,,
INKBAM0012,Bambu Lab PLA Metal Filament - Cobalt Blue Metallic 1kg - 1.75mm - Metal Surface Texture & Metallic Shine Relatively High Impact Strength - 13600,42.83,,,
MPHLEC0170000,"Leica Leitzphone 5G (2026) by Xiaomi Dual SIM Smartphone - 16GB+1TB - Black - 6.9"" 120Hz HyperRGB OLED Display- Snapdragon 8 Elite Gen 5 Chipset-Leica Mechanical Camera Ring - Leica Triple Camera System -90W HyperCharge - Xiaomi HyperAI - I",2462.0,,,
INKBRT04328,Brother LC432XLY Ink Cartridge - Yellow High Yield - 1500 Pages for Brother MFCJ5340DW / MFCJ5740DW / MFCJ6540DW / MFCJ6740DW / MFCJ6940DW Printer,54.58,,,
MPPAPP0664102,Apple iPhone 17 Pro Max Silicone Case with MagSafe - Terra Cotta Soft Touch Finish,84.3,,,
MPPTOR00000164,Torras Galaxy S25 5G Guardian Case - Black 3.6m Military Grade Drop Tested - Translucent Slim,29.24,,,
SPKBLA00202,BlueAnt X2i 20W Wireless Portable Bluetooth Speaker - Crimson Red IP56 Splash-Proof Design - Studio-Engineered Tuning - Stereo Pairing - Shimmerweave Metallic Fabric Finish - Bluetooth 5.3 + 3.5mm Aux Input - Up to 12hrs Playtime,62.23,,,
HSTNZX0002,NZXT Relay 7.1 Surround Wired Gaming Headset - White,109.0,,,
CABBEL6216929,Belkin BoostCharge Braided USB-C Cable - 15cm - White,17.24,,,
FANNZX0171,NZXT F Series 240 RGB Core PWM Fan single frame with Two Fans White,66.47,,,
MPPTOR00000277,Torras Galaxy S26 Ultra Guardian Magnetic Case - Black - Magnetic Wireless Compatible - Camera Protection - Matte Translucent Back - Military Grade Drop Protection,29.03,,,
MPPUNQ00000160,Uniq Galaxy S26 (2026) Optix Vivid Tempered Glass Screen Protector - Clear 9H Tempered Glass - Ultra HD Pixel Display - Up to 1.8m Impact Tested - Oleophobic Anti-Fingerprint Coating - Anti-Dust Filter Protection - DustRepel Anti-Static Sur,16.25,,,
TAALOG5667426,"Logitech Rugged Folio Keyboard Case for iPad 10.9"" (10th Gen & A16) - Grey",190.74,,,
TAALOG6228461,"Logitech Combo Touch iPad Keyboard Case with Trackpad for iPad Pro 11"" M4 & M5 - Graphite",264.59,,,
MPPSGP08700,Spigen Essential 30W Dual Output Car Charger - Black 2x USB-A,15.5,,,
TAALOG5665255,Logitech Crayon Digital Pencil For iPad with USB-C,133.72,,,
MPPTOR00000218,"Torras iPhone 17 Pro Max (6.9"") 2025 Ostand Spin Case - Black Full Camera Control Button Coverage - Fit for MagSafe - Mil-STD Protective - 360° Spin Kickstand",42.47,,,
CAAGPO1519,GoPro Shorty (Mini Extension Pole + Tripod) Compatible with GoPro,66.68,,,
FANNZX04402,"NZXT Aer F Static Pressure F140 White 140mm Single Case Fan,",31.87,,,
BAPMOP01110787,Mophie Powerstation 20000mAh 20W 3-Output Power Bank -Black Input 18W / Output 20W / 18W USB-A / 20W USB-C,78.91,,,
MPHAPP841020,Apple iPhone Air - 1TB - Space Black,3359.04,,,
KEYLBK1008,LEOBOG Hi75c PRO 75% Tri-mode Mechanical Keyboard - Black Space Aluminium Alloy Cover - Linear Switch - RGB - Hot Swappable - Gasket Mount,96.8,,,
NBKMSI141427,"MSI Modern 14 F1MG-427NZ 14"" FHD Laptop Intel Core 7 150U - 16GB RAM - 512GB SSD - Win 11 Home - 1Y Warranty - AX Wi-Fi 6E + BT5.3",1376.55,,,
HSTBAS0203703,Baseus Bass BH1 NC Wireless Over-Ear Noise Cancelling Headphones - Cosmic Black - Real-time -45dB Adaptive ANC - Fully foldable design - Hi-Res Audio with LDAC - SuperBass 2.0 - CloudComfort ear cushions - 5-mic AI clear calls - Up to 55hrs,95.54,,,
WTHHIF81848,"HiFuture Ultra3 Pro Smart Watch - Black 2.0"" Display - IP68 Water Resistance - Up to 7 Days battery Life - IP68 Water Resistance - Health and Fitness Tracking - 100+ Sports Modes - Bluetooth Calling - Stainless Steel",134.12,,,
ADPSAC0032,"SATECHI Slim USB-C MultiPort Adapter - Space Grey - 1x USB-C PD port 100W, SD & MicroSD Card Reader, USB-A 3.2 Port, USB-A 2.0 Port, HDMI Video Port (4k60Hz)",100.66,,,
CAACNN1520519,Canon LPE10 BATTERY PACK LP-E10,61.03,,,
CABBEL6677364,Belkin BoostCharge USB-C to Lightning Cable - 1m - Black,26.12,,,
MPPMOF902503,"MOFT Snap iPhone Tripod Stand & Wallet - Navy Blue - MagSafe Compatible - 3-in-1 Slim Magnetic Wallet with Foldable Phone Tripod Stand, MOVAS Vegan Leather, Hands-Free Shooting & Viewing",65.69,,,
WTHHUA204102,"Huawei Watch FIT 4 Pro Smart Watch - Green with Nylon Strap 1.82"" AMOLED Display - 3000-nit Brightness - Up to 10 Days Battery Life - 40m Dive Grade Water Resistance - IP6X Dustproof Rating - Golf Maps - Built in GPS - ECG - 24/7 Health Mon",422.83,,,
MPPUNQ00000200,"Uniq iPhone 18 Pro Max (6.9"") 2026 Glass Screen Protector - Clear Crystal-Clear Visuals - True Clarity & Seamless Protection - Includes Applicator Frame - 9H Tempered Glass",14.0,,,
MPPUNQ00000215,"Uniq iPhone 18 Pro (6.3"") 2026 Combat Case - Blanc White - Magsafe Compatible - Tough All-Round Shield with 3-Tier Defense - Raised Lens Bezel to Shield Back Camera",24.07,,,
HOMRBK0088R,"Roborock Remanufactured Q Revo Edge C White Vacuum Cleaner with Multifunction Dock 18,500 Pa Suction - 100% Hair Removal Rate, 0% Hair Tangling Rate, 1.85mm Along the Edge, 98.8% Edge Coverage, 60°C hot water Mop Wash, 2.7L Dust bag. /PB 6",974.26,835.3,14.26,CLEARANCE
PTRMKB0014R,xTOOL Remanufactured Accessories Desktop Smoke Air Purifier for xTool F1 / M1 Ultra /PB 6 mths warranty,476.25,452.43,5.0,CLEARANCE
DVAAMZ13988,Amazon Fire TV Stick 4K Select,107.06,,,
HEABRR0130,Beurer HK126 - Extra soft and snuggly with 3 Cosy Heat Pad Temperature settings that offers the perfect heat setting for everyone - Heating pad/cover: machine-washable at 30°C,96.53,,,
HSTASU1008,ASUS ROG Kithara Gaming Headset ROG-Tuned 100mm HIFIMAN Planar Magnetic Drivers,449.16,,,
MONSAM72602,"Samsung Odyssey G6 27"" QHD 350Hz Fast IPS Gaming Monitor 2560x1440 - 1ms - HDR400 -  HDMI 2.1 + DP 1.4  - Nvidia G-Sync Compatible - Height Adjustable Stand - 100x100",487.8,,,
TAABEL6394013,Belkin BoostCharge Compact USB-C Wall Charger 30W with USB-C cable with Lightning Connector,41.74,,,
TVSSM52555,"Samsung HU8000F 55"" UHD 4K Hotel TV -  LYNK Cloud, Google Cast, AirPlay, TEP, SmartThings Pro, AirSlim Design",919.77,,,
BAPCUK010031,CUKTECH No.10 PLUS 15000mAh 120W 3-Output Laptop Power Bank with Smart Display (CCC-Certified) - Black Input 100W / Output 120W / 33W USB-A / 120W USB-C,91.37,,,
BAS19700,Baseus Matrix HDMI Switcher (2-in-1 or 1-in-2) - Space Gray,26.89,,,
BATPAN3008,Panasonic CR-2W/1BE original  CR-2W 3V Photo Lithium  Camera Battery CR2,10.36,,,
CABAKR80511,ANKER PowerLine 544 USB-C Cable - 90cm - Black Bio-Nylon,14.1,,,
CABCXT02330,Cruxtec 3Pin Plug to IEC-C13 Female AC Power Cable - 3m - Black 10A - SAA Approved - 1.0mm Copper Core,11.21,,,
CAMINS0008,Insta360 GO 3S Action Camera - Arctic White 128GB Edition - Recording Up to UHD 4K Video and Photos - FlowState 6-Axis Gyro Stabilization,614.49,,,
PSUFSP10410,FSP VITA GM 750W ATX 3.1 Black Full Modular 80 Plus Gold Power Supply 120mm Fan - MEPS Ready - Native 16 Pin Connector - 10 Years Warranty,174.22,,,
PSUXPG0012,"ADATA XPG KYBER II 850W 80 Plus Gold ATX 3.1 Power Supply 80 Plus Gold- MEPS Ready - Fixed Cable - 12V-2x6 X 1 , 5 Years Warranty",154.68,,,
PTRBRT05210,Brother HLL-5210DW Mono Laser Printer Duplex - for Small Business / Education,358.67,,,
SWHTPL10050,TP-Link TL-SG1005LP 5-Port Gigabit Desktop PoE Switch with 4-Port PoE+ (Max 40W),69.13,,,
TAANCE411012,NICE Foldable Stand Case for Kindle PaperWhite (11th Gen 2021-2022 Model) - Blue,13.25,,,
SPKEDI00700R,"Edifier Remanufactured B700 175W 5.1.2 Dolby Atmos Soundbar System with 8"" Wireless Subwoofer HDMI eARC + 2x HDMI in (4K HDR10+/Dolby Vision) - Bluetooth + 3.5mm Aux + Optical + Coax - Slim & Wall-Mountable /PB 6 mths warranty",411.76,353.03,14.26,CLEARANCE
TABLEN833000,"Lenovo Legion Go S 8"" WUXGA Touch 120Hz Display Handheld Gaming System AMD Ryzen Z2 Go - 16GB RAM - 512GB NVMe SSD - AMD Radeon Graphics - WiFi 6E + BT5.3 - MicroSD Reader - USB-C 4.0 - Windows 11 Home",1175.16,,,
CCTEFY122202,"Eufy Security SoloCam S220 2K Outdoor Wire-Free Battery Solar Camera Kit - 4 Pack 6,500 mAh Battery last up to 120 Days / Homebase3 with 16GB Storage / AI Recognition",1079.96,,,
JAC1029,"Jackson PTA929M  Slim Inbound Travel Adaptor for use in NZ/AUS - Europe, USA and Parts of AsiaPlugs",6.3,,,
MPPAPP0664126,Apple iPhone 17 Pro Max Silicone Case with MagSafe - Black Soft Touch Finish,84.3,,,
MPPUNQ00000008,"Uniq iPhone 16 Pro (6.3"") Air Fender Case - Grey Tinted Lightweight - Raised Lens Bezel to Shield Back Camera",9.84,,,
MSERPO1022,Rapoo N100 Wired USB Mouse - White,9.26,,,
SPKJBL6503452,JBL Go Essential 2 IP67 Waterproof Portable Bluetooth Speaker - Black Rich Original JBL Pro Sound - Up to 5 hours of playtime,40.53,,,
CCTEZV824032,EZVIZ EP3x Pro 3MP/2K Dual-lens Outdoor Wire-Free Battery Video Doorbell with Spotlight & Solar Panel Hybrid Powered - Solar & Hardwire - Human & Package Detection - 32G Local Storage,239.95,,,
HSTSCD000253,Skullcandy Icon ANC Wireless On-Ear Noise Cancelling Sports Headphones - Bone White IPX4 Sweat & Water Resistant - Rugged & Durable - Adjustable Stay-Aware Mode - Skullcandy App for iPhone & Android - USB-C Fast Charging - Up to 50hrs batte,124.75,,,
MPHMIX01115300,"Xiaomi Redmi Note 15 Pro+ 5G (2026) Dual SIM Smartphone - 8GB+256GB - Black - 6.83"" 1.5K 120Hz CrystalRes AMOLED Screen - Snapdragon 7s Gen 4 Chipset - 100W HyperCharge - IP66/IP68 Water Resistance - 200MP Camera with OIS - 6500mAh Battery",739.85,,,
MPPCYG62170,Cygnett CeramicSheild Advanced Glass Screen Protector for iPhone 17,29.5,,,
HUBVLR0861,Valore MH-014 10-in-1 USB-C Hub with Multimedia Function 2x USB-A 3.0 : 5Gb/s - 1x PD:100W - 1x DATA:5Gb/s - 1x HDMI:4K/60Hz - 1x RJ45: 100/1000M - 1x TF2.0:  480Mbps - 1x SD2.0:  480Mbps - 1x Audio:3.5mm - 1x Host:type-c 5G,70.37,,,
ADPPRM1041,"Promate MEDIALINK-H2 4K USB-C Connector to Dual HDMI Adapter. Compatible with All USB-C Output Devices Including Win, iOS, & Android. Easy Plug & Play. Grey",62.63,,,
AUDBYA4394,Boya BY-K9 3.5mm Female TRRS to Male USB-C Adapter Cable (6cm),22.36,,,
BAS41658,Baseus Enjoyment Pro 60W USB-C Car Charger with Retractable USB-C Cable - Cluster Black,22.98,,,
CABUGR70159,UGREEN UG-70159 HDMI 2.0 Cable - 2m - Black Flat,7.2,,,
MPPBEL6292229,Belkin Waterproof Secure Holder with Key Ring for AirTag - Blue,16.78,,,
TAAAPP835021,"Apple Magic Keyboard for  iPad Air 13"" ( M4/ M3 ) - White",549.27,,,
MPPTOR00000107,"Torras iPhone 16 (6.1"") Ostand Case - Clear MagSafe Compatible - Horizontal / Vertical & Felexible Ostand",48.45,,,
TAAAPP6225538,"Apple Magic Keyboard for iPad Pro 11"" ( M5/ M4 ) - White",564.17,,,
TAABEL5737058,Belkin BoostCharge 30W UBS-C PD 3.0 Car Charger with USB-C to Lightning Cable,26.0,,,
TABMST12311051211,Microsoft Surface Pro 13-inch  (12th Edition) - ( Black ) - Snapdragon X2 Plus (10 Core) - 16GB RAM - 512GB SSD - Windows 11 Home,2990.54,,,
AUDBYA2001,"Boya BY-V1 (2.0) 1 x TX + 1 x RX Next-Gen Dual-Channel Wireless Microphone (Lightning plug) The BY-V series is an upgraded dual-channel wireless microphone. Lightweight and portable and featuring smart noise concellation technology, it deli",51.47,,,
HEALFN90070590,Laifen Swift 4 1HD51-S-AU-SL-001 High-Speed Hair Dryer - Platinum,303.77,,,
MBDASU61337,"ASUS B760M MAX GAMING WIFI mATX Motherboard Intel Socket LGA1700 - B760 Chipset - PCIE 5.0 - 2x M.2 - 4x DDR5 DIMM, 2x Internal Type-C Header - 2x Internal USB 2.0 Header - 2x Internal USB 3.2 Header - WiFi 6 + BT",228.85,,,
MVRXRL0002,"Xreal One Pro L AR Glasses XREAL X1 Chip - Native 3 DoF - Up to 171"" Spatial Screen with 57° FOV - Expanded Visual Experience - Expanded Compatibility - Optic Module 4.0 - Sony Micro OLED 0.55"" - IPD 66-75mm",1070.02,,,
SWHTPL10105,TP-Link TL-SX105 5-Port 10G Desktop Switch,476.1,,,
TABMIX78775,"Xiaomi Redmi Pad 2 9.7 WiFi Tablet - Silver - 4GB+128GB - - 9.7"" 2K 120Hz Crystal-Clear display - 7600mAh Battery - Snapdragon 6s Gen 2 Chipset - Xiaomi HyperOS 3 - Circle to Search with Google",352.8,,,
ADPSPB0907,Sansai STV-907AC USB Travel Adapter - Other Countries to NZ / AU,18.61,,,
CABUGR10203,UGREEN UG-10203 DisplayPort to HDMI Cable - 3m - Black,22.26,,,
FANNZX02201,"NZXT Aer 2 F120 RGB Black 120mm Triple Starter Pack, RGB, PWM, RGB Controller Included",102.92,,,
KEYGLO5001,Glorious GMBK 75% Wired Membrane Gaming Keyboard - Black,86.12,,,
NAPUBI4461001,Ubiquiti UniFi U6-Mesh-Pro (AX3000) WiFi 6 Dual-Band 4-Stream Access Point with 1GbE x2 (PoE 9W),451.67,,,
MPPUNQ00000212,"Uniq iPhone 18 Pro (6.3"") 2026 Lifepro Xtreme Case - Tinted Black - Magsafe Compatible - Tough All-Round Shield with 3-Tier Defense - Raised Lens Bezel to Shield Back Camera",20.06,,,
ADPCXT2492,"Cruxtec CMH05-SG USB-C 5-in-1 Mini Docking - 1x HDMI 4K , 3x USB3.0 ,  USB-C 100W Power Delivery Port",30.51,,,
ADPSTT3360989,StarTech.com USB2CUBADP USB-C to Micro-USB Adapter - M/F - USB2.0,6.0,,,
CAAINS04002,Insta360 X4 Air Standard Lens Guards,40.38,,,
CHSLAN0011,Lian Li STRIMER WIRELESS DUAL 8P Addressable RGB Power Extension Cable with Wireless Control - LED Strip - Wireless Controller NOT Included; a controller is required for use (PW8-1W),96.42,,,
MPPSPB2623,Sansai CAT-1703 Bluetooth 5.0 USB-A Adapter,8.91,,,
NBAAPP6388498,Apple Original Power Adapter Extension Cable,36.25,,,
NBKASU1607052,"ASUS Vivobook 16 D1607GA Copilot+ PC 16"" WUXGA AMD Ryzen AI 7 445 - 16GB RAM - 1TB SSD - Win 11 Home - AX WiFi 6 + BT5.4 - IR cam - USB-C (with PD & DP) - HDMI2.1 TMDS",1676.58,,,
BULYEE0084,"Yeelight Colourful RGB Smart Lamp Cube Lite Seamless Design, Ready-to-Use Clock, Text, Emoji Modes & 20+ Lighting Effects",94.0,,,
CABBEL6645325,Belkin BoostCharge USB-A Cable with Lightning Connector ( White ) - 1m,22.24,,,
CABCXT60122,Cruxtec 2m USB-C to USB-C Cable for Syncing & Charging - 480Mbps - 240W,11.64,,,
CAMINS7425,Insta360 GO 3S Action Camera - Arctic White 64GB Edition - Recording Up to UHD 4K Video and Photos - FlowState 6-Axis Gyro Stabilization,569.25,,,
IPHGSM1102,"Grandstream WP816 Cordless Wi-Fi IP Phone 1.8"" Color LCD / Dual-band Wi-Fi 6 / 2 SIP Accounts / 2 Lines / Bluetooth / USB-C Fast Charging / 6-hour Talk Time / HD Dual-MIC",133.62,,,
KETSAM66005,Samsung DW60M6055FS Freestanding Dishwasher - 14 Place Setting - Silver,879.15,,,
MPPGEN0980,Xiaomi Redmi 15C Rugged Kickstand Case - Black 360° Rotate Ring,14.87,,,
MPPUNQ00000180,"Uniq iPhone 17 Pro (6.3"") 2025 Optix AeroShield Camera Protector - Clear - 1.52 mm Ultra-Slim Shield - Lightweight - Full Camera Plateau Coverage - Easy Installation with Built-in Applicator",9.76,,,
TAAZAG103120738,"ZAGG Tough Keys Keyboard for iPad 11"" A16  &  10th Gen 10.9"" with TrackPad USB-C Direct Connection",197.74,,,
TABMIX65538,"Xiaomi Redmi Pad 2 WiFi Tablet - Graphite Gray - 4GB+128GB - 11"" 90Hz 2.5K Eye-care Display - MediaTek Helio G100-Ultra Chipset - 9000mAh - Quad Speakers - Support Dolby Atmos - Xiaomi HyperOS 2",397.8,,,
HUBVLR10020,Valore 6-in-1 USB-C 3.2 HDMI Hub,41.4,,,
MPHSAM0497602,Samsung Galaxy Z Fold8 Ultra 5G Dual SIM Smartphone - 12GB+256GB - Violet Shadow,3443.1,,,
AUDROD000,RODE PSM1 Shock Mount for Rode Podcaster Microphone,87.79,,,
CCTRLK122401,Reolink Argus Eco Ultra 8MP/4K Outdoor Wireless Battery Camera with Solar Panel 21.6Wh rechargeable battery / Smart detection / Dual-band WiFi / Time Lapse,286.07,,,
FANLAN0063,"Lian Li UNI FAN SL Wireless 120 - 3 Packed White, L-Wireless Controller Included",150.63,,,
MEMKHX328708,Kingston Fury Beast 32GB DDR5 Desktop UDIMM RAM 1x 32GB - 5600MT/s - CL36 - AMD EXPO / Intel XMP,827.42,,,
WTAZAG200320275,ZAGG Samsung Galaxy Watch8 (44mm) InvisibleShield Fusion Screen Protector,23.08,,,
WTRNZX1101,"NZXT Kraken 280 280mm AiO Water Cooling with 1.54 inch square LCD Display, for Intel Socket LGA 1700 / 1200 / 115X, AMD AM5 / AM4",246.68,,,
WTHUHN29661R,ULTRAHUMAN Remanufactured Ring AIR Smart Ring - Bionic Gold - Size 11 Sleep and Fitness Tracker - Smart Ring for Men and Women - No app fee for Standard Features - Up to 6 Days Battery Life /PB 6 mths warranty,486.76,396.47,18.55,CLEARANCE
TAABEL4825007,Belkin 24W Dual USB-A Car Charger - Black,22.23,,,
AUDROD0150,"RODE X XCM-50 Condenser Microphone USB-C , Advanced DSP for Gaming & Streaming, Highly Detailed Voice Reproduction",228.79,,,
CAMFUJ523744,Fujifilm Instax Pal Digital Camera - Blue,42.0,,,
MPHMIX03017310,"Xiaomi 17T Pro 5G (2026) Dual SIM Smartphone - 12GB+512GB - Black - 6.83"" 144Hz eye-care AMOLED Display - Leica 5x Telephoto - MediaTek Dimensity 9500 Chipset - 7000mAh Battery - 100W HyperCharge - IP68 - Wi-Fi 7 -",1320.06,,,
MPPMOP0000002,"Mophie 3-in-1 Premium Wireless charging stand - Black, for iPhone, Apple Watch, AirPods - Compatible with iPhone 14/13/12/SE",96.99,,,
MPPSAM000053,Samsung Galaxy S25 Kindsuit Case Black,62.7,,,
SPKEDI2002,"Edifier G2000 PRO 32W RGB Desktop Gaming Speakers with Bluetooth 5.4 - White USB-C + USB-A + 3.5mm Aux + Bluetooth inputs - 7.1 Virtual Surround Sound - Transparent RGB design - Game, Music & Movie EQs -",152.0,,,
TAABEL6515711,Belkin BoostCharge USB-C PD Car Charger + USB-C Cable 30W,34.36,,,
WTAGEN0174,"42mm/41mm/40mm/38mm - Pink Nylon Strap for Apple Watch , Compatible with Apple Watch Series 11/10/9/8/7/6/SE/5/4/3/2/1/SE",13.1,,,
BAS29434,Baseus Ultra Control Pro Series Clamp-Type Car Holder Set - Cluster Black,27.08,,,
BAGPGY032,PGYTECH OneMo 2 Backpack 35L (Space Black),308.75,,,
BAS16830,Baseus Stable Gravitational Car Mount Lite (Air Outlet Version) - Black,12.02,,,
HEABRR0109,Beurer Beauty HT80 Rotating Hot Air Styling Brush for Volume & Sleek Waves Integrated Ion Function - 2 Brush Attachments - Heat & Speed Settings - Clockwise & Anti-clockwise Rotation,83.56,,,
PADRPO1002,Rapoo V10S Gaming Mouse Pad,14.1,,,
WTAUNQ0000001,Uniq Apple Watch Series 11 (42mm) / Series 10 (42mm) Voute Watch Case - Silver - 9H Curved Tempered Glass Screen Protector - Slim PC bumper,16.82,,,
MPPSKC00006R,"SKYCUT Remanufactured Screen protector cut and applicator machine App Control & Built-in System LCD Touch Screen: 5.5"" HD with system - Connection: Wifi / Bluetooth- Max Media Width: 235mm - Max Cutting Width: 213mm - Pump pressure: 100K",673.75,577.66,14.26,CLEARANCE
MPPTOR00000222,"Torras iPhone 17 Pro Max (6.9"") 2025 Ostand Spin Case - Clear Full Camera Control Button Coverage - Fit for MagSafe - Mil-STD Protective - 360° Spin Kickstand",52.42,,,
CAAINS62950,Insta360 Flow 2 Pro Smartphone Gimbal Stabilizer AI Tracker Bundle (Summit White),270.51,,,
INKBRT3585299,Brother LC3329XLY Ink Cartridge - Yellow High Yield - 1500 Pages for MFCJ5930DW  / MFCJ6935DW Printer,41.94,,,
LUI1015,"Bracom DTM94-C024UC FlexPrecision Cost-Effective Gas Spring Dual Monitor Arm with USB Ports White 17""-35""",122.57,,,
MSERAZ113770,Razer Deathadder v4 Pro Wireless Gaming Mouse - NiKo Edition 56g Ultra Lightweight - Optical Scroll Wheel - Optical Switches Gen.4 - 45K Optical Sensor Gen.2 - 150 Hr Battery - 8K Polling,303.97,,,
SEVMIX5061510,Xiaomi Original Electric Scooter 5 Max Power Adapter Charger C0024700001GL For HEAMIX50615,39.4,,,
TAABAS0002,"Baseus UltraJoy Series 7-Port Hub Docking Station 4K Fast Charging, 100W PD, 2 USB 3.0 Ports, HDMI 4K60Hz, RJ45 1000Mbps, SD/TF Card Reader - Grey",73.47,,,
TAABEL4835426,Belkin 24W Dual USB-A Wall Charger with Lightning Cable,34.17,,,
MPPAPP9885518,Apple iPhone 16 Pro Max Silicone Case with MagSafe - Ultramarine Soft Touch Finish,83.98,,,
FANNZX04403,"NZXT Static Pressure Black 140mm Single Case Fan,",31.87,,,
FANTRX0006,"TRYX ROTA SL ARGB Reverse 120mm Fan, Triple Pack , White",89.75,,,
HOMSLG0011,Schlage Resolute Smart Mortice Lock - Matt Black,432.96,,,
MONMSI427240,"MSI MAG 272QPW QD-OLED X28 27"" QHD 280Hz OLED Gaming Monitor - White - 2560x1440 - 0.03ms - DisplayPort - HDMI 2.1 - HDR400 True Black - Height / Swivel / Tilt Adjustable - 100x100 VESA",1046.8,,,
MPPBAS65944,Baseus PicoGo Series 2-in-1 Magnetic Wireless Charger Qi2 67W Cosmic Black (USB-C to USB-C 100W Cable,77.67,,,
SPKIDC1009,"IDANCE Groove-X Portable Bluetooth Party Speaker with Party Lights & Microphone 8-in-1 karaoke party system Bluetooth, USB, AUX, or MP3.",160.78,,,
TAAAPP6225529,Apple Smart Folio for iPad Pro 13-inch  ( M5/M4 )  - Denim,168.75,,,
POSHON1880R,Honeywell Remanufactured CT37 1-BAY DOCK. For devices with boot /PB 6 mths warranty,270.65,209.43,22.62,CLEARANCE
CABRRS28260,RockRose Hercules Reign 100W 6-in-1 Charging Cable - 1m Full Metal Design - USB-A / USB-C / Lightning to USB-C - With Mini Electric Coil Lighter & Mini Lamp Attachments,24.21,,,
CAMFUJ16828868,Fujifilm X-T50 Mirrorless Camera with 15-45mm f/3.5-5.6 Lens - Silver 40.2MP APS-C X-Trans CMOS 5 HR Sensor - 7-Stop In-Body Image Stabilization - 20 Film Simulation Modes - 4K 60p - 6.2K 30p 4:2:2 10-Bit Video,2603.16,,,
CAMRAZ113249,Razer Kiyo v2 X Streaming Webcam,156.78,,,
CAMSNY2020,"Sony ZV-1F Vlog Camera 20.1MP 1"" Exmor RS BSI CMOS Sensor - ZEISS 20mm-Equivalent f/2-f/8 Lens - UHD 4K30p Video Recording",733.44,,,
HSTBTS0450854,Beats Powerbeats Fit Premium True Wireless Noise Cancelling Sports Earbuds - Power Pink Secure-fit Wingtips - IPX4 - Advanced ANC & Transparency Mode - Custom 9.5mm Drivers - Apple H1 Chip - Adaptive EQ - Up to 7hrs playtime/30hrs with char,293.92,,,
HUBBNE80044,Bonelk Long-Life 3-in-1 Multiport Hub - Black 1x HDMI Output & 1 x USB-A Port,49.25,,,
IPHYLK5190367,Yealink WH66 Mono DECT Wireless Headset - Teams Certified 2-Mics Noise Cancellation / Busy Light / Up to 120m Distance / Up to 7-Hour Talk-time,259.92,,,
JOY8BDBM4489,8Bitdo Ultimate 2C Wireless Bluetooth Controller for Nintendo Switch (Pink) Extra Bumpers and Non-linear Digital Trigger,45.37,,,
LASBRT03615,Brother TN3615 Ultra High-Yied Toner Cartridge - Black 18000 Pages - for Brother HL-L6210DW / MFC-L6915DW / MFC-L5915DW Printer,262.94,,,
MICUGR65629,UGREEN UG-65629 USB Desktop Microphone,53.38,,,
MPPTOR00000272,Torras Galaxy S26 Ultra Ostand Q1 Slim Case - Clear - Magnetic Wireless Compatible - Open-Edge Design - Strong Magnetic - Slim - Protective,33.17,,,
MPPTOR00000273,Torras Galaxy S26 Guardian Magnetic Case - Black - Magnetic Wireless Compatible - Camera Protection - Matte Translucent Back - Military Grade Drop Protection,29.03,,,
MSEINC6276379,Incase Designed by Microsoft Mobile Mouse 1850 - Black,27.8,,,
NBKDEL6623226,"Dell Pro 14 Business Laptop AI 14"" FHD+ AMD Ryzen AI 5 PRO 340 - 16GB RAM - 512GB SSD - Win 11 Pro - 1Y Onsite Warranty",2069.31,,,
BULYEE0081,"Yeelight Smart RGB LED Light Strip 2M Cuttable low Power Consumption, Remote Control, (Extendable up to 10m) AUS/NZ Version",44.75,,,
CAADJI000005,DJI Action Hanging Neck Mount,90.29,,,
HEASKG0010,SKG Cordless Back & Neck Massage Pillow with Dual Sided Heat,141.5,,,
LASHPL5332548,HP 210A Toner Cartridge - Cyan 1800 Pages - for HP Colour LaserJet Pro SFP 4201DN / 4201DW / MFP 4301DW / +4301FDW Printer,234.86,,,
MEMKIN5719647,Kingston 8GB DDR5 Desktop UDIMM 5600MT/s Non-ECC CL46 UDIMM,220.8,,,
MPPSAM0000169,Samsung Galaxy S26 Ultra Carbon Magnet Case - Black,101.58,,,
MPPUNQ00000162,Uniq Galaxy S26+ (2026) Optix Vivid Tempered Glass Screen Protector - Clear 9H Tempered Glass - Ultra HD Pixel Display - Up to 1.8m Impact Tested - Oleophobic Anti-Fingerprint Coating - Anti-Dust Filter Protection - DustRepel Anti-Static Su,16.25,,,
MPPUNQ00000187,Uniq Galaxy Z Fold8 Ultra Magclick Charging Lifepro Xtreme Case - Crystal Clear - Slim Hybrid with Curved AirLite Corners - Raised Camera Lens Bezel - Flexible Bumper - Compatible with Magnetic Wireless Charging,34.26,,,
NBKLEN14060IB,"Lenovo V14 G5 IRL 14"" FHD Intel Core i7-13620H - 32GB RAM - 1TB SSD - Win 11 Home - AX WiFi 6 + BT - Webcam - RJ45",2064.49,,,
SURCYG10200,Cygnett PowerPlus 20W USB-C Wall Charger - Black  - AU,17.24,,,
TAAVLR13001,"Valore Rugged Tablet Case With Shoulder Strap  / Hand Strap, screen protector & Kick-Stand  for iPad Air  13"" ( M4/ M3  2025 -2026 ) Tablet",56.75,,,
TOLFRT1013,FERRET CFST-55C Extendable Stainless Steel Stick Extends up to 140cm Rust Resistant with Rubber Grip Handle & Secure Wrist Strap. Compatible with all FERRET Products,58.49,,,
UCHSPB3989,Sansai IPH-1033G Bluetooth - FM Transmitter,30.11,,,
UNI1151,"Unitek V1187A USB-C F to HDMI M Adapter. Supports 4K & 1080P 60Hz HD Res. HDCP & Dynamic HDR,Compact&Portable Design. Black Colour.",18.12,,,
NBGINC0051,"Griffin Survivor Apex Always Carry Bag for 14"" Chromebook Laptops BYOD Devices - Black with Adjustable Shoulder Strap",25.0,,,
WKSGGPC50433,GGPC RTX 5060 Ti Gaming PC AMD Ryzen 5 9600X 6 Cores / 12 Threads - 16GB DDR5 RAM - 1TB NVMe SSD - NVIDIA GeForce RTX5060Ti 8GB Graphics - WiFi + Bluetooth - Windows 11 Home,2540.92,,,
ADPBNE80020,Bonelk Long-Life Series 3-in-1 Multiport Hub with 1x HDMI 4K (Space Grey),50.5,,,
TAARRS10204,RockRose MagLink Ultra Active Capacitive Stylus Pen with Magnetic Wireless Charging - For iPad Only -  Compatible with : iPad 6th/iPad 7th/iPad 8th/iPad 9th/ iPad 10th iPad mini5/iPad Air3/iPad Air4/iPad ProiPad Pro3/iPad Pro4/iPad Pro 5th,48.56,,,
WTHHIF182005,"HiFuture Active Smart Watch - Black/Yellow 1.43"" AMOLED Display - Up to 10 Days Battery Life - 5ATM Water Resistance - Dual Band GPS/Compass/Altimeter - Health and Fitness Tracking - Bluetooth Calling",131.16,,,
CABBEL3439147,Belkin 4K HDMI Cable - 2m 1080P - 3D Compatible - Gold Plated - 2-Layer Shielding,19.61,,,
CARHPC799,HP f799w Super HD 1296p Dash Cam Touch - Full Screen - Extendable Lens - WiFi & App,94.17,,,
HSTSCD00342,Skullcandy Grom Wired Headphones with Mic for Kids - Surf Blue For ages 6+ - Volume Limited to 85dB - Collapsible Kid-Safe Design - Durable & Comfortable - Share Audio Port - 3.5mm Aux cable,32.72,,,
KEYKCH84231,Keychron B2 Pro 96% Ultra-Slim Wireless Keyboard - Ivory White,76.41,,,
EXWKSHP800228BG,HP EliteDesk 800 G2 Intel Core i5 6500 SFF Desktop PC (B-Grade Refurbished) 8GB RAM - 240GB SSD - Win11 Pro - 18-Month Warranty - GreenMachine Certified Refurbished,229.0,217.55,5.0,CLEARANCE
TAABAS0072,Baseus Tungsten Gold Fast Charging Data Cable USB-A to USB-C (100W Huawei Only) 2m Black,11.73,,,
CAATSN4907,Telesin 3m Carbon fiber selfie stick for action cameras,98.99,,,
HSTBEL6493463,Belkin SoundForm Surround Wireless Over-Ear Headphones - Sand 3.5mm + USB-C wired audio - Multipoint - Clear Call technology - Fast USB-C charging - Up to 60hrs battery life - 2 Year Warranty,54.37,,,
MPPCYG32173,Cygnett MagSilk Magnetic Silicone Case for iPhone 17 Pro Max - Black,19.79,,,
MPPSAM200007,"Samsung Galaxy Z Fold8 (2026) Silicone Magnet Case + Anti-reflecting (AR) Film - Cream - Soft Silicone Finish, Magnetic Accessory Support, Anti-Reflecting Films Included",75.9,,,
HSAKNC0002W,"KONIC Headphone Stand With Wireless Charger - Black - RGB Lighting - for Sony, Bose, Sennheiser, Apple & all on-ear + over-ear headphones",40.74,,,
HEAMIX53509,Xiaomi Mi Sport Sunglasses Energetic & Dynamic for Free Movement,52.75,,,
HSTFIO5570151,FiiO JF11 Dynamic Wired Earbuds with Extended Bass - White - In-line microphone & controls - U-shaped acoustic pipes for extended bass - Design you can sleep with - 3.5mm right-angled connection,12.73,,,
WTHGAR100298500,Garmin vivoactive 6 GPS Smartwatch - Slate / Black Band,595.55,,,
TAANCE210012,NICE Slim Light Cover -(Blue)   Hard Shell Folio Case for Galaxy Tab A9+  (SM-X210 & X216),32.14,,,
MPPSAM200010,"Samsung Galaxy Z Fold8 (2026) Clear Magnet Case + Anti-reflecting (AR) Film - Transparent - Crystal-Clear Design, Slim & Lightweight Profile, Anti-Yellowing Coating, Built-in Magnets, Anti-Reflecting Films Included",79.06,,,
EXWKSHP6002041,HP ProDesk 600 G3 SFF Intel Core i5-7500 Desktop PC (A-Grade Refurbished) 8GB RAM - 256GB SSD - DVD-RW - Win11 Pro - 18-Month Warranty - GreenMachine Certified Refurbished,499.0,450.34,9.75,CLEARANCE
BAPBEL6677381,Belkin BoostCharge 10000mAh 20W 2-Output Power Bank with Cable -Spider Man Input 20W / Output 20W / 20W USB-C,54.18,,,
CABBNE05018,Bonelk USB-C to Display Port 4K 60Hz Long Life Cable 1.5m (Black),42.12,,,
CCTBAS022130,Baseus Security P1 Pro 5MP/3K Indoor PT Wifi Camera - 1 Pack FOV108° / AI Human detection / Digital Zoom x 8 / Power Adapter Not Included,62.73,,,
CCTBAS122241,Baseus Security S2 8M/4K  Outdoor Wire-Free Solar Camera built-in LED spotlight - 1 Pack 7800mAh / FOV:145° / AI Function: Human/vehicle/Zone / Dual Sensor Detection (PIR+Radar) /Sun-Powered with Auto-Tracking Solar System.,244.0,,,
NBKASU3607797,"ASUS Vivobook S16 D3607GA Copilot+ PC 16"" FHD OLED AMD Ryzen AI 7 445 - 32GB RAM - 512GB SSD - Win 11 Home - AX WiFi 6 + BT5.4 - IR Cam - USB-C (with PD & DP) - HDMI2.1 TMDS",2124.13,,,
NBKHNB141060,"HP OmniBook X 14-fe1000QU 14"" 2.2K Touch Copilot+ PC 8 Cores Qualcomm Snapdragon X Plus - 16GB RAM - 512GB SSD - Qualcomm Adreno GPU - Win 11 Home - 1Y Warranty - WiFi 7 & BT 5.4 - IR Webcam - USB-C (PD & DP1.4)",1957.86,,,
PTRCNP0300,Canon imagePROGRAF PRO-310 High quality A3+ Inkjet Photo Printer,1078.39,,,
VGAPNY150611,PNY NVIDIA GeForce RTX 5060 Ti OC 8GB GDDR7 Graphics Card PCIE 5.0 - 2 Slot - 1x 8 Pin Power - Minimum 600W PSU,781.77,,,
WKSPB3515535,PB 3515535 ASUS Intel NUC15 Pro Mini PC Intel Core 5 120U - 32GB RAM - 1TB SSD - WiFi 7 + BT - 2x HDMI - 4x USB - 2 x USB-C Thunderbolt 4 - No OS,1763.33,,,
BAPBEL6142263,Belkin BoostCharge Pro 5000mAh 15W 1-Output Magnetic Wireless Charging Power Bank with Stand -White Input 15W / Output 15W / 15W USB-C / Qi2 15W Wireless Charging,90.98,,,
BATENG035700,Energizer MAX PLUS 9V Battery - 1 Pack - Ideal for Garage Door Openers / Smoke Detectors / Alarms,8.1,,,
CCTTPL5011,TP-Link Tapo C501GW 2MP/1080P Outdoor PT 4G LTE Camera 360° Motion Tracking / Starlight Colour Night Vision,192.36,,,
HSTVER3121809,Verbatim 65066 Classic V-100C Wired Over-Ear Headphones - Black In-line Microphone for Answering Phone Calls Whilst On-the-Go (TDK ST100),29.49,,,
MPPTOR00000206,"Torras iPhone 17 Pro (6.3"") 2025 Ostand Spin Softune Case - Green Full Camera Control Button Coverage - Soft Liquid Silicone Cozy Grip - MagSafe Compatible - 360 Spin Kickstand",64.94,,,
NBGBSD0003,"BIOSLED LOY Knight LED Display Motorcycle Backpack - Capacity Full Face Helmet - Carbon Fiber Textured Surface Hard Shell Case - Programmable DIY Text, Image & animation - Cyclists Scooter Commute use",143.95,,,
TAABAS02213,Baseus OS- Smooth Writing 2 Series Stylus with LED Indicators Moon White (Active version with type-C cable and active pen tip),30.99,,,
TOLFNX0154,"Fenix Tactical Flashlights TK17 Rechargable LED Torch Max 3,600 Lumens, Head: 1.42"" (36mm), Max 330m Beam Distance, Powered by 1 x 21700 6000mAH Li-ion Battery Included, Dual Tactical Tail Switch - 5 Years Free Repair Warranty!",179.92,,,
WKSGGPC50395,GGPC RTX 5060 Gaming PC Intel Core Ultra 5 225F 10 Cores / 10 Threads - 16GB DDR5 RAM - 1TB NVMe SSD - NVIDIA GeForce RTX5060 8GB Graphics - WiFi + Bluetooth - Windows 11 Home,2213.18,,,
CABSPB3101,Sansai IPH-0923V Lightning to 3.5mm Cable - 12cm,11.76,,,
AUDROD1246,RODE PODMIC Podcast-ready Dynamic Microphone - Black,187.28,,,
CAAPGY0112,PGYTECH Lens Cleaning Pen,22.72,,,
CAASIG18501,SIGMA 18-50mm f/2.8 DC DN Contemporary Lens for FUJIFILM X (Aperture Range: f/2.8 to f/22),927.31,,,
HEAGAR100266500,Garmin vivomove Trend Hybrid Smartwatch - Slate Stainless Steel Bezel with Black Case & Silicone Band,504.28,,,
HEASKG0009,SKG GS500 Waist Massager 4 Thermal Array + 16-Point Red Light Phototherapy - Multi-Zone Thermal Relief - Large-Area Thermal Coverage with Rapid Heat Delivery,135.6,,,
HOMMIX66778,Xiaomi Mop Pad for Xiaomi Vacuum S40C/H40/S40,12.79,,,
HOMNOB0006,"NoBrand Camping Portable Fan H6 With Remote Control Cordless -Height Adjustable from 18cm - 88cm, 16,000mAh Support up to 23 Hour Use without Cord, 4 Speed Setting, 4 Timing Schemes, 60 Degree Auto Oscillation, LED Night light, 26cm Diamete",88.19,,,
HSTSCD003600,Skullcandy Hesh 360 Wireless Over-Ear Headphones - True Black - Personalised Sound - Clear Voice Calls with Sidetone - Custom & Pre-set EQs - Multipoint - Spotify Tap - Foldable design - Up to 100hrs battery life,113.99,,,
MPPGEN0984,Xiaomi Redmi Note 15 Pro Glass Screen Protector - Clear Case Friendly,7.12,,,
MPPGEN1015,Xiaomi Redmi Note 15 Pro Flip Wallet Case - Black 3 Card Slots - Cash Compartment - Magnetic Clip,9.71,,,
MPPSPB2241,Sansai SCX-633H Car Phone Holder,16.65,,,
MPPUNQ00000107,"Uniq iPhone 18 Pro/17 Pro (6.3"") 2025 Magclick Charging Airsuit Case - Glossy Smoke Ultra-Slim Hybrid Raised AirLite  Corners for All-Round Protection - Raised Lens Bezel to Shield Back Camera",16.03,,,
MVRVIT0011,VITURE Luma Series / Beast Series Lens Shade,24.5,,,
NBKHNB1400613,"HP OmniBook 3 14-hz0061QU 14"" WUXGA Copilot+ PC Snapdragon X X1-26-100 - 8GB RAM - 512GB SSD - Qualcomm Adreno GPU - Win 11 Home - 1Y Warranty",1471.09,,,
PTRBAM0032,"Bambu Lab X2D Dual-Nozzle, Build Size 256 x 256 x 260 mm, Full Filament Path AI Detection",1423.79,,,
TAAARX170011,"Armor-X (PXS Series) TPU Impact (Black) Protection  Case for iPad 11"" A16 and iPad 10.9"" (10th Gen)",30.8,,,
TAATUC580011,"Tucano Magnet Back Cover Tablet Case for iPad 11"" A16  &  10th Gen 10.9"" (2022) - Black Magnetic back cover partially made from recycled plastic material - Lightweight with a minimalist design  Integrated hinge stand, perfect for reading",14.84,,,
VGANV40100,NVIDIA RTX PRO 2000 Blackwell 16GB Graphics Card,3058.77,,,
WKAACN2703B,"Acer Pre-assembled Chrome All-in-One - MA240t 23.8"" Touch Docking Monitor with Chromebox CXI5 Chromebox Intel Celeron 7305 - 8GB RAM - 64GB eMMC - ChromeOS - AX WiFi 6E + BT - 1 Year Warranty",588.93,,,
AUDMOI0001,MOBVOI TicNote AI Voice Recorder & Note Taker with Free 600mins / month GPT-5 AI-Powered Function Recording / Transcription / Translation / Summary,248.0,,,
CAAINS60277,Insta360 X5 Premium Lens Guards,63.19,,,
CAASMR2066,SmallRig 2066B Magic Arm (9.8in),33.79,,,
CABVER32394,Verbatim 32394 3-IN-1 CABLE MICRO-B USB-C LIGHTNING,9.82,,,
CCTUBI80261,Ubiquiti UVC-Doorbell-Lite-B - Black Compact PoE video doorbell with two-way audio and versatile mounting options.,244.78,,,
HOMBAN0015,"Braun Multi Grill 5 3 in 1 Contact Grill Black/Stainless BBQ Plate - Black with 2 Die Cast Grill Plates, 2000w Power of Heating",149.98,,,
LABBRT1004,Brother CZ-1004 label roll,46.03,,,
LASHPL5332547,HP 210A Toner Cartridge - Yellow 1800 Pages - for HP Colour LaserJet Pro SFP 4201DN / 4201DW / MFP 4301DW / 4301FDW Printer,234.99,,,
MPPSAM000149,Samsung Galaxy A37 (2026) Silicone Case - Black,30.7,,,
MPPSGP08069,"Spigen iPhone 16 Plus (6.7"") Ultra Hybrid Case - Crystal Clear Certified Military-Grade Protection - Clear Durable Back Panel + TPU Bumper -",28.05,,,
MVRROK0004,"Rokid Station 2 AR Spatial For Max 2 AR Glasses 5000mAh - Up to 5 Hours Use - Upgrade to Max 2 From 215"" to 300"" Giant Screen,8 GB RAM / 128 GB Storage",273.12,,,
PTABRT1084,"Brother Genuine MK231 Labelling Tape 12mm wide, 8m long for PTM95, PT55, PT65, PT85, PT90, PT100",16.9,,,
STT5718430,StarTech.com MST14DP122DP 2-PORT DISPLAYPORT MST HUB DUAL 4K 60HZ,80.48,,,
TAAAPP6225525,Apple Smart Folio for iPad Pro 11-inch ( M5/M4 ) - Black,133.8,,,
TAABAS0052,"Baseus Smooth Writing 3 Wireless Charging Stylus Active Wireless Version Moon White Specially designed for the iPad, 17 hours battery life and quick charging",58.87,,,
MPHCPLRS36Q,"CipherLab Handheld Computer RS36 5.5"" Touchscreen, 4GB RAM+64GB, Android 14, Advanced Range 2D Imager (SE5500), LTE/GPS, WIFI 6 ready*, Bluetooth 5.1 BLE/4.2 EDR, NFC, 4000mAh Battery, 16Mega Pixels Camera + 5Mega Pixels Camera, Handstrap",1496.9,1240.26,17.14,CLEARANCE
NBPKFD4504,KFD 45W GaN Dual USB-C PD Wall Charger Travel Pack with US / EU / AU / UK Adapter Output: 45W PD+12W QC Max 57W,30.99,,,
TAATUC600011,"Tucano Alunno Rugged Tablet Case ( Black ) for iPad 11"" A16  &  10th Gen 10.9"" (2022)",40.16,,,
HSTCOR9011377,Corsair HS35 v2 Gaming Headset - Carbon,58.95,,,
MPPZAG200111786,"ZAGG iPhone 15 Pro (6.1"") InvisibleShield Glass Elite Tempered Glass Screen Protector Extreme Scratch & Shatter Protection - Smudge-Free - Anti-Microbial Treatment - Lifetime Warranty",35.2,,,
ADPBNE80025,Bonelk USB-C to 4K HDMI Adapter (15cm) (Space Grey),45.49,,,
MPHMOT128584,Motorola razr 50 Ultra 5G Smartphone - 12GB+512GB - Midnight Blue Snapdragon 8s Gen 3 Chipset - 45W TurboPower Fast Charging - IPX8 Water-Resistant - NFC - WiFi-7 - 4000mAh Battery,1771.1,,,
TAABAS112300,Baseus OS-Baseus Metal Age Go Gravity Car Mount - Air Outlet Version - Cosmic Black,20.17,,,
MPPUNQ00000080,Uniq Galaxy S25 Optix Vivid Tempered Glass Screen Protector - Clear 9H Tempered Glass - Ultra HD Pixel Display - Up to 1.8m Impact Tested - Oleophobic Anti-Fingerprint Coating - Anti-Dust Filter Protection - DustRepel Anti-Static Surface,11.65,,,
MSECTD1025,Contour Design UMLWL Left Handed Wireless UniMouse,207.99,,,
MOABRA1065,Bracom XC-7 Black CPU PC Holder Under Desk Computer Mount,58.7,,,
BAS05797,Baseus Ingenuity Series Mini OTG Adaptor USB 3.1 to Type-C Black,7.58,,,
EXNBKLEN0140301,"Lenovo ThinkPad T14 Gen2 14"" FHD Touch Laptop (A-Grade Refurbished) Intel Core i5-1145G7 - 16GB RAM - 512GB SSD - Win11 Pro - 18-Month Warranty - GreenMachine Certified Refurbished",999.0,949.05,5.0,CLEARANCE
HSTJBL2502,JBL QUANTUM 250 Wired Gaming Headset - White Multi-Platform Design - Single 3.5mm Connection - Detachable Microphone,71.96,,,
MOAKNC0512C,"KONIC Deluxe Single Monitor Stand - Articulating Monitor Arm - Fits Screen up to 17""-32"" - Weight Capacity 9kg",49.42,,,
MPPSAM90049180,Samsung Galaxy A04 (2022) Soft Clear Cover - Black,16.62,,,
NBKHNB161001,"HP HyperX OMEN MAX 16-ak1001AX NVIDIA RTX 5070Ti Gaming Laptop 16"" 2.5K OLED 240Hz - AMD Ryzen AI 9 HX 475 - 32GB RAM - 1TB SSD - Win 11 Home - 1Y Warranty",7199.09,,,
NBKACN90228R,"Acer NZ Remanufactured TravelMate Spin14 TMP414RN-53 UN.VZQSA.01X Flip 2in1 Laptop 14"" WUXGA Touch Intel Core i5-1335U - 16GB RAM - 512GB SSD - Win 11 Pro - WiFi6E + BT 5.2 - IR Cam - Backlit Keyboard - Acer / Local 1Y Warranty",1621.12,1320.41,18.55,CLEARANCE
UNI1018,Unitek S1224A  PS5 External Storage - Dual USB-A 10G to M.2 PCIe/NVMe Enclosure - Grey,77.53,,,
BAS14126,Baseus High Definition Series 8K HDMI Cable - 50cm - Black,16.94,,,
CAAINS0405,Insta360 Lens Cap for X4 / X5,11.52,,,
HOMSPB2685,Sansai CR-079L LED Alarm Clock - Large,25.44,,,
TABBOK10021,"BOOX 6"" Go 6 eReader Black",267.93,,,
WKSGGPC50418,GGPC RTX 5060 Gaming PC Intel Core Ultra 5 225F 10 Cores / 10 Threads - 16GB DDR5 RAM - 500GB NVMe SSD - NVIDIA GeForce RTX5060 8GB Graphics - WiFi + Bluetooth - Windows 11 Home,2098.18,,,
CAAINS14009,Insta360 GO Ultra Dive Case,105.9,,,
CCTMIX8352,Xiaomi 5W Solar Panel - USB-C for BW500 & BW300,56.6,,,
CHALAN2253,Lian Li A4H2O Mini ITX Gaming Case with PCIE 5 Riser Card - Silver ITX Support - CPU Cooler Support Up to 55mm - GPU Support up to 320mm - 3x PCI Slots - 240mm Radiator Support - Front: 1x USB - 1x USB-C - HD Audio - SFX / SFX-L PSU Only,240.92,,,
HOMNJA0047,Ninja Crispi 4-in-1 Portable Glass Air Fryer Cooking System 1500W - 4QT & 6 CUP TempWare Glass Containers with Storage Lids - Microware / Freezer / Dishwasher Safe,298.53,,,
HSTHYX1025,HyperX Cloud Mini Wired Gaming Headset - Multi,34.8,,,
MPPSAM000030,Samsung Galaxy S24 FE Smart View Wallet Case - Black,57.19,,,
MPPSAM90056295,Samsung Galaxy S24 5G Shield Air Case - Black,59.0,,,
MPPTOR00000099,"Torras iPhone 16 Pro (6.3"") Ostand Pro Case - Clear MagSafe Compatible - 360 Spin",60.19,,,
NETUBI81002,Ubiquiti UniFi Access Door Hub (UA-Hub-Door),475.05,,,
USBSAC1035,SATECHI USB 4 Multiport Adapter with 8K HDMI - Space Grey,188.66,,,
MPPUNQ00000232,"Uniq iPhone 18 Pro Max (6.9"") 2026 Lifepro Xtreme Case - Polar Blue - Magsafe Compatible - Tough All-Round Shield with 3-Tier Defense - Raised Lens Bezel to Shield Back Camera",17.7,,,
MPPTOR00000346,Torras iPhone 18 Pro Max 2026 Ostand Q3 Wind Case - Stone Lavender - Silicone Impact Shield - 6X MIL-STD Drop Tested from 12FT - 18N Magnets - Camera Control Button - Comfortable Grip - Compatible with MagSafe Charging - 360° Spin Stand,65.7,,,
HEASGW0055R,"Segway E2 PlusII E Scooter - Black Max Speed 25km/h - Max Distance 25km - Payload 12% Climbing 10"" Tires RGB Ambient Light 500w Motor - Cruise Control - Mobile App Connectivity",671.26,605.81,9.75,CLEARANCE
CAAGPO0428,"GoPro Protective Sleeve Shock Absorbing Rubber Designed for HERO, and Lite HERO",35.26,,,
CAMFUJ0525,Fujifilm X-Half X-HF1 Mirrorless Camera Charcoal Silver,875.39,,,
CCTBAS122231,Baseus Security B1 Series 3M/2K Outdoor Wire-Free Camera - 1 Pack 7800mAh  / FOV:145° / AI Function: Human / Zone detection / Built-in EMMC:8GB,159.45,,,
CCTUBI102202,Ubiquiti UniFi Protect UNVR-Pro 4K 2U 7-Bay NVR,1071.66,,,
CCTUBI251113,Ubiquiti UniFi Protect UVC-G6-Pro-360 12MP/3K 360° PoE+ Camera (Black) with Multi-TOPS AI Engine 3K 24FPS / Two-Way Audio / IP66 & IK10 / MicroSD Slot,1021.2,,,
CHACLM00211,Cooler Master MasterCase NR200P V3 Mini-ITX Case with 1x PCIe 5.0 x16 Riser Cable Included CPU Cooler Support up to 70mm - GPU Support up to 361.5mm - 3x PCI (Vertical) - 280mm Radiator Support - Front I/O: 2x USB - 1x USB-C - HD Audio - SF,142.37,,,
CHAFSP1030,FSP M541 ATX Mid Tower Case - White 7x 120mm ARGB Fans Pre-Installed - CPU Cooler Support up to 160mm - GPU Support up to 415mm - 7x PCI Slots - Front I/O: 1x USB-C - 2x USB - HD Audio,137.77,,,
CHRRAZ2017,Razer Iskur v2 NewGen Gaming Chair - Light Gray - Ergonomic with Breathable Comfort - Adaptive Lumbar Support - 4D Armrests,785.8,,,
HSTBAS0010903,Baseus x Bose Inspire XP1 True Wireless Noise Cancelling Earbuds - Starlight Off-White High-Fidelity Sound by Bose - Premium -50dB Adaptive ANC - Dolby Audio - Bluetooth 6.1 - Ultra-comfortable lightweight fit - 6-mic clear calls - 2 Year W,170.58,,,
KEYSAC61939,SATECHI SM3 Slim Mechanical Tactile Switches Wireless Keyboard (  Light ) -  Backlit Bluetooth /2.4Ghz,186.99,,,
MEMKHX328706,Kingston Fury Beast 32GB DDR5 Desktop UDIMM RAM 1x 32GB - 6000MT/s - CL36 - AMD EXPO / Intel XMP,811.67,,,
MPHMOT117001,Motorola Edge 60 Pro Dual SIM Smartphone - Shadow (Green),1085.96,,,
MPP3SI10168081,3SIXT 3S-2525 3 In 1 Charging Station with USB-C and AC,70.28,,,
MPPINS0014,Insta360 Flow 2 Phone Gimbal Stabilizer AI Tracker Bundle / Stone Gray,225.34,,,
MPPSAM0000194,Samsung Galaxy S26+ Clear Case - Transparent,25.74,,,
MPPSAM0000207,Samsung Galaxy S26 Clear Magnet Case - Transparent,52.14,,,
MVRPCO0041,PICO 4 Ultra Enterprise 12GB + 256GB Virtual Reality All in One Headset Qualcomm Snapdragon XR2 Gen 2 WiFi 7 - Bluetooth - 6 DoF Position System - 2x Controllers Included,1540.77,,,
NAPUBI5101,"Ubiquiti LiteAP ac LAP-120 2x2 MIMO airMAX ac Sector AP, 5GHz,16dBi, 120° Coverage, Passive PoE 24V/0.5A, PoE Adapter & Pole Mounting Included",195.8,,,
NBKDEL6623227,"Dell Pro 14 Business Laptop Copilot + 14"" FHD AMD Ryzen AI 7 350 - 16GB RAM - 512GB SSD - Win 11 Pro - 1Y Onsite Warranty",2359.8,,,
PTRMKB0104,xTOOL Laser Engraver & Cutter F2 5W IR & 15W Diode Portable Dual Laser Engraver,2567.27,,,
SPKLUM1034,"Lumiaudio FLF-6WBS 6.5"" WiFi & Bluetooth Ceiling Speakers (Pair) (Active & Passive) RMS Power 60W - 0.75"" Silk Dome Tweeter - Frequency 70Hz-20kHz - WiFi 802.11b/g/n Bluetooth V5.0 - DC 24V/2.5A - (Active Speaker & Passive Speaker)",385.27,,,
SWHUBI240119,"Ubiquiti UniFi USW-PRO-8-POE 8-Port Gigabit Layer 3 Managed PoE Switch (Max 120W), 2-Port 10G SFP+, 6-Port GbE PoE+,  2-Port GbE PoE++",655.58,,,
TABAMZ114119,Amazon Kindle Scribe ColorSoft eReader 2026 - 32GB Includes Premium Pen,1220.86,,,
TVSSM52524,"Samsung HU8000F 24"" Full HD Hotel TV -  LYNK Cloud, Google Cast, AirPlay, TEP, SmartThings Pro, AirSlim Design",425.36,,,
WKAACN24011B,"Acer Pre-assembled Chrome All-in-One - MA240 23.8"" Docking Monitor with Chromebox CXI5 Chromebox Intel Celeron 7305 - 4GB RAM - 64GB eMMC - ChromeOS - AX WiFi6 + BT",591.84,,,
WTAMOF904729,"MOFT Apple Watch Band - Silicone - Wade Blue x Echo Gray - 49/46/45/44mm - Compatible with Apple Watch Ultra 1/2/3, Series 11/10/9/8/7/6/SE/5/4/3/2/1",42.1,,,
WTASAM00035,Samsung Galaxy Watch8 & Watch8 Classic Fabric Band (M/L) - Blue,43.72,,,
BULVLR006,Valore LT-006 Recharbale Motion Sensor  Light,23.24,,,
CAAFUJ705806,Fujifilm Instax Square Film 80pk,131.24,,,
CAAGPO17463,"GoPro Adventure Kit 3.0 include The Handler (Floating Hand Grip), Head Strap + Compact Case",110.45,,,
CAAINS14004,Insta360 GO Ultra Lens Guard,34.71,,,
CABBNE05122,Bonelk Long-Life Display Port M-M  Cable 1.5M- Black,16.4,,,
CABROD0004,RODE SC4 3.5mm TRS to TRRS adapter,27.46,,,
CCTRLK1360,Reolink RLN36 4K 36-Channel 1U 3-Bay NVR Support up to 3 x 16TB Storage,381.86,,,
EXMONLEN24101,"Lenovo Tiny-in-one TIO24D 24"" FHD Monitor (A-Grade Refurbished) Displayport - 18-Month Warranty - GreenMachine Certified Refurbished",152.74,,,
HOMOEM03001,OEM High Efficiency Filter For Xiaomi Air Purifier 4 - Black/HOMMIX33927,42.25,,,
HOMSGWA0001,Segway Navimow Charging Dock Cover for i105 & i108 i206 &i210 Garage S Design for Navimow i Series,339.87,,,
IPCGDA20004,"Giada VM23-2G Celeron N3350 CPU, 2G Onboard Ram, 32G Storage, 1xDP+1xHDMI, Fanless, Dual 1080p Display",235.27,,,
MICDJI3006,DJI Mic 3 Mobile Phone Adapter ( Lightning ),62.93,,,
MPPOTB90067155,"OtterBox iPhone Air (6.5"") Glass Screen Protector Scratch Protection - Flawless Clarity - Fingerprint Resistant",17.97,,,
MPPRRS01200,RockRose Ranger 135W Multi-Port Fast Charging Car Charger with 1.5m Extension Cord 135W Max Output - 65W PD Quick Charge - QC 3.0 Quick Charge,50.3,,,
MPPSGP09871,"Spigen iPhone Air (6.5"") Premium Privacy Tempered Glass Screen Protector 1P - Anti-Spy - Delicate Touch - Perfect Grip - Case Friendly with Spigen Phone Case",25.7,,,
MPPSMR03384,SmallRig All-in-One Video Kit for Smartphone Creators (Classic Edition) - Professional solution for smartphone vlogging and live streaming,295.08,,,
MPPSPB1268,Sansai IPH-702B Aluminum Car Charger 4.8A Dual USB port 12V to 24V voltage input.,14.09,,,
MPPTOR00000274,Torras Galaxy S26 Guardian Magnetic Case - Clear - Magnetic Wireless Compatible - Military Grade Drop Protection - 18N Super-Strong Magnetic Hold - Diamond Clear,36.51,,,
MSEASU1016,ASUS ROG Harpe II Ace Wireless Gaming Mouse - White 48g - 8K Polling - 101 Hr Battery,229.37,,,
MSEINC6276383,Incase Designed by Microsoft Mobile Mouse 1850 - Flame Red,27.8,,,
MSEINC6299224,Incase Designed by Microsoft Mobile Mouse 1850 - Purple,27.8,,,
MVRROK0012,Rokid Ultra-Light 38.5g AI Glasses Neo Style (Non-Display) Front Camera 12MP Link ChatGPT/Real-Time Translation/GPS/Front Camera/AI Photo Recognition/AI Meeting Notes,692.75,,,
MVRVIT0004L,"VITURE The Beast AR Glasses Large (IPD 62-74 mm) 174"" Virtual Screen - 58° FOV - 120Hz Micro-OLED Display -1200P Resolution 3DoF Spatial AR - Harman-Tuned Audio - Ultra-Wide XR Glasses for Movies - Gaming & Work",1067.11,,,
NBAOEM0205,"Rubberized Hard Shell Case Cover for 13.3"" MacBook Air (2018-2022) - Crystal White,Models: A2337/A2179/A1932",33.99,,,
OFSONT0005,One Nature 750 labels per roll Thermal direct 100mm x 48mm white Self-adhesive Permanent,13.7,,,
TAAMST6383401,Microsoft Surface for Business USB 4 Dock,,,,
TAANCE411013,NICE Foldable Stand Case for Kindle PaperWhite (11th Gen 2021-2022 Model) - Red,13.25,,,
TAAZAG823011,"ZAGG Keyboard Pro Keys 2 for Apple iPad Air 11"" (M4/ M3 /M2), iPad Air 10.9""(Gen 5, 4) - Black",201.99,,,
UNI1075,"Unitek Y-3465A USB to Gig Ethernet Adapter with 2-in-1 Connectors (USB-C & USB-A) Supports up to 1Gbps, Supports IEEE 802.3, Aluminium Alloy Housing, 30cm Cable, Space Grey Colour.",41.46,,,
USBBAS0002,Baseus Encok Bluetooth 5.4 USB-A Adapter,12.59,,,
WKSGGPC50409,GGPC RTX 5060 Gaming PC Intel Core Ultra 5 225F 10 Cores / 10 Threads - 16GB DDR5 RAM - 1TB NVMe SSD - NVIDIA GeForce RTX5060 8GB Graphics - WiFi + Bluetooth - Windows 11 Home,2230.42,,,
HOMRBK0060R,"Roborock Remanufactured Q Revo C White Vacuum Cleaner with Multifunction Dock 12,000 Pa Suction Triple Anti-Tangle System - 30 Levels of Water Flow - LiDAR Navigation - Multi-level Mopping - 7 Weeks Auto Dust Empty - Detachable Dock Base /P",1341.75,1092.87,18.55,CLEARANCE
UNC001007722,AVERY Label Dispenser DMC24P Pink Round 24mm 500 Pack,9.12,8.66,5.04,CLEARANCE
MOAKNC0902,"KONIC 13""-27"" Dual Monitor Wall Mount Stand With Keyboard Tray - With CPU Holder - Gas Spring Floating Sit-Stand Desk Converter",258.75,216.2,16.44,CLEARANCE
WTHMIX65342,"Xiaomi Watch 5 Smart Watch - Black - WearOS by Google - 1.54"" AMOLED Display - Up to 6 Days Battery Life - 5ATM Water Resistance - All Day Health Monitoring - Built-in 5-System GPS - Bluetooth Calling - Google Apps",495.4,,,
CAAINS04003,Insta360 X4 Air Replacement Lens Kit ( Double Lens ),70.31,,,
HHAWCM50000,Wacom Pro Pen 3 Including Customisable Accessories - Weight / Grip / Buttons / Nibs,205.0,,,
HOMOEM0151B,OEM Vacuum Brush Bundle Deal + Folding Wand Extenstion Rod 800mm Soft Bristle Floor Brush LED light Compatible with Dyson V7/V8/V10/V11/V15/V8slim,99.0,80.64,18.55,CLEARANCE
AUDBYA2352,"Boya Notra AI Voice Recorder - Silver AI Note Taker Transcribe & Summarize, Bluetooth Recording, Multi-language Support, Noise Cancellation, 10m Pickup, 64GB Digital Audio Recorder for Video Meetings/Calls/Lectures",189.8,,,
CABCXT52320,Cruxtec 2m USB-C to HDMI Cable 48Gbps - 8K/60Hz & 4k/120Hz & 2k/240Hz - Supports Dynamic HDR - DP Alt Mode,55.43,,,
HSTEDI00206,Edifier X2 Plus True Wireless Open-fit Earbuds - Grey - Bluetooth 6.0 - Clear handsfree calls - IP54 sweat & water resistant- 13.6mm drivers - Edifier ConneX app for Android & iPhone - Up to 8hrs battery life / 28hrs with charging case,25.07,,,
ADPBNE80023,Bonelk Long-Life USB-C to 2 Port USB 3.0 Slim Hub - Space Grey,29.99,,,
CAASMR4634,SmallRig 4634 RF 10C Portable Focusable LED Video Light,96.37,,,
LASBRT2041,Brother DR2025 Drum Unit 12000 Pages,168.04,,,
MPPSAM000090,Samsung Galaxy S25 Ultra Kindsuit Case Camel,74.81,,,
TAAZAG103420733,"ZAGG Pro Keys Connect Keyboard Tablet Case for iPad Air 11"" ( M4/ M3 / M2 ) - Durable case & direct connect keyboard with trackpad, kickstand, and pro typing experience",222.17,,,
TABBOK10014,"BOOX 6.13"" Palma 2 Pro (White) eReader",676.18,,,
UNI1033,Unitek S1226A SolidForce Reefer Pro USB4 to M.2 SSD (PCIe/NVMe) Enclosure Supports up to 40Gbps (Thunderbolt 3/4) - Hollowed Design for Superior Heat Dissipation - UASP for Speed Acceleration & TRIM Supported,93.62,,,
AUDBYA2013,Boya BY-V4 3.5 TRS Ultracompact 2.4GHz Wireless Microphone System ( 4 x TX + 1 x RX + Charging Case ),177.19,,,
BAPZOL0002,Zlos USB-C to Lightning Cable - 15cm - Grey FlexiShort - for Power Bank - MFI Certified,12.08,,,
BULVLR003,Valore LT-003 Rechargeable Desk / Wall Mountable  Light,25.24,,,
CAMINS4004,Insta360 Link 2 UHD 4K AI Webcam - White Edition Up to UHD 4K at 30fps - AI Tracking & Controls - 2-Axis Gimbal - 4x Zoom,312.9,,,
CAMINS7388,"Insta360 GO 3S Standalone Camera 128GB - Arctic White Notes: The GO 3S Standalone Camera must be paired with an Action Pod, This only includes the spare or replacement GO 3S Standalone Camera, it does not include the Action Pod.",382.81,,,
MSERPO1028,Rapoo MT550L Wireless Ergonomic Optical Mouse 1200 DPI - Silent Click - Up to 12 Months of Battery Life,46.75,,,
MVRVIT0003,"VITURE Luma Ultra AR Glasses 152"" Virtual Screen - 120Hz AR Glasses for Gaming, Movies & Phone Use 1200p Resolution - Built-in Vision Correction (-4.0D) - Harman Spatial Audio - Up to 1500Nits - 77g Ultra Light",1156.11,,,
BAPBNE23019,Bonelk Fashion 10000mAh 20W 2-Output Power Bank with Display - Blue Input 18W / Output 20W / 20W USB-A / 20W USB-C,55.5,,,
CAMINS0009,"Insta360 GO 3S Standalone Camera - 64GB - Arctic White Notes: The GO 3S Standalone Camera must be paired with an Action Pod, This only includes the spare or replacement GO 3S Standalone Camera, it does not include the Action Pod.",324.39,,,
LASHPL4490851,HP 416X Toner Cartridge - Magenta High Yield - 6000 Pages - for HP Colour LaserJet Pro M454dn / M454dw / M454nw / MFPM479fdw / MFP M479fnw Printer,435.32,,,
MPPBEL5704230,Belkin ScreenForce Apple Watch Series 7/8 44/45mm TemperedCurved Screen Protector with Clear Bumper Case - Clear,31.99,,,
NBKMST71572562,"Microsoft Surface Laptop (7th Edition) for Business - Copilot+ PC - Black Intel Core Ultra 7 (Series 2) - 16GB RAM - 256GB SSD - 15"" HDR  Touch Display  - Win 11 Pro",,,,
AUDROD1327,"RODE Tripod 2 Three-position Tripod for Mounting Cameras, Microphones and Accessories",60.28,,,
BATAPC9924,"APC RBC6 APC Premium ReplacementBattery Cartridge, 1 year warranty (onBattery only) Suitable for: BP1000(i), BP1100, APC10(i)A, SU1000(i), SU1000(i)NET, SU1000RM(i), SU1000RM(i)NET, SUA1000(i), SUVS1000(i), SMT1000(i)",487.12,,,
BULSPB3965,Sansai GL-LC306B LED Bulb C37-4W-B15-Warm White,3.35,,,
CAAPGY0104,PGYTECH Hand Grip & Tripod For Action Camera,39.17,,,
CAAPGY0223,"PGYTECH CapLock Action Camera Suction Cup Mount ( include 3 prong action camera bracket and 1/4"" Mount )",50.21,,,
CABBAS30004,Baseus Superior Series 3.5A 3-in-1 USB Charge Cable - 0.5m - White Supports Micro USB / Lightning / USB-C - Fast Charging,8.26,,,
CABBAS9800,Baseus E0429800 USB-C to USB-C 100W 1.2m White,8.51,,,
CABBEL6645330,Belkin BoostCharge USB-A to Lightning Cable - 3m - Black,25.38,,,
CABCYG12201,Cygnett Essentials USB-C to USB-C Cable - 2m  - Black,10.97,,,
CAMDJI3602,DJI Osmo 360 Adventure Combo,1011.4,,,
CARGAR100289910,Garmin Dash Cam Mini 3 Ultracompact 1080p Dash Cam with a 140-degree Field of View and built-in Clarity Polarizer,253.14,,,
CCTHLK0078,HiLook NVR-104MH-K/4P(B) 4K 4-Channel 1U 1-Bay NVR with 4-Port PoE (50W) Supports up to 1 x 16TB Storage,173.06,,,
CHSNZX0012,"NZXT LED Strip Accessory Under Glow 300mm, Requires HUE 2 PC RGB Controller",44.0,,,
HOMSAM0096,Samsung Extra Battery for Bespoke Jet,211.94,,,
HSTVER67031,Verbatim 67031 Audio Headphone Classic Type C - Black,26.59,,,
HUBBNE80058,Bonelk Long-Life USB-C to 4 Port USB-C 3.0 Slim Hub - Black,53.5,,,
INKCNN6516B,Canon CLI651XL Ink Cartridge Value Pack - Black / Cyan / Grey / Yellow / Magenta High Yield - 750 Pages for Canon PIXMA MG6360 / MG5460 / iP7260 / MX726 /  MG5560 /  iP8760 /  iX6860 / MG6460 / MG7160 / MX926 / MG5660 / MG6660 / MG7560 Prin,180.63,,,
INKICN28986175,Okin Compatible Ink Cartridge Replacement for Brother LC3313 - BCMY,36.8,,,
MONBEQ46532,"BenQ GW3290QT 32"" QHD USB-C Daisy Chain EyeCare Home Office Monitor with Matte Display - White 2560x1440 - IPS Panel - DisplayPort - HDMI - USB-C 65W + DP Out - USB Hub - Speaker - Height Adjustable Stand - 100x100 VESA",642.19,,,
MPHMIX03017000,"Xiaomi 17 5G (2026) Dual SIM Smartphone - 12GB+256GB - Black 6.3"" 120Hz CrystalRes OLED Display - Snapdragon 8 Elite Gen 5 Chipset - Leica Camera (50MP+50MP+50MP) - 100W HyperCharge - 6330mAh - NFC - IP68 Water Resistant",1341.38,,,
MPPGEN0834,iPhone 17e/16e Flip Wallet Case - Brown 3 Card Slots - Cash Compartment - Magnetic Clip,9.71,,,
MPPSAC1977,SATECHI On the Go 3 in 1 Wireless Charger Black,182.82,,,
MPPSGP09926,"Spigen iPhone Air (6.5"") Ultra Hybrid S MagFit Case - Crystal Clear - Built in Stand, Compatible with Apple Magsafe Charging & Magsafe Accessories - Certified Military-Grade Protection - Clear Durable Back Panel + TP",42.11,,,
MPPSGP10343,"Spigen iPhone 17 Pro (6.3"") Ultra Hybrid Case - Clear / Matte Black Certified Military-Grade Protection - Clear Durable Back Panel + TPU Bumper",25.96,,,
MPPSPB2845,Sansai SCX-086 12V/6A Car Charger Kit,19.93,15.5,22.23,CLEARANCE
NAPTPL6735401,TP-Link Omada EAP673-Extender (AX5400) Dual-Band 6-Stream Wi-Fi 6 Access Point / Mesh Extender with 1GbE x1 (AC Powered),235.37,,,
SEVMIX5061110,Xiaomi Original Electric Scooter 5 Pro Power Adapter Charger C0024700002GL For HEAMIX50611 BHR9611GL Scooter,39.4,,,
SPKSAM52670,Samsung HW-LS70H Music Studio 7 - Black,503.78,,,
STAFEL235821,Fellowes 5622001 Binder Galaxy,902.6,,,
TAAMST100101,"Microsoft Surface for Business (Black) Type Cover Keyboard for Surface Pro 13-Inch - Surface Pro 13"" ( 12/11/10th Edition)",,,,
TAATUC570011,"Tucano ELEMENTS Tablet Case - ( Black ) for iPad Air 13"" M4/M3/ M2 Two-section cover design - Contrast colour edge - Front cover converts into a convenient stand - ON/OFF function - Camera opening on the back",26.2,,,
TAATUC580021,"Tucano MAGNET - Magnetic Back Cover for iPad Air 11"" ( M4/M3/M2 ) Magnetic back cover partially made from recycled plastic material. Lightweight with a minimalist design. Integrated hinge stand, perfect for reading, writing, or sketching on",16.4,,,
TAAZAG314350,"ZAGG Fusion Canvas ( Simulated Paper Texture ) Screen Protector for Apple iPad Air 13"" (M2/M3)",38.17,,,
TVAKNC781T,"KONIC 60""-100"" X-Large Heavy-Duty TV Wall Mount - Weight Capacity 100kg - Max VESA 1000x800mm - Profile 32mm",94.84,,,
TVAMHB0033,"Maxhub Mobile Trolley for 55"", 65"", 75"" and 86"" Displays Max load 100KG - Maxhub Panel Only",453.81,,,
ADPBNE21785,Bonelk Long-Life 65W PD GaN Multi-Device Laptop Charger in-built USB-C Cable 1.5m (Black),94.83,,,
AUDROD1401,RODE WIME Wireless Micro USB-C Ultra-compact Wireless Microphone - Orange - Audio System for USB-C Smartphones,173.4,,,
CAAINS59481,Insta360 CINSBATP  GO 3/GO 3S Pivot Stand,50.73,,,
CAAPGY0127,PGYTECH Hard-shell Protective Case For Action Camera,21.4,,,
CAASMR5992,"SmallRig Waterproof Storage Bag for DJI Osmo Pocket  4  / 3 keep up to 4 TF cards, 5 filters, 12 compact microphones, cables, and adapters.",37.72,,,
CCTEFY80025,Eufy Security PoE Cam E40 8MP/4K Bullet PoE Camera (15W),251.15,,,
CCTPAN0074,Panasonic VL-SC3235WX IP Video Intercom Kit (Monitor + Doorstation) - White,906.37,,,
DVBVER1050751,Verbatim 95049 DVD+R - 5 Pack 4.7GB or 120 Minutes of Write-Once Storage Capacity - Jewel Case,7.81,,,
FANNZX02203,"NZXT Aer 2 F120 RGB White 120mm Triple Starter Pack, RGB, PWM, RGB Controller Included",102.92,,,
HOMMIX43814,Xiaomi Mop Pad for Xiaomi Mi E10 Robot Vacuum Cleaner Also Compatible for E12 & E10C,15.25,,,
HOMSPB5922,Sansai GXH-071B 6W Dual-Base LED Desk Lamp,41.52,,,
HSTATC26384,Audio-Technica ATHM50XSTS Professional Streaming Headset XLR & Stereo Jack Version,436.99,,,
KEYMCH1019,Mchose K99 v3 Tri-mode Wireless Mechanical Keyboard - Black Gold Multifunction Control Knob - Gasket Mount - Pre Lubed Linear Switches - 8K Polling,176.19,,,
MICHLD4278,Hollyland Lark M2 with Lightning Plug All-in-one Button Lavalier Microphone System with Lightning Plug,140.25,,,
MICHLD5350,Hollyland Lark M2 Mini Combo All-in-one Button Lavalier Microphone System (Camera RX +USB-C RX),145.35,,,
MOAAXD0101,"Axidi iMac 24 Inch Computer Privacy Screen Panel Filter for iMac 24"" (2021, M1)",95.24,,,
MOASTT3970055,"StarTech.com ARMDUALWALL Wall Mount Dual Monitor Arm Articulating Ergonomic VESA Wall Mount for 2x 24"" Displays Synchronized Adjustable Crossbar  Tilt/Swivel/Rotate- Double Screen Mount Bracket",232.98,,,
MOASTT5892811,"StarTech.com 2269-PRIVACY-SCREEN 22 inch 16:9 Computer Monitor Privacy Filter - Anti-Glare Privacy Screen w/51% Blue Light Reduction, +/- 30 deg. View Angle  - Reversible protector shield w/ glossy or anti-glare matte side",154.68,,,
MOASTT6266974,StarTech.com 133LT-PRIVACY-SCREEN 13.3in 16:9 Laptop Touch Privacy Screen,59.98,,,
MPHMIX03017212,"Xiaomi 17T 5G (2026) Dual SIM Smartphone - 12GB+512GB - Blue - 6.59"" 120Hz eye-care AMOLED Display - Leica 5x Telephoto - MediaTek Dimensity 8500 Ultra Chipset-- 6500mAh Battery - 67W HyperCharge - IP68 - Wi-Fi 6E -",1148.31,,,
MPPAPP9884856,Apple iPhone 16 Pro Clear Case with MagSafe - Clear Thin - Light & Easy to Grip,88.38,,,
MPPNIL0395,Nillkin Xiaomi 15 (2025) CP+ Pro Screen Protector - Clear 9H Anti-Scratch - Super Thin - HD Visual Experience - Includes Ancillary Kit,17.41,,,
MPPOTB90072690,OtterBox Galaxy S26 Ultra Defender Pro XT Clear Case Clear/Black,97.6,,,
MPPSRV10166374,Survivor iPhone 14 Pro Max Survivor Strong Case - Black,31.48,23.14,26.49,CLEARANCE
MPPTOR00000130,"Torras iPhone 16 Pro (6.3"") Ostand Case - Ivory Gold MagSafe Compatible - Horizontal / Vertical & Felexible Ostand",48.45,,,
MPPUAG012110,"Urban Armor Gear iPhone 16 Pro (6.3"") Essential Armor MagSafe Phone Case - Ash",42.01,,,
MPPUNQ00000123,"Uniq iPhone 18 Pro Max/17 Pro Max (6.9"") 2025 Magclick Charging Combat  Case - Carbon Black Tough All-Round Shield with 3-Tier Defense - Raised Lens Bezel to Shield Back Camera - Compatible with Magnetic Wireless Charging",23.85,,,
MVRMTA2022,META Quest 3 Facial Interface & Head Strap - Elemental Blue,69.0,,,
NBATWS2560,Twelve South Curve Nano ( Slate ),54.5,,,
PSUCOR9020265,Corsair HXi Series HX1000i SHIFT 1000W Platinum ATX 3.1 Power Supply PCIE 5.0 - Full Modular - Native 12V-2x6 Cable - iCUE Link - 10 Years Warranty,487.36,,,
TAABAS0007,Baseus OS-Baseus Spacemate Series 11-in-1 (WIN) Docking Station - Space Grey,302.83,,,
TAABAS0058,Baseus Desktop Biaxial Foldable Metal Stand (for Tablets) Space Grey,38.87,,,
TAATWS2442,"Twelve South PlugBug with Find My, 120W Travel Charger 4-Port 120W,Built-in Apple Find My, GaN-powered, includes adapters for US, CN, AU, EU, UK and KR",191.5,,,
TAAZAG103420734,"ZAGG Pro Keys Connect Tablet Case with Trackpad (US Layout), Apple iPad Air 13 ( M4/ M3 / M2 ) - Durable case & direct connect keyboard with trackpad, kickstand, and pro typing experience",293.48,,,
AUDAKG0210,AKG C151 Small Diaphragm Cardioid Condenser Microphone,296.85,217.02,26.89,CLEARANCE
BATMRP9022,Powertech Car Cigarette Lighter 1.5-12v,21.67,11.71,45.96,CLEARANCE
BULRAZ111798,Razer Aether Light Strip Extender - RGB LED Light Strip Extension 1M Length,59.95,27.77,53.68,CLEARANCE
CABPSU0794,RackPower 10A C14 to C13 Cable - 1.5m - Red 1mm2 - PVC,18.16,13.78,24.12,CLEARANCE
CABPSU0795,RackPower CM1CC150B 10A C14 to C13 Cable - 1.5m - Blue 1mm2 - PVC,14.49,13.97,3.59,CLEARANCE
CCTEZV6011,EZVIZ CS-T9C Outdoor Smart Siren 90~105dB Adjustable Alarm Sound / Weatherproof Design / Required to work with Ezviz Gateway,79.0,52.42,33.65,CLEARANCE
CCTEZV6014,EZVIZ T1C PIR Motion Sensor Wide-Angle Detection / Required to work with Ezviz Gateway,32.99,21.88,33.68,CLEARANCE
CCTEZV6015,EZVIZ T2C Open/Close Sensor Required to work with Ezviz Gateway,26.0,21.18,18.54,CLEARANCE
CCTEZV6019,EZVIZ A3-R200 Home Gateway 85dB Audible Warning / Connects up to 64 EZVIZ Devices,69.0,45.78,33.65,CLEARANCE
CCTLGR256544,Ledger Nano Gen 5 Matcha Green + Recov Key - AU,362.54,324.0,10.63,CLEARANCE
CCTLGR256546,Ledger Nano Gen 5 Cherry Red + Recov Key - AU,362.54,292.41,19.34,CLEARANCE
CCTLGR256547,Ledger Nano Gen 5 Glacier White + Recov Key -AU,362.54,307.8,15.1,CLEARANCE
CHSDNX1007,"Dynamix PP-CMC02 19"" 2RU Finger Cable Management Bar with protective cap. Black colour. (70mm Deep)",58.39,41.85,28.33,CLEARANCE
CHSSTT3310265,"StarTech.com RDA1U Rail Depth Adapter for Racks - 4"" - 1U",60.87,55.52,8.79,CLEARANCE
EXMONDEL24143,"Dell P2414HB 24"" FHD Monitor (A-Grade Refurbished) OEM STAND - 1920x1080 - DisplayPort - VGA - Supplied with Power & VGA Cable - 18-Month Warranty - GreenMachine Certified Refurbished",169.0,118.02,30.17,CLEARANCE
EXMONHP22020,"HP LA2205WG 22"" LCD Monitor (A-Grade Refurbished) OEM STAND - 1680x1050 - VGA - DisplayPort - DVI - 18-Month Warranty - GreenMachine Certified Refurbished",109.0,103.55,5.0,CLEARANCE
EXNBKDEL54100,"Dell Latitude 5410 14"" FHD Laptop (A-Grade Refurbished) Intel Core i5 10210U - 8GB RAM - 256GB SSD - Win11 Pro - 18-Month Warranty - GreenMachine Certified Refurbished",749.0,711.55,5.0,CLEARANCE
EXNBKLEN1401110,"Lenovo ThinkPad T14s Gen 1 14"" FHD Touch Laptop (A-Grade Refurbished) Intel Core i7-10610U - 16GB RAM - 256GB SSD - Win11 Pro - 18-Month Warranty - GreenMachine Certified Refurbished",1099.0,991.84,9.75,CLEARANCE
EXTABSAM0575,"Samsung Galaxy Tab Active 3 (SM-T575) 64GB Tablet - Black - (A-Grade Refurbished) 8"" Display - 1920x1200 - Rugged Case not Included - Stylus Not Included - 18-Month Warranty - GreenMachine Certified Refurbished",299.0,284.05,5.0,CLEARANCE
GAMMZA70872,MOZA Table Clamp for Yoke,48.99,39.09,20.21,CLEARANCE
HOMMIX59071R,Xiaomi Remanufactured X20 Max Smart Vacuum & Mopping Robot Cleaner & Auto Fill Empty Station Edge CleanArm - 8000 Pa Suction Power - 55°C Auto Mop Pad Washing - Hot Air Drying - Anti-Tangle Hair-Cutting Tech /PB 6 mths warranty,974.26,925.54,5.0,CLEARANCE
HSTMOK005929,Moki 90 Sports In-Ear Headphones - Black Ear Hook Design,13.47,12.79,5.05,CLEARANCE
HSTMOK854012477,Moki MokiFit True Wireless In-Ear Headphones - Black Up to 3.5 Hours Battery Life / 10.5 Hours Total with Charging Case,46.4,26.37,43.17,CLEARANCE
HSTMOK854014099,Moki Mixi Type-C Connect Wired Volume Limited Headphones - Black/Grey,32.44,27.38,15.6,CLEARANCE
HSTSPB3842,PHILEX PHE-505 ANC+ENC TWS Bluetooth Earbuds Earbuds - Ivory,42.62,36.8,13.66,CLEARANCE
INKICN23245635,Okin Compatible Ink Cartridge Replacement for Epson 73N - Magenta,5.36,3.09,42.35,CLEARANCE
INKICN28985956,Okin Compatible Ink Cartridge Replacement for Brother LC3313 - Black,16.43,15.62,4.93,CLEARANCE
IPCJIM0002,"JimiLab JM-VL02 LTE Cat M1 & NB2 Fleet Tracker, Multiple I/Os for Sensors/Peripherals, Emergency SOS Button LTE: Cat M1 & NB2 & GSM, Driving Behavior Analysis, ACC Detection - Ignition Status, Remote Cut-Off (Fuel/Power)",117.28,98.6,15.93,CLEARANCE
IPHEPS1000836,EPOS CSTD 01 Headset Cable - Easy Disconnect to RJ9,14.38,11.12,22.67,CLEARANCE
IPHHPE6044086,HP Poly Savi 8245 Mono DECT Headset with Stand - Teams Certified,383.33,328.66,14.26,CLEARANCE
KVMSTT2650642,StarTech.com GCHDMIFF HDMI Coupler / Gender Changer - HDMI to HDMI F/F - Gender Changer Adapter Coupler,22.25,18.81,15.46,CLEARANCE
KVMSTT4150589,StarTech.com US1GC30DB USB-C to Gigabit Ethernet Adapter - 1Gbps NIC USB 3.0/USB 3.1 Type C Network Adapter - 1GbE USB-C to RJ45/LAN Port Thunderbolt 3 Compatible Windows MacBook Pro Chromebook,37.29,24.82,33.44,CLEARANCE
LABAVE239518,AVERY Kraft Brown Round Labels - 60mm - Laser - Inkjet - Permanent,27.11,24.46,9.77,CLEARANCE
LABDYM3618623,"Dymo W008407 Genuine AC Power adaptor fits LabelWriter 320, 330, 400, 450, 450 Turbo, 450 Duo Label Printer AU/NZ",41.63,40.15,3.56,CLEARANCE
LABPNZ1002,"Peacock Bros CPTICKET76 Plain  Courier Labels - 100mmx174mm - 750 labels per roll on a 76mm core, outside wound with cuts Courier Post/ParcelPort Label - Internal Cuts",30.56,22.68,25.79,CLEARANCE
MEMHPE3252216,HPE 8GB Server RAM 1RX8 - PC4-2400T-R - 805347-B21,280.88,201.18,28.38,CLEARANCE
MOABRA1219,"Brateck M06-23DE-AI.BLK Smart Dual-Motor Sit-Stand Desk with Intelligent APP Control - Black - Programmable Height Range, Collision Avoidance System, Sit/Stand Time Reminder, Dims 1000-1700x600x620-1280mm",506.59,458.88,9.42,CLEARANCE
MOASTT4408174,"StarTech.com ARMDUOVS Ergonomic Vertical Dual Monitor Stand Desktop Stacked Two Monitor Stand up to 27"" VESA Mount Displays - Free Standing Universal Monitor Mount - Height Adjustable - Silver",240.03,213.45,11.07,CLEARANCE
MOASTT6266972,StarTech.com 31569-PRIVACY-SCREEN 31.5in Computer Monitor Privacy Filter,304.65,154.42,49.31,CLEARANCE
MOASTT6412497,StarTech.com 14LM-PRIVACY-SCREEN Magnetic Privacy Screen For 14IN Laptop,71.77,62.47,12.96,CLEARANCE
MPHCPLRS36BSC,"CipherLab RS36 5.5"" Touchscreen Handheld Computer - 4GB RAM+64GB Android 14 - Standard Range 2D Imager (SE4770), LTE/GPS - 6000mAh Battery - USB Snap-On Kit - Screen Protector & Rubber Boot",1223.19,1063.75,13.03,CLEARANCE
MPP3SI0172807,3SIXT 3S-9103 SlimFolio Mag-Safe Phone Case for Samsung Galaxy S25+  Black RFID Blocking Wallet Black,31.14,26.7,14.26,CLEARANCE
MPP4GM0166055,4GAMERS 4G C6-100 BLACK/WHITE CAMO,23.75,20.37,14.23,CLEARANCE
MPPCPC0168574,Capcom EXOPRIMAL - PS5,20.73,15.24,26.48,CLEARANCE
MPPCSM10172006,Casemate iPhone 16 Pro KS055216 Kate Spade Liquid Glitter MagSafe Case - Opal Iridescent (RC),46.61,37.96,18.56,CLEARANCE
MPPGEN0852,Xiaomi Redmi Note 14 Pro/14 Pro+ 5G Flip Wallet Case - Black 3 Card Slots - Cash Compartment - Magnetic Clip,25.32,24.06,4.98,CLEARANCE
MPPGML0169629,GAMEMILL ENTERTAINME NICK ALL STAR BRAWL 2 - PS5,49.0,36.02,26.49,CLEARANCE
MPPGML0169635,GAMEMILL ENTERTAINME TROLLS REMIX RESCUE - PS5,29.92,22.0,26.47,CLEARANCE
MPPKTF0163220,KONTROLFREEK Call of Duty Vanguard Performance Thumbsticks for Xbox One and Xbox Series X/S,19.0,15.48,18.53,CLEARANCE
MPPMMG10173057,MAXIMUM GAMES TRAIN SIM WORLD 5 - PS5,49.0,36.02,26.49,CLEARANCE
MPPPZG10171816,PanzerGlass iPhone 16 Pro 2854 Ceramic Screen Protector Ultra-Wide Fit,36.65,29.22,20.27,CLEARANCE
MPPZAG10170702,ZAGG Milan - Samsung Galaxy S24 Ultra - Iridescent,43.71,36.02,17.59,CLEARANCE
NBADEL6354719,"Dell 492-BDMX USB-C to HDMI 2.1 Adapter Support resolution 4096x2160 (4K) at 144Hz, maximum 7680x4320 (8K) at 60Hz",57.75,37.33,35.36,CLEARANCE
NBAMSI075808,"MSI Stealth Agent Backpack 20th Fits up to 17"" Laptop",79.0,75.05,5.0,CLEARANCE
NBAMSI11000,MSI Mouse Pad 20th,19.0,5.0,73.68,CLEARANCE
NBASTT5500060,StarTech.com LAPTOP-STAND-SILVER Laptop Stand for Desk - Supports 5kg/11lb -  Aluminum - Silver - Ergonomic Laptop Riser - Portable Laptop Holder,89.37,85.28,4.58,CLEARANCE
NBKGRLEN008140,"Lenovo ThinkPad X13 Yoga G4 13.3"" WUXGA Touch 2-in-1 Laptop (A-Grade Refurbished) Intel Core i5 1335U - 16GB RAM - 256GB SSD - Win11 Pro - Includes Stylus - 18-Month Warranty - GreenMachine Certified Refurbished",1399.0,1262.6,9.75,CLEARANCE
NETSTT3572274,"StarTech.com JD089BST HPE JD089B Compatible SFP Module - 1000BASE-T - SFP to RJ45 Cat6/Cat5e - 1GE Gigabit Ethernet SFP - RJ-45 100m - HPE 5820AF, 12500, 5500",86.51,51.74,40.19,CLEARANCE
NETTTK4000,Teltonika RUT140 N300 Wi-Fi4 Mountable Industrial Ethernet Router 100M FE x 2,103.5,98.32,5.0,CLEARANCE
NEW1003,Newtral 3 20GN3MWL Wireless Mouse Medium Left Hand Goldtouch,197.96,123.25,37.74,CLEARANCE
OFSMMM10688,3M 70009117790 Scotch Mounting Squares 111H-SQ-48 Indoor 25mm - 48 Pack,7.04,5.68,19.32,CLEARANCE
OFSMMM11191,"3M 7100182823 Scotch-Brite Extreme Scrub Scouring Pad, Pack of 2",6.87,2.82,58.95,CLEARANCE
OFSOKN5969413,Okin IBTN3605XL Compatible Brother TN3605XL Black Toner Cartridge,62.88,52.54,16.44,CLEARANCE
PNTTMA8109,Tamiya XF-9 Enamel Mini Paint - Hull Red - 10ml,4.75,3.43,27.79,CLEARANCE
PNTTMA81535,Tamiya X-35 Acrylic Mini Paint - Semi Gloss Clear - 10ml,5.8,5.51,5.0,CLEARANCE
PNTTMA81723,Tamiya XF-23 Acrylic Mini Paint - Light Blue - 10ml,4.37,3.6,17.62,CLEARANCE
PNTTMA81727,Tamiya XF-27 Acrylic Mini Paint - Black Green - 10ml,4.75,3.43,27.79,CLEARANCE
PNTTMA87060,Tamiya Finishing Materials Series No.60 - Finishing Abrasive - P2000 - 3 Pieces,6.75,2.74,59.41,CLEARANCE
POSZBR5153909,Zebra P1112640-017C Kit Wireless Module WiFi 802.11ac MFI 3.0 All countries except USA CanadaandJapan ZD421D ZD621D ZD421T,283.69,255.37,9.98,CLEARANCE
PRM1269,Promate ALPHA-X 5W Dynamic HiFi RGB Speaker with Headphone Stand & USB Hub Bluetooth - 11 RGB Modes - 2x USB-C & 2x USB-A Ports - Supports up to 480Mbps - Built-in Microphone - 1.5m Cable,87.27,69.28,20.61,CLEARANCE
PRM1312,Promate LUCIDLINE-CC200B 100W PD - 480Mbps USB-C Cable - 2m - Black Transparent Connectors - LED Light - Gold Plated Connectors - Data & Charge,20.65,19.62,4.99,CLEARANCE
PRM7475,Promate PROKEYS-XS Full-Size Triple-Mode Wireless Keyboard with Scissor Keys & Silent Keys,57.42,54.56,4.98,CLEARANCE
RACDNX1098,"Dynamix PP-CMRES01 1RU 19 40mm Recessed Brush Cable Management Bar. Dimensions 44x88x485mm, supplied with Cage Nuts.",44.64,34.94,21.73,CLEARANCE
SEVOEM6781,"Dell Latitude 5420, 7420, 7520 US Backlit Keyboard (Black) PN: CW3R5. 0CW3R5, 0CM7JH, CM7JH, PK1330S1B00, NSK-QXABC 01",39.99,29.39,26.51,CLEARANCE
SPKJBL6268849,"JBL Stage 260F 2.5-Way Dual 6.5"" Passive Floorstanding Loudspeaker - Anthracite Espresso (Single) Dual 6.5"" Woofers + 1"" Horn Tweeter - Ideal for 5.1 / 7.1 Dolby Atmos Surround Sound Left / Right Channel - 6ohm - 20W-225W - Amplifier Requir",758.0,684.09,9.75,CLEARANCE
TOLXTR0112,XTAR SD1 LED Beacon 4 Colour 8 Light Modes 100M Powered by CR123A Battery,39.0,30.18,22.62,CLEARANCE
UCHSPB0225,"PHILEX PHC-7606P 3Dual Quick Charge, 48W large power by PD and QC3.0 Car Charger with a built-in intelligent chip.",20.17,17.12,15.12,CLEARANCE
UNC001004723,"Okin ITR80X60 Okin Thermal Roll BPA Free 80x60mm, Pack of 5",9.64,8.83,8.4,CLEARANCE
UNC001007050,Ubiquiti Twin Pack of 10Gbps Single Mode Fiber Modules 1310nm 10km,196.49,186.67,5.0,CLEARANCE
WRIPLT20006,Pilot Acroball Ballpoint Fine Orange (BPAB-15F-O) -- Buy 12 units to receive them in a box,3.97,1.51,61.96,CLEARANCE
WRISPE00019,Sharpie Fine Black Permanent Marker Pen - Price is for single unit,5.05,4.32,14.46,CLEARANCE
WRIUNI0316,Uni Posca PC-3M Water-based Paint Marker Assorted Bullet Fine 0.9-1.3mm - Pack of 16,61.0,57.95,5.0,CLEARANCE
WTHHUA55021134D,"Huawei Watch GT 5 Pro 46mm Smart Watch - Black with Titanium Case and Black Fluoroelastomer Strap - (ex-demo, PB 3 month warranty)",669.0,635.55,5.0,CLEARANCE
WTHSAM51102,Samsung Galaxy Ring Smart Ring - Titanium Gold - Size 11,699.0,630.86,9.75,CLEARANCE
HSTSCD003601,Skullcandy Hesh 360 Wireless Over-Ear Headphones - Bone White - Personalised Sound - Clear Voice Calls with Sidetone - Custom & Pre-set EQs - Multipoint - Spotify Tap - Foldable design - Up to 100hrs battery life,128.0,122.18,4.55,CLEARANCE
MPPCOE0000013,"coehl iPhone 16 Pro (6.3"") Creme Case - Ballet Pink Magsafe Compatible - Soft - Smooth Exterior that Reduces Fingerprints - Smudges and Dust Adhesion - Includes Matching Lanyard Strap",39.0,21.44,45.03,CLEARANCE
MPPCOE0000025,"coehl iPhone 16 Pro Max (6.9"") Creme Case - Taupe Grey Magsafe Compatible, Soft, Smooth Exterior that Reduces Fingerprints, Smudges and Dust Adhesion, Includes Matching Lanyard Strap",39.0,21.44,45.03,CLEARANCE
MPPCOE0000034,"coehl iPhone Air (6.5"") Serina Case - Cloud Pink Slim, lightweight protection made from premium liquid silicone, Compatible with magnetic wireless charging. Detachable wrist strap included.",39.0,21.44,45.03,CLEARANCE
MPPCOE0000037,"coehl iPhone 17 Pro (6.3"") Mirelle Case - Shell Pink Textured leatherette exterior with superior hybrid impact defense, Shock-absorbing protection with raised camera lens bezel, compatible with magnetic wireless charging. Includes matching",44.0,24.18,45.05,CLEARANCE
MPPCOE0000038,"coehl iPhone 17 Pro (6.3"") Serina Case - Cloud Pink Slim, lightweight protection made from premium liquid silicone, Compatible with magnetic wireless charging. Detachable wrist strap included.",39.0,21.44,45.03,CLEARANCE
MPPGEN0693,Galaxy A25 5G (2024) Flip Wallet Case - Pink 3 Card Slots - Cash Compartment - Magnetic Clip,25.32,7.59,70.02,CLEARANCE
MPPINC00000011,"Incase iPhone 16 Pro Max (6.9"") Slim Case - Black",49.94,24.97,50.0,CLEARANCE
MPPSKA0000060,"skinarma iPhone 18 Pro/17 Pro (6.3"") Magma Mag-Charge Case - Graphite , Compatible with Magnetic Charging- 360  Full Protection- 2H Scratch Resistance- Aluminium Power and Action buttons- Includes Interchangeable Lanyard Loops",39.0,19.49,50.03,CLEARANCE
MPPTOR00000119,"Torras iPhone 16 Pro (6.3"") Ostand Spin Case - Clear All in One: Magnetic / Stand / Ring Holder - 360 Spin",74.0,44.39,40.01,CLEARANCE
MPPTOR00000178,"Torras iPhone 16 Pro (6.3"") Ostand R Fusion Spin Case - Light Purple All in One: Magnetic / Stand / Ring Holder - 360 Spin",46.99,28.19,40.01,CLEARANCE
INKESN0068,eSun eABS+ HiSpeed Filament - Green 1kg Roll - 1.75mm - Compatible with Most FDM 3D Printers such as Creality / Bambu Lab / AnkerMaker / Raise3D / Flsun,39.0,20.12,48.41,CLEARANCE
INKESN0069,eSun eABS+ HiSpeed Filament - Grey 1kg Roll - 1.75mm - Compatible with Most FDM 3D Printers such as Creality / Bambu Lab / AnkerMaker / Raise3D / Flsun,39.0,20.12,48.41,CLEARANCE
INKESN0073,eSun eABS+ HiSpeed Filament - Blue Compatible with Most FDM 3D Printers such as Creality / Bambu Lab / AnkerMaker / Raise3D / Flsun,39.0,20.12,48.41,CLEARANCE
INKESN0094,eSun PLA-Rock Filament - Hornfels 1kg Roll - 1.75mm - Compatible with Most FDM 3D Printers such as Creality / Bambu Lab / AnkerMaker / Raise3D / Flsun,45.0,30.0,33.33,CLEARANCE
INKESN0098,eSun PLA-Rock Filament - Quartzite 1kg Roll - 1.75mm - Compatible with Most FDM 3D Printers such as Creality / Bambu Lab / AnkerMaker / Raise3D / Flsun,45.0,30.0,33.33,CLEARANCE
MPPRRS01190,RockRose Ranger Cruiser Bluetooth 5.3 FM Transmitter & 20W PD USB-C & USB-A Car charger - Hand Free Calling - Music Playback from SD and USB,29.12,,,
ADPJ5C5465,J5create USB-C 8K Dual HDMI Display Adapter,113.46,,,
ADPDNX1091,Dynamix SPAPD65-AC 65W PD USB-C and USB-A Wall Charger. White,35.86,32.36,9.76,CLEARANCE
ADPMBE1013,mbeat MB-CGL-1K USB-C to Gigabit Ethernet (RJ45) LAN Adapter - Black,34.5,31.14,9.74,CLEARANCE
ADPSTT5305731,StarTech.com DKT30ICHPD USB C Multiport Adapter - 4K HDMI/PD/USB,59.34,44.15,25.6,CLEARANCE
HSTSHK08030RA,Shokz Refurbished OpenRun Wireless Open-Ear Bone Conduction Endurance Headphones - Black - Grade A,209.0,198.55,5.0,CLEARANCE
HSTSHK08031RA,Shokz Refurbished OpenRun Wireless Open-Ear Bone Conduction Endurance Headphones - Blue - Grade A,209.0,198.55,5.0,CLEARANCE
HSTSHK08034RA,Shokz Refurbished OpenRun Mini Wireless Open-Ear Bone Conduction Endurance Headphones - Black - Grade A,209.0,198.55,5.0,CLEARANCE
HSTSHK08200RA,Shokz Refurbished OpenRun Pro 2 Wireless Open-Ear Bone Conduction Sports Headphones - Black - Grade A,269.0,255.54,5.0,CLEARANCE
HSTSHK08202RA,Shokz Refurbished OpenRun Pro 2 Mini Wireless Open-Ear Bone Conduction Sports Headphones - Black - Grade A,275.0,261.25,5.0,CLEARANCE
HSTSHK09100RA,Shokz Refurbished OpenFit Open-Ear True Wireless Headphones - Black - Grade A,199.0,189.05,5.0,CLEARANCE
MPPOTB80671,OtterBox Gaming Carry Case - Black,48.2,32.67,32.22,CLEARANCE
MPPUNQ00000161,Uniq Galaxy S26 (2026) Optix Tempered Glass Screen Protector - Privacy 9H Tempered Glass - 2-Way 30 Degree Privacy Filter - Up to 1.8m Impact Tested - Oleophobic Anti-Fingerprint Coating - Anti-Dust Filter Protection - DustRepel Anti-Static,14.42,,,
CABMOK854009217,Moki ACC-MSTLCABRG SynCharge USB-A to Lightning Cable - 90cm - Rose Gold Braided,23.46,11.76,49.87,CLEARANCE
EXWKSHP600203,HP ProDesk 600 G3 SFF Intel Core i5-7500 Desktop PC (A-Grade Refurbished) 8GB RAM - 256GB SSD - DVD-RW - Win10 Pro - 18-Month Warranty - GreenMachine Certified Refurbished,499.0,450.34,9.75,CLEARANCE
KVMSTT3066482,StarTech.com HB30C3A1CFB 4 Port USB 3.0 Portable USB-C Hub,60.34,46.92,22.24,CLEARANCE
MPPPZG10170617,PanzerGlass Samsung GS24 3-in-1 Bundle,49.94,33.49,32.94,CLEARANCE
MVRKWD0036,Kiwi Design for META Oculus Quest 3 Knuckle Controller Grips Cover - Black,49.99,47.5,4.98,CLEARANCE
NBDSTT5192698,StarTech.com Triple 4K 60Hz Docking Station USB-C - USB-A - Hybrid,428.51,386.73,9.75,CLEARANCE
CAAGPO1909,GoPro APHGM-001 Volta Battery Grip for HERO & MAX,208.93,,,
CHSSTT3985149,"StarTech.com RK12WALLOA 12U 19"" Wall Mount Network Rack - Adjustable Depth 12-20"" 2 Post Open Frame Server Room Rack for AV/Data/ IT Communication/Computer Equipment/Switch w/Cage Nuts & Screws",353.94,,,
MICBYA0002,Boya BY-M2 Clip-on Lavalier Microphone for Apple  iOS devices,47.96,,,
MONSAM42285,"Samsung ViewFinity S8 S85TH 40"" 5K2K WUHD 144Hz Curved Ultrawide Monitor with Thunderbolt5 140W - 5120x2160 - Curved 1000R - DP - HDMI 2.1 - Thunderbolt5  140W PD - USB Hub - KVM Switch - RJ45 - HDR400 - Speaker - Ergonomic Stand - 100x100",1899.17,,,
MPPBEL3499888,Belkin Lightning Audio + Charge RockStar for iPhones Dual functionality (listen to Lightning audio and charge at the same time),67.53,,,
MPPOPP0021,OPPO Reno12 F TPU Protective Bumper Case,23.79,,,
TAAARX710023,Armor-X ( RIN  Series) RainProof Military Grade Rugged Tablet Case W/ Shoulder + Hand Strap & Kick-Stand  for Samsung Galaxy Tab S9  ( SM-X710 / SM-X716 ),83.25,,,
TAABAS0027,Baseus (U+C) Circular Plastic Car Charger with (C&L) Cable 60W - Cosmic Black,41.06,,,
BAPBEL6142249,Belkin BoostCharge 10000mAh 15W 3-Output Power Bank -Blue Input 15W / Output 15W / 12W USB-A / 15W USB-C,50.98,,,
BAS91508,Baseus Metal Age Gravity Car Mount (CD Version) - Black,25.88,,,
CABPDY0087,PUDNEY P3733 CORDLESS PHONE BATTERY FOR UNIDEN DECT20XX SERIES,11.84,,,
CCTRLK1058,Reolink RLC-830A 8MP/4K Outdoor PT PoE IP Camera with Spotlight Auto Tracking / Accurate Detection and Notifications / Time Lapse,244.12,,,
MONACN2402,"Acer Add-in-One MA240t for ACA 23.8"" FHD Touch Docking Monitor with M2M Stand for Acer Chromebox CXI5 w/ power on cable, w/ Australia power cord and ACA Acer warranty booklet.",279.45,,,
SEVOEM6400,US Backlit Keyboard with Pointer (with Black Frame) for HP EliteBook 840 G1 840 G2 850 G1 - PN: 736654-001 731179-001 NSK-CP2BV 9Z.N9JBV.201 6037B0085601,65.0,38.92,40.12,CLEARANCE
TOLTMA74119,Tamiya Craft Tool Series No.119 - Phillips - (+) Screwdriver PRO - Medium Japan Japan,16.09,12.8,20.45,CLEARANCE
WTREKW819746,EKWB EK-Quantum Volume FLT 360 D-RGB - Plexi,229.0,137.11,40.13,CLEARANCE
ADPDRJ459F,Dynamix A-D9FRJ45 DB9 Female to RJ-45 ADAPTOR(8 Wire) Extend Serial port via CAT5 Cable,6.23,5.92,4.98,CLEARANCE
ADPHDT3650428,HP 1HE07AA  45W USB-C G2 POWER ADAPTER,83.84,53.03,36.75,CLEARANCE
ADPSTT3572148,StarTech.com PIB2M21 USB M.2 SATA Converter for Raspberry Pi,72.77,56.32,22.61,CLEARANCE
ADPSTT4041692,StarTech.com USB32DPES2 USB 3.0 to DisplayPort Adapter - 4K 30Hz - External Video & Graphics Card - USB Display Adapter - Supports Windows,134.72,80.93,39.93,CLEARANCE
ADPSTT4184410,StarTech.com CDP2MDPMM1MB 4K 60Hz USB-C to Mini DisplayPort Cable - 1m (3.3ft) - Black USB 3.1 - USB-C to mDP,39.72,39.71,0.03,CLEARANCE
ADPSTT690313,StarTech.com DP2DVIMM10 1920x1080 DisplayPort to DVI Cable - 3m (10ft) DP 1.2 to DVI-D - Single Link - Converter - Monitor Cable,50.37,45.94,8.79,CLEARANCE
BUR1052,BURO 159-M2 Seating Elan Chair Lumbar Grey Mesh S/SLID,606.03,546.94,9.75,CLEARANCE
CABDNX7004,Dynamix FL-LCSC50-1 OM3 LC to SC Fibre Lead - 1m 50 Micron - Duplex - Multimode,13.9,9.4,32.37,CLEARANCE
CABSTT4687175,StarTech.com N6PAT300CMBKS Cat6 - Slim Patch Chord - 3m - Black Slim CAT6 Patch Cord - Male to Male,9.94,8.96,9.86,CLEARANCE
EXMEMWKS0042,4 GB DDR4 Used Desktop RAM (Brands may vary) 3 Month Warranty,70.15,54.28,22.62,CLEARANCE
EXMONHP2411,"HP ProDisplay P240VA 23.8"" FHD Monitor (A-Grade Refurbshed) 1920x1080 - DisplayPort - HDMI - VGA - Supplied with Power and HDMI Cables - 18-Month Warranty - GreenMachine Certified Refurbished",184.0,174.8,5.0,CLEARANCE
EXWKSDEL7060104,Dell Optiplex 7060 Intel Core i5 8400 SFF Desktop PC (A-Grade Refurbished) 8GB RAM - 250GB SSD - Win11 Home - 18-Month Warranty - GreenMachine Certified Refurbished,575.0,381.47,33.66,CLEARANCE
HOMMDE0005R,Midea Remanufactured MDDP50 50L / Day Dehumidifier with 6L Water Tank /PB 6 mths warranty,374.26,304.83,18.55,CLEARANCE
IPCJIM0009,"JimiLab LL303 LTE Solar Powered GNSS Tracker LTE & GSM Network, GPS & BDS & LBS Positioning, Solar & Magnetic Charging",196.8,177.61,9.75,CLEARANCE
LABDYM2737970,Dymo S0895920 AC Aadptor for the Labelmanager  AU/NZ,29.85,22.56,24.42,CLEARANCE
MPP3SI10165880,3SIXT iPhone 14 Pro Max Neo Stand Case - Black MagSafe,32.84,15.82,51.83,CLEARANCE
MPPICP10166362,3SIXT Incipio Organicore - iPhone 14 Pro - Charcoal/Clear,34.4,26.62,22.62,CLEARANCE
MPPOMP9961,OMP Sony Xperia Z3 Premium Tempered Glass Screen Protector,13.01,7.13,45.2,CLEARANCE
MPPSGP02843,Spigen Xiaomi Mi 11 Lite 5G Rugged Armor Case - Black Durable Mechanical Design - Air Cushion Technology (Military-Grade Protection) - Carbon Fiber Design,19.0,6.47,65.95,CLEARANCE
NBGBNE90027,"Bonelk Long-Life Attache Carry Case for 15""-16"" Laptops - Black",79.0,75.05,5.0,CLEARANCE
NETTTK1010,Teltonika RUTX10 AC867 Dual Band Wi-Fi 5 Industrial Router 1 GbE x4 / Dual Band Wi-Fi / Bluetooth LE,345.0,327.75,5.0,CLEARANCE
NETTTK1012,Teltonika RUTX12 4G LET Dual Cat 6 AC867 Dual Band WiFi 5 Industrial Router 1GbE x 5 / SIM slot x 2 / Bluetooth LE / Dual 4G LTE modems / GNSS,702.78,667.63,5.0,CLEARANCE
PAPCSN80399,Century Snow A4 Office Printer Paper 80gsm - White - 210x297mm - 500 Sheets per Ream - A grade Multipurpose Laser / Copier / Inkjet - 160CIE Whiteness - Price for per Ream (5reams/box),7.42,6.36,14.29,CLEARANCE
PNTTMA8033,Tamiya X-33 Enamel Mini Paint - Bronze - 10ml,4.75,3.66,22.95,CLEARANCE
MPPCOE0000012,"coehl iPhone 16 Pro (6.3"") Muse Case - Cream Magsafe Compatible, Textured Leatherette Exterior,Shock-Absorbing Protection with Raised Camera Lens Bezel, Includes Matching Lanyard Strap",44.0,24.18,45.05,CLEARANCE
MPPCOE0000022,"coehl iPhone 16 Pro Max (6.9"") Muse Case - Dusty Nude Magsafe Compatible, Textured Leatherette Exterior, Shock-Absorbing Protection with Raised Camera Lens Bezel, Includes Matching Lanyard Strap",44.0,24.18,45.05,CLEARANCE
TOYSVL0080,"EXOST FUSION BOLT 1:14, Full Functional Control 2.4GHz, R/C,  Dynamic Light, For Age 5+!",60.0,37.95,36.75,CLEARANCE
ADPSAC0021,SATECHI 40W Dual USB-C PD Car Charger - Space Grey,32.91,,,
AUDROD1113,RODE WIME Wireless Micro Lightning Ultra-compact Wireless Microphone - White - Audio System for Lightning Smartphones,166.99,,,
CAAPGY0260,PGYTECH OneGo Cloud Bag M (Midnight),66.27,,,
CABBEL6645328,Belkin BoostCharge USB-A to Lightning Cable - 1m - Black,22.74,,,
CABCYG11102,Cygnett Essentials USB-A to USB-C Cable - 1m  - White,11.02,,,
CAMPLD009096,POLAROID Go Gen 2 Instant Film Camera - Black,115.67,,,
CCTBAS122211,Baseus Security S1 3MP/2K Outdoor Wire-Free Solar Camera - 1 Pack 10400mAh  / FOV:145° / AI Function: Human / Zone detection / Built-in EMMC:8GB,216.69,,,
GAMMVS0001,"Unico MVS Mini Arcade Game Console 3.5"" LCD Screen & Built-In Control Pad - Official SNK Licensed - Includes 45 NEOGEO / Retro Games",132.25,,,
HEAGAR100278500,Garmin Venu 3S Smartwatch - 41mm Slate stainless steel bezel with pebble gray case and silicone band,827.08,,,
HOMBBT0006,"Beatbot AquaSense 2 Ultra Robotic Pool Cleaner Real Dirt Detect, AI Mapping,AI-powered 5-in-1 cordless robotic pool cleaner, HybridSense , offer up to 10 Hours surface clean/ 36 Months Warranty",3359.79,,,
HOMDYS113161,Dyson Airwrap Origin Multi Styler and Dryer - Nickel Copper Fast & Powerful Drying - Intelligent Heat Control - 2 Years Guarantee,561.58,,,
HOMDYS113297,Dyson Supersonic HD07 Hair Dryer - Prussian Blue/ Rich Copper 3 Attachments - Fast & Powerful Drying - Intelligent Heat Control - 2 Years Guarantee,571.12,,,
HSTEDI03000,Edifier STAX SPIRIT S3 Wireless Planar Magnetic Audiophile Headphones - Black Bluetooth 5.2 with AptX Adaptive & AptX HD - Lightweight for All-Day Use - Snapdragon Sound - Genuine Leather + Cooling Earpads - Up to 80hrs Battery Life,288.82,,,
HSTEDI03000D,Edifier STAX SPIRIT S3 Wireless Planar Magnetic Audiophile Headphones - Black - EX-DEMO FOR CLEARANCE,191.96,,,
HUBBNE80048,Bonelk Long-Life USB-C 4-in-1 Multiport Slim Hub - Grey,47.5,,,
MEMKIN1004255,Kingston 16GB DDR5 Desktop UDIMM RAM 5600MT/s DDR5 Non-ECC CL46 DIMM 1Rx8,419.18,,,
MOASTT5807418,StarTech.com 14L-PRIVACY-SCREEN 14 inch Laptop Privacy Screen Anti-Glare for Widescreen (16:9) Displays - Laptop Monitor Screen Protector with 51% Blue Light Reduction - Reversible Matte/Glossy Sides,73.94,,,
MPPSAM0000196,Samsung Galaxy S26+ Anti-Reflecting Film - Transparent,25.74,,,
NBAALG85328B,"Alogic Flex Adjustable Stand & FUSION CORE USB-C Single 4K Docking Station, HDMI x1, USB 3.0 x3, USB-C x1 (DATA), support Android, MacOS, Windows",53.39,,,
NBASTT6144052,Kensington K58306WW KTG MAGPRO PRIVACY SCREEN MBOOK AIR 2023,116.98,,,
NBKAPP164251214,"Apple Macbook Pro 16"" Laptop with M4 Pro Chip with Nano Texture Display ( Silver ) 24GB Unified Memory - 512GB SSD - 14-Core CPU - 20-Core GPU - 16-inch Liquid Retina XDR Display 140W USB-C Power Adapter",4659.8,,,
NBKMSI143022,"MSI Modern 14S AI+ G3MG-022NZ 14"" FHD+ OLED Copilot+ Laptop Intel Core Ultra 7 355 - 16GB RAM - 1TB SSD - Win 11 Home - 1Y Warranty - AX Wi-Fi 6E + BT5.3",2253.44,,,
POSZBR4791704,"Zebra ZT41142-T0P0000Z Thermal Transfer 152 mm / sec 203 dpi Thermal Transfer, 203dpi, with USB & USB Host Label Printer",2368.51,,,
POSZBR5328302,Zebra ZD421 ZD4A042-D0PW02EZ Direct Thermal Printer 203 DPI USB Host Modular Connectivity Slot 802.11AC BT4ROW APAC Cord Bundle EU UK AUS JP Swiss Font EZPL,721.88,,,
PTRMKB0014,xTOOL Accessories Desktop Smoke Air Purifier for xTool F1 / F2 / M1 Ultra,537.31,,,
TAAAMZ114124,Amazon Kindle Scribe 2026 Model Plant-Base Magnetic Folio Cover - ( Matcha ),148.71,,,
TAABEL5755988,"Belkin BoostCharge 4-PortUSB Power Extender (For charging only, Not for data transfer)",26.83,,,
TAAZAG103420736,"ZAGG Pro Keys Connect Keyboard Tablet Case with Trackpad  for  Apple iPad Pro 13"" ( M5 / M4 ) - Durable case & direct connect keyboard with trackpad, kickstand, and pro typing experience",293.48,,,
TAAZAG314339,ZAGG Zagg Denali Case for Apple iPad Pro 11 inch ( M5/M4 ) - Black,50.6,,,
TAAZAG974011,"ZAGG Keyboard Pro Keys 2 for Apple iPad Pro 11"" ( M5/M4 ) - Black",195.62,,,
TABMST11172561,"Microsoft Surface Pro (11th Edition) for Business - Copilot+ PC - Platinum Intel Core Ultra 7 (Series 2) - 16GB RAM - 256GB SSD - 13"" PixelSense Flow OLED Display  - Win 11 Pro",,,,
TABMST112299011,"Microsoft Surface Pro (11th Edition) for Business - Copilot+ PC - Platinum Snapdragon X Elite (12 Core) - 16GB RAM - 1TB SSD - 13"" PixelSense Flow OLED Display  - Win 11 Pro",,,,
WTHHIF82357,"HiFuture FutureGo Pro2 Smart Watch - Silver Stainless Steel Body - 1.32"" AMOLED Display - Up to 10 Days Battery Life - Heart Rate, Sleep, & Blood Oxygen Monitoring - 1ATM Water Resistance",116.68,,,
WTHHIF83019,"HiFuture Zone 3 Smart Watch - Silver 1.85"" Display - Up to 7 Days Battery Life - 24/7 Health Tracking - 1ATM Water Resistance - 100+ Sports Modes",50.28,,,
WTHSAM50701,Samsung Galaxy Ring Smart Ring - Titanium Silver - Size 7,601.14,,,
ADPBNE80064,Bonelk USB-C to Ethernet Compact  Adapter ( Black ),30.99,,,
ADPSAC4039,SATECHI Mobile XR Hub with Audio USB-C - Space Grey Embrace the Full Potential of XR Technology - Enhance your Mobile Gaming / Streaming / Productivity Experience with the Satechi Mobile XR Hub with Audio,79.17,,,
AUDBYA2006,"Boya BY-V35 (2 x TX + 1 x 3.5 TRS RX) 2.4 GHz Dual-Channel Wireless Microphone The BY-V3 series is an upgraded dual-channel wireless microphone. Lightweight and portable, it comes with a charging case for all-day battery life. Featuring sma",109.74,,,
AUDROD0002,"RODE smartLav+ Lavalier Condenser Microphone for Smartphones , Clip-On Mic for iPhone and Android",133.11,,,
CAADJI0501,DJI Ronin RS 5,856.36,,,
CAADJI10173,DJI Power Car Power Outlet to SDC PowerCable(12V/24V) For DJI Power 1000 V2/2000,101.36,,,
CAAPGY0261,PGYTECH OneGo Cloud Bag S (Midnight),72.28,,,
CAAPGY13359,PGYTECH Camera Shoulder Strap Air (Tribal Geometric) S,60.73,,,
CAASMR5218,SmallRig Leather Case Kit for FUJIFILM X half (Brown),99.24,,,
CABBEL6718743,Belkin BoostCharge USB-A to Lightning Cable - 15cm - Black,22.23,,,
CABCXT52310,Cruxtec 1m USB-C to HDMI Cable 48Gbps - 8K/60Hz & 4k/120Hz & 2k/240Hz - Supports Dynamic HDR - DP Alt Mode,51.58,,,
CABCYG11201,Cygnett Essentials USB-A to USB-C Cable - 2m  - Black,12.96,,,
CABCYG13101,Cygnett Essentials USB-C to Lightning Cable - 1m - Black,21.24,,,
CABMOP409910805,Mophie Premium - 100W - USB 3.1 USB-C Cable - 2m - Black Up to 100W,37.14,,,
DSKLCK0054,Loctek Table Top Part - Desktop Only - Size 1200x600x25mm - White,91.24,,,
HOMEVCS0010,EcoVacs DCC040047 Washable Mopping Pad for DEEBOT X5 Family - 4 Pads,26.22,,,
HOMMIX43816,Xiaomi Main Brush for Xiaomi Mi E10 Robot Vacuum Cleaner Also Compatible with E12 & E10C,15.25,,,
HUBBNE80037,Bonelk Long-Life USB-A to 4 Port USB 3.0 Hub with SD / MicoSD Reader - Space Grey,45.99,,,
HUBBNE80057,Bonelk Long-Life USB-C to 8-in-1 Multiport Hub - Space Grey,109.49,,,
INKCNN1067,Canon CLI521C Ink Cartridge - Cyan 505 Pages - for Canon IP3600 / IP4600 / IP4700 / MP540 / MP550 / MP560 / MP620 / MP630 / MP640 / MP980 / MP990 / MX860 / MX870 Printer,34.2,,,
IPHEPS1000990,EPOS IMPACT D 30 PHONE DECT Headset - Phone Only,192.76,,,
IPPJ5C1079,"J5create ScreenCast FHD USB-C Wireless Display Extender  (Dual antenna) For highly conjested wifi environment. Supports all advanced features. TX for all USB-C devices including Chromebook. RX also supports Miracast, Airplay, and Chromecast",195.12,,,
KEYRAZ112623,Razer Joro Portable Wireless Gaming Keyboard,259.34,,,
KEYTAR5442570,Targus AKB869US Midsize Multi-Device Keyboard Bluetooth - Antimicrobial - Works with Chromebook,29.51,,,
LASBRT3412,Brother TN341C Toner Cartridge - Cyan 1500 Pages,156.62,,,
MEMKIN1004256,Kingston 32GB DDR5 Desktop UDIMM RAM - 5600MT/s - Non-ECC - CL46 - DIMM - 2Rx8 KVR56U46BD8-32,821.68,,,
MOAKEN4937260,Kensington MagPro K58351WW -  MAGNETIC PRIVACY SCREEN for 13in LAPTOPS,88.09,,,
MOASTT5186060,"StarTech.com PRIVSCNMON32 32 inch Monitor Privacy Screen Filter Widescreen Computer Monitor Security Filter, Blue Light Reducing Screen Protector - For 81.3 cm (32"") Widescreen LCD Monitor - 16:9 - Dust Resistant, Debris Resistant - Plastic",164.38,,,
MOASTT6266995,StarTech.com 2569-PRIVACY-SCREEN 25in Computer Monitor Privacy Filter,195.07,,,
MPPAPP9885334,Apple iPhone 16 Pro Silicone Case with MagSafe - Fuchisia Soft Touch Finish,58.06,,,
MPPPIK170131,PITAKA iPhone 17 Pro Summa Case - Black / Grey MagSafe Compatible - UltraGuard - Sleek and Unified - Featherlight Design with Aerospace-Grade Aramid Strength,132.73,,,
MPPSAM000083,Samsung Galaxy S25 Ultra Silicone Case Grey,35.43,,,
MPPSGP09092,Spigen Galaxy S25 5G Optik Pro Premium Camera Lens Tempered Glass Protector - 2 Pack Scratch Protection - Perfect Fit,30.58,,,
MPPTOR00000243,"Torras iPhone Air (6.5"") 2025 Camera Lensguard - Black",25.78,,,
MPPVER67036,"Verbatim 67036 3-in-1 Wireless Charging Dock Qi2 Certified, supports 15W Fast Charging for your phone, ensuring rapid and efficient power delivery",90.62,,,
MSEINC6299376,Incase Designed by Microsoft Mobile Mouse 1850 - Wool Blue,27.8,,,
NETMKT1302,MikroTik GPeR-IP67-Case IP68 Outdoor case for GPeR Gigabit Passive Ethernet Repeater,20.19,,,
OFSMMM10835,3M 70006852472 Scotch Tape Dispenser C18-B Black No Tape (Fits 25mm Core Tapes),11.06,,,
PETALU0001,"Aclium Airtight Smart Cat Automatic Pet Feeder for Cat and Dog, 1kg Capacity, App Enabled (2.4GHz WiFi)",121.24,,,
POSZBR5630810,Zebra 800300-301 Ribbon Mono -Black 2000 Images ZC300,67.57,,,
PTABAM0589,"Bambu Lab Accessories Hotend with hardened steel nozzle - 0.8 mm For Printer X Series, P Series",25.92,,,
SWHUBI10563,Ubiquiti Unifi USW-Flex-3 Indoor/Outdoor 5-Port Layer 2 Gigabit Switch with PoE Support - 3 Pack Operating Temperature -40 to 65°C,657.78,,,
TAABAS0029,Baseus Enjoyment Max 60W USB-C Car Charger with USB-C Cables - Cosmic Black,52.9,,,
TAABAS0033,Baseus Tiny Star 30W Mini Car Charger with USB-C Port & Lighting Cable - Cosmic Black,24.39,,,
TAABAS0073,Baseus Stable Gravitational Wireless Charging Car Mount Pro (Air Outlet Version) - Black 15W,51.58,,,
TAASAM6522206,Samsung Tab S10 FE+ Smart Book Cover - ( White ),154.96,,,
TAASAM6522208,Samsung EF-UX620CTEGWW Tab S10 FE+ Anti-Reflecting Screen Protector,39.81,,,
TAATUC580031,"Tucano MAGNET Magnetic Back Cover for iPad Air 13"" ( M4/M3/ M2 ) Magnetic back cover partially made from recycled plastic material - Lightweight with a minimalist design - Integrated hinge stand, perfect for reading, writing, or sketching",16.4,,,
TAATUC580051,"Tucano MAGNET Back Cover for iPad Pro 13"" ( M5/ M4 ) - Black -Magnetic back cover partially made from recycled plastic material. Lightweight with a minimalist design. Integrated hinge stand, perfect for reading, writing, or sketching on you",26.0,,,
TOYSVL0140,"Mould King Classic Cobra Roadster Brick Model Kit 1:14 - 1,198 Pieces - for Ages 14+!",79.99,,,
TOYUNT0101,Unitree Robotics Accessories Handheld Remote Controller for Unitree Go2 Air,629.12,,,
UCHSCC1031,Scosche TerraClamp PSM11013  MagicMount Pro Fork Stem Magnetic Mount for Mobile Phones,10.46,,,
WTAHUA000002,Huawei Smart Skipping Rope & Frisbee Gift Box,52.18,,,
WTAMOF904682,MOFT Apple Watch Band - Silicone - Roam Green x Beyond Blue - 42/41/40/38mm - Compatible with Apple Watch Series 11/10/9/8/7/6/SE/5/4/3/2/1/SE,52.82,,,
WTHHIF182029,"HiFuture Aurora Smart Watch - Silver 1.43"" AMOLED Display - Up to 10 Days Battery Life - IP68 Water Resistance - Health and Fitness Tracking - Bluetooth Calling",84.12,,,
ADPDEL2979310,Dell 492-11726 USB3.0 to Ethernet Adapter,35.65,33.87,4.99,CLEARANCE
ADPPDY1010,PUDNEY P180 CERAMIC CART SC12M BSR ST17,38.18,36.27,5.0,CLEARANCE
ADPPDY3501,PUDNEY P3501 F Socket to F Socket Coupler,9.88,9.38,5.06,CLEARANCE
ADPSTT4184412,StarTech.com SFPLCCAP10 Fiber Optic Dust Caps - 10 Pack - for LC Ports SFP Dust Cover -SFP DustCap-SFP Port Cover,8.76,8.38,4.34,CLEARANCE
ADPSTT5275981,StarTech.com USB-C Multiport Adapter HDMI / mDP 4K 60Hz,151.11,88.16,41.66,CLEARANCE
ADPSTT5330624,StarTech.com DKT30CMHSDPD USB-C Multiport Adapter 4K HDMI/PD/SD,35.98,24.74,31.24,CLEARANCE
ADPSTT690095,StarTech.com 35BAYCF2IDE 3.5in Drive Bay IDE to CF Adapter Card,46.41,34.21,26.29,CLEARANCE
ADPSTT690160,StarTech.com US1GC30B USB-C to Gigabit Ethernet Adapter Black USB3.1 to RJ45 LAN Network Adapter USB Type C to Ethernet USB-C Network Adapter  10/100/1000Mbps  Thunderbolt 3 Compatible  RJ45,72.75,63.55,12.65,CLEARANCE
AUDCWV1030,"Cerwin-Vega CERWIN VEGA PH694  6"" X 9"" SPEAKERS 320W PAIR PRO FULL RANGE CO-AX HORN",183.47,179.16,2.35,CLEARANCE
AUDIKM1044,SAMSON SCR21S Cardioid Handheld Microphone - with On/Off Switch,28.32,19.61,30.76,CLEARANCE
BATCAM9001,Camelion D Size CM-LR20-BP2 Alkaline Battery (Pair),10.65,5.75,46.01,CLEARANCE
BATMRP9013,Tadiran 2/3 AA TL-5955/P Lithium Battery with Pins 3.6V 2/3 AA 1.65Ah,20.68,16.84,18.57,CLEARANCE
BULSPB3033,Sansai GL-LC302E LED Bulb C37-5W-E27-Warm White,5.14,4.88,5.06,CLEARANCE
BUR1029,BURO 128-L3 Seating PERSONA 24/7 S/SLIDE 4L LEATHER,1215.78,1028.86,15.37,CLEARANCE
CAASMR04983,SmallRig L-Shape Mount Plate for Canon EOS R5 Mark II,99.0,59.28,40.12,CLEARANCE
CAB3SI722535,3SIXT 3S-0068 Lightning Charge & Sync Cable - 1m - White,17.86,12.08,32.36,CLEARANCE
CABDNX0355,Dynamix FMT-C6-1P Cat6 Single Port Floor Mount Terminal,8.99,6.99,22.25,CLEARANCE
CABDNX0597,Dynamix PLW-AUGS-25 Cat6A RJ45 Patch Lead - 25m - White S/FTP - Shielded - 10G - 26AWG - Slimline - 500MHz - Gold Plated,60.38,44.71,25.95,CLEARANCE
CABDNX0777,Dynamix PLSO-C6-0.75 Cat6A RJ45 Patch Lead - 75cm - Orange UTP - 10G - 30AWG - Ultra-Slim - Gold Plated - PoE 802.3af,7.06,5.43,23.09,CLEARANCE
CABDNX0999,Dynamix C-C6-ST R GREEN Cat6 UTP Stranded Cable Roll - 305m - Green 250MHz - 24AWG - PVC Jacket - Supplied in Easy Pull Box - Meter Marked,427.27,346.66,18.87,CLEARANCE
CABDNX2050,Dynamix SRS-BV2-BL-20 BLUE RJ45 Strain Relief     Boot - Slimline with Clip Protector (6.0 mm Outside Diamter) 20pk Bag,8.3,6.75,18.67,CLEARANCE
CABDNX7550,Dynamix FLA-LCLCOM3-5 OM3 LC to LC Armoured Fibre Lead - 5m - Aqua Duplex - Multimode - 3.3mm - LZSH Jacket,38.35,33.35,13.04,CLEARANCE
CABPDY0099,PUDNEY Telephone Telephone Cable - 6m PVC,15.87,10.75,32.26,CLEARANCE
CABPSU0596,IEC-Lock IEC C14 to C13 Power Cable - 50cm - Black 10A - IEC-Lock - 1mm2,6.89,5.59,18.87,CLEARANCE
CABPSU0611,RackPower CM1NC050 10A 3-Pin to C13 Cable - 50cm - Black 1mm2 - PVC,6.8,4.62,32.06,CLEARANCE
CABPSU0790,RackPower 10A - High Temp C14 to C15 Cable - 2m - Black 120 C - Bottom Entry Socket - 1mm2 - Rubber,16.61,8.19,50.69,CLEARANCE
CABRKP1028,RackPower CM1CH050R 10A C14 to C15 Cable - 50cm - Red 120C High Temp Socket - 1mm2 - Rubber,21.54,18.57,13.79,CLEARANCE
CABSTT1722014,StarTech.com DP2DVIS 1920x1080 - Active DisplayPort to DVI Adapter DP 1.2 to DVI-D - Monitor Cable Adapter Dongle - Latching DP Connector,53.94,50.91,5.62,CLEARANCE
CABSTT1722033,StarTech.com MXTMMHQ15M VGA VGA Cable - 15m Coax High Resolution Monitor VGA Cable - HD15 Male to Male,70.22,46.91,33.2,CLEARANCE
CABSTT1861415,StarTech.com SMFIBLCSC1 Single-Mode - 9/125 Fiber Patch Cable - 1m Single-Mode Duplex - 9/125 - LSZH - LC/SC,28.43,17.79,37.43,CLEARANCE
CABSTT2308008,StarTech.com HDMM1M 4K 30Hz HDMI Cable with Ethernet - 1m (3ft) - Black HDMI Cable - 4K High Speed HDMI Cable with Ethernet - UHD 4K 30Hz Video - HDMI 1.4 Cable - Ultra HD HDMI Monitors / Projectors / TVs & Displays - Black HDMI Cord - Male,18.99,17.32,8.79,CLEARANCE
CABSTT2334855,StarTech.com PYO2LP4LSATA LP4 to SATA Power Splitter Cable - 30cm LP4 to 2x latching SATA,13.21,10.49,20.59,CLEARANCE
CABSTT2902496,StarTech.com HDMM1MHS 4K x 2K HDMI Cable with Ethernet - 1m - Black High Speed HDMI Cable - Ultra HD 4k x 2k HDMI Cable - HDMI to HDMI Male to Male - 1080p Audio/Video - Gold-Plated,12.4,11.9,4.03,CLEARANCE
CABSTT3440546,StarTech.com HDMM10 4K 30Hz HDMI Cable with Ethernet - 3m (10ft) - Black HDMI Cable - 4K High Speed HDMI Cable with Ethernet - UHD 4K 30Hz Video - HDMI 1.4 Cable - Ultra HD HDMI Monitors / Projectors / TVs & Displays - Black HDMI Cord - Mal,32.63,26.55,18.63,CLEARANCE
CABSTT3715534,StarTech.com SFP1000TXST MSA Uncoded Compatible SFP Module - 1000BASE-TX - SFP to RJ45 Cat6/Cat5e - 1GE Gigabit Ethernet SFP - RJ-45 100m,94.15,74.45,20.92,CLEARANCE
CABSTT4444035,StarTech.com LTANCHOR Cable Lock Anchor Laptop Cable Lock Anchor - Steel Computer Security Cable Anchor / Desk Mount SECURITY Anchor point / Screw-on Lock Anchor,28.44,25.15,11.57,CLEARANCE
CABSTT4612821,StarTech.com N6PAT50CMBLS Cat6 - Slim Patch Cord - 50cm - Blue Slim CAT6 Patch Cord - Male to Male,5.57,5.5,1.26,CLEARANCE
CABSTT4693169,StarTech.com N6PAT250CMBLS Cat6 - Slim Patch Cord - 2.5m - Blue Slim CAT6 Patch Cord - Male to Male,11.44,7.37,35.58,CLEARANCE
CABSTT4904188,StarTech.com RHDMM1MPW HDMI 2.0 - 4K 60Hz HDMI Cable - 1m - White Premium Certified - Ethernet - Durable - High Speed - UHD 4K 60Hz - HDR - Rugged - Aramid Fiber - TPE - Ultra HD Monitors - TVs - Displays,30.22,16.72,44.67,CLEARANCE
CABSTT5139045,StarTech.com CBMZTS10N6 Cable Ties - 15cm - 100 Pack Mounting Hole,19.72,15.51,21.35,CLEARANCE
CABSTT5243679,StarTech.com DP14MDPMM1MB 8K 60Hz - HBR3 - HDR Mini DP to DisplayPort Cable - 1m (3ft) - Black DP 1.4 - Ultra HD 4K 120Hz - Mini DP to DP,43.25,39.03,9.76,CLEARANCE
CABSTT5464471,StarTech.com USB31CCSLKV1M USB 3.1 Gen 2 - 10Gbps - 100W - 5A USB-C Cable - 1m Side Screw Locking - USB 3.1 / 3.2 Gen 2 - 100W PD - DP Alt Mode - Dual Screw Lock,50.22,38.86,22.62,CLEARANCE
CABSTT690232,StarTech.com VGASPL1VV VGA Splitter Cable - 30cm VGA to 2x VGA,31.18,23.49,24.66,CLEARANCE
CABVCR1017,Velcro VEL21126 Cable Management Strap - 43cm - Black Easy Hang - Holds up to 40kg - Simply Find a Suitable Anchor Point then Easy Store Bikes / Ladders / Extension Cords / Sporting Equipment,14.08,8.5,39.63,CLEARANCE
CARMRP9001,Powertech 4 Position Battery Isolator Switch with AFD,61.73,30.11,51.22,CLEARANCE
CARVFO1011,VIOFO CPL CPL CIRCULAR POLARIZING LENS FILTER FOR A129,31.69,17.69,44.18,CLEARANCE
CCTEZV122234,EZVIZ EB3 3MP/2K Outdoor Wire-Free Battery 4G Camera with Solar Panel 5200 mAh Battery / Customisable Voice Notification,299.0,284.05,5.0,CLEARANCE
CCTEZV9018,EZVIZ 8W USB-C Solar Panel - IP65,49.0,46.55,5.0,CLEARANCE
CHSDNX0037,Dynamix AVRSCRW1032 AV Rack #10-32 screw kits           25set/bag,18.28,17.63,3.56,CLEARANCE
CHSDNX0402,"Dynamix RACS2-400 2RU 19"" Cantilever Shelf 381mm Deep 38Kg Weight Rating. Black Colour",113.41,104.05,8.25,CLEARANCE
CHSDNX1169,"Dynamix FP-C6-180WH  Cat6 180 Unshielded Keystone Jack, Dual IDC. Colour White",6.05,4.93,18.51,CLEARANCE
EXMONLG2237,"LG 22M37D-B 22"" FHD Monitor (A-Grade Refurbished) OEM STAND - 1920x1080 - DVI-D - VGA - 18-Month Warranty - GreenMachine Certified Refurbished",139.0,97.07,30.17,CLEARANCE
EXNBKDEL34934,"Dell Inspiron 3493 14"" HD Laptop (A-Grade Refurbished) Intel Core i5-1035G4 - 8GB RAM - 256GB SSD & 1TB HDD - Win11 Home - 18-Month Warranty - GreenMachine Certified Refurbished",799.0,587.34,26.49,CLEARANCE
EXNBKDEL542090,"Dell Latitude 5420 14"" FHD Laptop (A-Grade Refurbished) Intel Core i5-1135G7 - 16GB RAM - 256GB SSD - Windows 11 Home - 18-Month Warranty - GreenMachine Certified Refurbished",799.0,759.05,5.0,CLEARANCE
EXNBKDEL54922,"Dell Latitude 5490 14"" FHD Laptop (A-Grade Refurbished) Intel Core i5 8250U - 8GB RAM - 256GB SSD - Win11 Home - 18-Month Warranty - GreenMachine Certified Refurbished",448.99,426.55,5.0,CLEARANCE
EXNBKHP1012081,"HP Elite X2 G8 13"" FHD Touch Convertible Notebook (A-Grade Refurbished) Intel Core i5-1145G7 - 16GB RAM - 256GB SSD - Includes Keyboard - NO-OPTICAL - Windows 11 Pro - 18-Month Warranty - GreenMachine Certified Refurbished",899.0,854.05,5.0,CLEARANCE
EXNBKHP83014,"HP PRO X360 FORTIS G10 11"" HD Touch Laptop (A Grade Refurbished) Intel Core i5-1230u - 8GB RAM - 256GB SSD - Stylus Not Included - Windows 11 Pro Education - 18-Month Warranty - GreenMachine Certified Refurbished",829.0,578.92,30.17,CLEARANCE
EXNBKLEN1403,"Lenovo ThinkPad T14 Gen 1 14"" FHD Laptop (A-Grade Refurbished) Intel Core i5-10310U - 16GB RAM - 256GB SSD - Win11 Pro - 18-Month Warranty - GreenMachine Certified Refurbished",799.0,759.05,5.0,CLEARANCE
EXNBKTOS30320,"Toshiba Portege X-30L-J 13.3"" FHD Touch Laptop (A-Grade Refurbished) Intel Core i5-1135G7 - 8GB RAM - 256GB SSD - Win11 Pro (Upgraded) - 18-Month Warranty - GreenMachine Certified Refurbished",799.0,618.25,22.62,CLEARANCE
EXPRTHP913294,HP Z2 Mini Dual Vesa Security Sleeve (A-Grade Refurbished),148.35,41.15,72.26,CLEARANCE
EXPRTTAR0048,Targus 3-Way DC Charging Hydra Cable 3 Pin (A-Grade Refurbished),80.99,20.27,74.97,CLEARANCE
EXWKAACR024320,"Acer Aspire C24-320 23.8"" FHD All-in-One PC (A-Grade Refurbished) AMD A6-9220e - 8GB RAM - 256GB SSD + 2TB HDD - Win11 Home - 18-Month Warranty - GreenMachine Certified Refurbished",699.0,630.86,9.75,CLEARANCE
EXWKADEL3280,"Dell Optiplex 3280 22"" FHD All-in-One PC (A-Grade Refurbished) Intel Core i5-10500T - 8GB RAM - 256GB SSD - Win11 Pro - 18-Month Warranty - GreenMachine Certified Refurbished",899.0,660.85,26.49,CLEARANCE
EXWKADEL3420,"Dell Optiplex 3420 21.5"" FHD Touch All-in-One PC (A-Grade Refurbished) Intel Core i5-6500 - 8GB RAM - 128GB SSD - Win11 Pro (Upgraded) - WiFi - Includes Keyboard & Mouse - 18-Month Warranty - GreenMachine Certified Refurbished",549.0,521.55,5.0,CLEARANCE
EXWKADEL52703,"Dell Optiplex 5270 21.5"" FHD Touch All-in-One PC (A-Grade Refurbished) Intel Core i5-9500 - 8GB RAM - 256GB SSD - Win11 Pro (Upgraded) - Includes Keyboard & Mouse - 18-Month Warranty - GreenMachine Certified Refurbished",799.0,557.97,30.17,CLEARANCE
EXWKSDEL7060109,Dell Optiplex 7060 Intel Core i5-8400 SFF Desktop PC (A-Grade Refurbished) 8GB RAM - 256GB SSD - Win11 Home - 18-Month Warranty - GreenMachine Certified Refurbished,575.0,381.47,33.66,CLEARANCE
EXWKSDEL70742,Dell Optiplex 7070 SFF Intel Core i7-9700 Desktop (A-Grade Refurbished) 8GB RAM - 256GB SSD - WiFi - Win11 Home 64bit - 18-Month Warranty - GreenMachine Certified Refurbished,749.0,496.9,33.66,CLEARANCE
EXWKSHP800600,HP Elitedesk 800 G6 Intel Core i5 10500 Mini Desktop PC (A-Grade Refurbished) 16GB RAM - 256GB SSD - Win11 Pro - Includes Power Cord & Power Adapter - 18-Month Warranty - GreenMachine Certified Refurbished,807.45,767.07,5.0,CLEARANCE
FILOSC37033312,Okin Copysafe Pockets - A4 Assorted Colours Pack 100,9.58,7.46,22.13,CLEARANCE
FILOSC37042901,Okin Insert Display Book A5 20 Pocket - Black,4.83,4.15,14.08,CLEARANCE
GLUTMA87103,Tamiya Finishing Materials Series No.103 - Cotton Swab Round XS - 50 Pieces,5.95,5.67,4.71,CLEARANCE
GLUTMA87145,Tamiya Finishing Materials Series No.145 - Epoxy Putty - Smooth - 100g,21.0,18.95,9.76,CLEARANCE
HOMIRB0013R,iRobot Remanufactured Roomba J9+ Vacuum & Mop Combo with Auto Fill Empty Dock WiFi Connected - Clean Base Automatic Dirt Disposal /PB 6 mths warranty,1499.26,1353.08,9.75,CLEARANCE
HOMRBK0112,Roborock Vibrarise Mop Cloth for Roborock S8 / S8+ Vacuum Cleaner - Light Gray - 2 Pieces for S8 / S8+ 8.02.0129,29.9,18.04,39.67,CLEARANCE
HOMRBK0137,Roborock Vacuum Mop (4*pcs) for Roborock Saros Z70/Saros 10R,41.89,30.8,26.47,CLEARANCE
HSAJAB6281570,"Jabra Engage SE Desk Stand Stereo/Mono, USB-C",115.0,84.54,26.49,CLEARANCE
HSASHK00054,Shokz Drawstring Sports Bag - Black,28.99,27.54,5.0,CLEARANCE
HSTPHS5209,Philips TAH5205BK/00 Bluetooth Wireless over-ear Headphone,90.62,71.17,21.46,CLEARANCE
HSTSPB5489,Sansai IPH-266E Stereo Earphone with built-in Microphone 3.5mm stereo plug,16.42,12.01,26.86,CLEARANCE
HUBSTT4283768,StarTech.com 4 Port USB-C Hub USB-C to 4x USB 3.0 - Type-A Ports with Individual On/Off Port Switches - SuperSpeed 5Gbps USB 3.1 / 3.2 Gen 1 - USB Bus Powered - Portable - 25 cm Attached Cable,62.13,42.87,31.0,CLEARANCE
INKICN23244843,Okin Compatible Ink Cartridge Replacement for Canon CLI521 - Cyan,4.55,3.15,30.77,CLEARANCE
INKICN23244850,Okin Compatible Ink Cartridge Replacement for Canon CLI521 - Magenta,4.55,4.38,3.74,CLEARANCE
INKICN28980920,Okin Compatible Ink Cartridge Replacement for Brother LC133 - Magenta,5.99,4.63,22.7,CLEARANCE
INKICN28985024,Okin Compatible Ink Cartridge Replacement for Brother LC3319XL - Magenta,14.71,13.97,5.03,CLEARANCE
INKICN28985147,Okin Compatible Ink Cartridge Replacement for Brother LC3329XL - Black,16.09,13.54,15.85,CLEARANCE
IPHEPS1000756,EPOS 1000756 HSL 10 II Lifter,71.88,61.63,14.26,CLEARANCE
IPHHPE6044084,HP Poly Savi 8210 DECT Wireless On-Ear Mono Headset with Stand - Teams Certified Noise-Canceling Mic / Busy Light / Up to 180m Distance / Up to 13-Hour Talk-time,277.38,263.51,5.0,CLEARANCE
KEN5475369,Kensington K60501M Slim N17 2.0 Keyed Laptop Lock for Wedge-Shaped Slots- Master Keyed -Master Keyed Lock - Carbon Steel - 1.80 m - for Notebook (MOQ 25),64.96,60.84,6.34,CLEARANCE
KEYHUN1015,Huion Note E X50,591.59,527.16,10.89,CLEARANCE
KVMSTT2962756,StarTech.com MSTMDP122DP 2-Port Multi Monitor Adapter Mini DisplayPort to 2x DisplayPort MST Hub - Dual 4K 30Hz - Video Splitter for Extended Desktop Mode on Windows PCs Only - mDP 1.2 to 2x DP,58.02,36.94,36.33,CLEARANCE
KVMSTT2965456,StarTech.com MSTMDP124DP 4-Port Multi Monitor Adapter Mini DisplayPort to DisplayPort MST Hub - 4x 1080p - Video Splitter for Extended Desktop Mode on Windows PCs Only - mDP to Quad DP Monitors,85.74,66.77,22.13,CLEARANCE
LABAVE239323,Avery 48008 Celcast Labels A4 99.1x67.7mm 8up 100 Sheets,32.82,29.92,8.84,CLEARANCE
LABCAL2284,Calibor Ribbon Wax/Resin 110x300 Black,25.85,24.56,4.99,CLEARANCE
LABICN00002,Okin ITL44X22 Thermal Label 44x22mm 2000 Labels,11.51,7.52,34.67,CLEARANCE
LASOEM3340,Okin Compatible Toner Cartridge Replacement for Brother TN3340 - Black,38.35,27.78,27.56,CLEARANCE
MDLFENC-BD15B,Fengda AC-BD15B FENGDA 4 Gun Airbrush Holder,18.37,11.96,34.89,CLEARANCE
MDLTMA35384,Tamiya 35384 1/35 KS600 AND SIDECAR,31.52,25.07,20.46,CLEARANCE
MEMVER49056,Verbatim Store'n'Go Pinstripe USB 2.0 Drive 32GB - Pink,23.24,20.98,9.72,CLEARANCE
MOAFEL236479,Fellowes 4816901 Privacy Screen Filter 23.8 inch Monitor 16:9,212.98,131.23,38.38,CLEARANCE
MOASTT3612495,StarTech.com FPCEILPTBSP Ceiling TV Mount for up to 70in TV Steel-Ceiling TV Mount for VESA Mount TVs 37in to 70in (up to 110 lb./50 kg) - For Sloped or Level Ceilings,295.69,170.3,42.41,CLEARANCE
MOASTT4126826,StarTech.com Thunderbolt 3 Daul 4K Docking Station with 85W Power Delivery 1x DP - 2x Thunderbolt 3 - 2x USB 3.0 - 1x RJ45 - 1x 3.55mm Audio-in - 1x 3.5mm Audio-out - Supports Apple MacOS / Microsoft Windows - 3Y Warranty,518.94,342.22,34.05,CLEARANCE
MPP3SI170250,3SIXT SlimFolio - Samsung GS24+ - (RC) Black 3S-2695,29.66,18.94,36.14,CLEARANCE
MPPCTF10169748,CASETiFY iPhone 15 Pro Impact Case (MS) - Ditsy Floral,127.62,93.81,26.49,CLEARANCE
MPPICP170641,INCIPIO cru. Protective Schnitzel GS24 Ultra Case - Brown,36.72,25.64,30.17,CLEARANCE
MPPINC10166027,Incase Galazy Z Fold 4 KSNY Hardshell Case - Hollyhock Flower Clear,55.4,32.98,40.47,CLEARANCE
MPPINC10171948,Incase iPhone 16 Halo MagSafe Case - Tidal Ocean,33.26,29.47,11.4,CLEARANCE
MPPKTF0157405,KONTROLFREEK Performance Controller Grips for PlayStation 4 - Black,14.59,10.19,30.16,CLEARANCE
MPPKTF0163197,KONTROLFREEK Performance Battle Royale Nightfall Kit for Xbox One & Series X/S,19.0,15.48,18.53,CLEARANCE
MPPKTF0163198,KONTROLFREEK Performance Battle Royale Nightfall Kit for Nintendo Switch Pro,16.25,11.35,30.15,CLEARANCE
MPPKTF0163227,KONTROLFREEK Performance Galaxy Kit for Nintendo Switch Pro,17.1,13.93,18.54,CLEARANCE
MPPKTF10157406,KONTROLFREEK Performance Grips for Xbox One and Xbox Series X Controller (Nightfall Black),16.22,11.33,30.15,CLEARANCE
MPPKTF10159585,KONTROLFREEK 2566-PS4 D COD BLACK OPS COLD WAR PS4/PS5,17.1,13.93,18.54,CLEARANCE
MPPMMG0163287,MAXIMUM GAMES THE RIFTBREAKER - PS5,46.55,36.02,22.62,CLEARANCE
MPPMOK012529,Moki Mixi Kids Volume Limited Wireless Headphones - LED Edition,49.6,47.12,5.0,CLEARANCE
MPPMVL0167634,STORY OF SEASONS A WONDERFUL LIFE - PS5,49.0,36.02,26.49,CLEARANCE
MPPOMP9920,OMP M9920 iPhone 16 Premium Tempered Glass Screen Protector,11.95,7.46,37.57,CLEARANCE
MPPOTB10171471,OtterBox 77-95605 Cactus Leather Band - Apple Watch (38-41mm) - Green,39.97,31.4,21.44,CLEARANCE
MPPPZG10169476,PanzerGlass iPhone 15 Plus 2-in-1 Protection Bundle,40.14,27.31,31.96,CLEARANCE
MPPSMR03840,SmallRig 52mm Magnetic Filter Adapter Ring for M Series Lenses,36.0,5.88,83.67,CLEARANCE
MPPVER5305485,Verbatim - Black Webcam HD 1080P Auto Focus,116.36,105.02,9.75,CLEARANCE
MPPZAG200114638,ZAGG Galaxy Fold6 5G InvisibleShield Glass Elite Camera Lens Protector - Anti-Microbial,20.0,3.88,80.6,CLEARANCE
MPPZAG200516051,ZAGG iPhone 16 Pro InvisibleShield Premium Infinity 3-in-1 Bundle,76.97,57.18,25.71,CLEARANCE
MPPZAG702317329,ZAGG 702317329 Cases Milan Iridescent Case for Samsung Galaxy S25 Ultra,29.69,24.06,18.96,CLEARANCE
MSEMCZ37030139,Mad Catz R.A.T. PRO X3 Gaming Mouse - Black - 16000 DPI - Optical Sensor - 1.8m USB Cable,234.66,211.77,9.75,CLEARANCE
MVRHTC2052,HTC VIVE Flow Case for Protection - use this Case to Carry your VIVE FLOW VR Glasses Everywhere in Style,33.35,31.68,5.01,CLEARANCE
NBAHKY0093,"Huntkey P11-06520CA01R Universal 65W type-C Adapter Laptop AC POWER Adaptor 100- 240 Vac, 1.6A, 50/60Hz",46.1,33.82,26.64,CLEARANCE
NBAICP29402,"INCIPIO Feather for MacBook Pro 15""   Retina Non Touch Bar Model  (Translucent Blue) -Clearance Special .While Stocks last",19.0,3.62,80.95,CLEARANCE
NBASTT5625425,StarTech.com A-LAPTOP-DESK-MOUNT Laptop Desk Mount Monitor & Laptop Arm,167.95,128.86,23.27,CLEARANCE
NBASTT5892778,StarTech.com ST10GSPEXNB2 1-Port 10Gbps PCIe Network Adapter Card,421.77,400.68,5.0,CLEARANCE
NBATAR3649343,Targus PT-3P Power Tip - 3P Tip Letter,5.45,2.45,55.05,CLEARANCE
NBBOEM0635,"Laptop Battery For Lenovo IdeaPad Yoga 510, 510-14/15, 320S-14/15, 520S-14, 7.4V 30Wh 4050mAh PN: L15C2PB1, L15L2PB1, L15M2PB1, L14C2P21, L14L2P21, L14M2P21, 5B10K84491, 5B10K84639, 5B10K85056 (Right battery type)",49.0,33.44,31.76,CLEARANCE
NBBOEM1017,"Laptop Battery For Lenovo Ideapad 3-14IML05 30Wh,2 cells PN: 5B10M88059, L16C2PB1",49.0,46.55,5.0,CLEARANCE
NBBOEM1055,"Laptop Compatible Battery ThinkPad P1 Gen5/6 /ThinkPad X1 Extreme Gen4/5 90.1Wh 15.52V, 5680Mah PN:L20M4P75 L20D4P75",115.0,93.67,18.55,CLEARANCE
NBBOEM1865008,"OEM 2pcs Magnet Head Cap For 18650 Lithium Battery, Flat Head Spacer Battery Adapter For use in Vaping Flashlight & RC Toy, Size 5*1.5mm, (Battery Is Not Included)",5.0,2.09,58.2,CLEARANCE
NBGINC10170721,"Incase Go Laptop Sleeve for 14"" MacBook - Conte Grey",65.0,58.66,9.75,CLEARANCE
NBKACN93113276R,"Acer NZ Remanufactured TravelMate B311-32 NX.VQPSA.007 11.6"" HD Laptop Intel Pentium Silver N6000 - 8GB RAM - 256GB SSD - Win 11 Pro - Acer/Local 1yr Warranty",1051.81,358.2,65.94,CLEARANCE
NBKDEL6641715R,"Dell Remanufactured Pro 14 Plus 14"" FHD+ Business Laptop Intel Core Ultra 7 266V vPro - 16GB RAM - 512GB SSD -  Win 11 Pro - 1Y Warranty",2413.68,1685.57,30.17,CLEARANCE
NETADX1003,AMDEX FP-INSFIB F to F Connector insert for   AMDEX Face Plates. Amdex style.,4.17,3.96,5.04,CLEARANCE
NETDNX0024,Dynamix FP-HDMIRA HDMI 90 Keystone Jack. High-Speed With Ethernet Rated,18.28,15.92,12.91,CLEARANCE
NETDNX0072,Dynamix RJ-12 Plug 200pc Jar        6P6C Modular for SOLID Cable. 3 micron.,36.02,27.23,24.4,CLEARANCE
NETGSM488896,Grandstream GS-02 2000mAh Li-Ion Battery,28.75,19.08,33.63,CLEARANCE
NETGWL1048,Go Wireless NZ Go Wireless GW-SW-8Gv2 8 Port Unmanaged Gigabit Switch GW-SW-8G,47.04,41.17,12.48,CLEARANCE
NETMKT1401,MikroTik TG-BT5-OUT Outdoor Bluetooth Tag for KNOT or Other IoT Asset Tracking/Telemetry Setups,43.33,32.69,24.56,CLEARANCE
NETSTT4085944,StarTech.com HPE J9285B Compatible 10G SFP+ Direct Attach Copper (DAC) Cable - 7m Twinax - 10GbE SFP+ - 10 Gbps Low Power Passive Mini GBIC / Transceiver Module DAC Firepower 1040,141.75,76.89,45.76,CLEARANCE
NETTTK1008,Teltonika RUTX08 Industrial Ethernet Router 1 GbE x  4 / with Digital IO x 1 / USB A x 1,241.5,229.42,5.0,CLEARANCE
NETTTK9060,Teltonika RUT906 4G LET CAT4 N300 WiFi 4 Industrial Router 100M FE x 4 / SIM Slot x 2 / with Digital IO x 2 / USB A x 1/ RS232 x 1 / RS485 x 1,357.78,339.88,5.0,CLEARANCE
OFSCDF156200,Codafile Standard File - 35mm - Box of 100,147.53,122.46,16.99,CLEARANCE
OFSICN1049,Okin Binding Plastic Coil 21 Ring - 8mm - White Box of 100,7.35,3.92,46.67,CLEARANCE
OFSICN1073,Okin Lever Arch File FS - Linen - Yellow,7.69,3.44,55.27,CLEARANCE
OFSICN1107,Okin IF401 Kraft File Folders A4 - 50 Pack,18.09,14.43,20.23,CLEARANCE
OFSICN1122,Okin Cardboard Indices with Reinforced Tabs - 1-31 - White,7.27,4.27,41.27,CLEARANCE
OFSICN28988728,Okin ID Card Strap and Clip Box of 25 Ideal for Securing ID Card Holders.,9.72,7.13,26.65,CLEARANCE
OFSMMM10175,3M AB010623986 Scotch Sticky Tape 502 18mm x 33m,2.93,2.78,5.12,CLEARANCE
OFSOKN9361305,"Okin ISAN02Y12 Okin Sticky Notes 38x50mm Yellow, Pack of 12",5.43,2.54,53.22,CLEARANCE
OFSOSC7041980,Okin DW5606 OSC Binder Document Wallet A4 Domed Clear,2.18,1.97,9.63,CLEARANCE
PENLY4001255,Lamy Logo Twin Pen Brushed Steel (606),61.74,55.73,9.73,CLEARANCE
PNTITA104303,Italeri / Vallejo Paint - Flat Dark Earth,7.05,4.39,37.73,CLEARANCE
PNTTMA8004,Tamiya X-4 Enamel Mini Paint - Blue - 10ml,4.37,3.43,21.51,CLEARANCE
PNTTMA8008,Tamiya X-8 Enamel Mini Paint - Lemon Yellow - 10ml,4.75,4.52,4.84,CLEARANCE
PNTTMA81532,Tamiya X32 Acrylic Mini Paint - Titanium Silver - 10ml,4.37,3.43,21.51,CLEARANCE
PNTTMA81721,Tamiya XF-21 Acrylic Mini Paint - Sky - 10ml,4.75,4.52,4.84,CLEARANCE
PNTTMA85037,Tamiya TS-37 Spray Paint for Plastics - Lavender - 100ml,12.72,10.66,16.19,CLEARANCE
POSDAT5175803,Datalogic QD2590-BKK1S QUICKSCAN 2DMPIXEL IMAGER USB/RS-232 with Cable and Stand,353.98,186.92,47.19,CLEARANCE
POSELS0007,EVOLIS R5F002SAA YMCKO Colour Ribbon - 200 Prints Per Roll,207.39,168.92,18.55,CLEARANCE
POSHON1025,"Honeywell GENESIS 7680 XP USB KIT, USB-A 3M, 1D/2D/PDF, SR FOCUS, DRH, BLACK",303.12,274.22,9.53,CLEARANCE
POSHON1502,"Honeywell 1962GHD-2USB-5-R 1962G USB Kit: Black general purpose housing, HD Focus, USBType A 2.7M straight cable (3012-6337-001), Presentation Charge and Communication base (CCB-U00-G & 1962G-BAT-CUP), ROW",739.99,552.8,25.3,CLEARANCE
POSZBR3688850,Zebra CBA-U21-S07ZBR CABLE - SHIELDED USB: SERIES A CONNECTOR,50.55,43.9,13.16,CLEARANCE
PRM1199,"Promate BikeMount-2 Quick Mount Smartphone Bike Mount for 4.7-6.9"" Devices - Black 360 Degree Rotation - Secure Locking System - Low Vibration Mount to Handlebars - Shockproof Protection",44.28,30.16,31.89,CLEARANCE
PTAAMO720251,Aimo Brother Compatible DK11241 Labels - 102mmx152mm - 200 - Black on White,24.44,16.77,31.38,CLEARANCE
PTAGEN45803,Icon A45803 Compatible Dymo D1 Label Tape 19mm Black on White,12.91,11.6,10.15,CLEARANCE
RACDNX0015,"Dynamix FPP24SF-L112LA1  19  1U Fibre Tray 12C LC SM FULLY LOADED w 12x LC Elite OS2Pigtails6xLCDuplex Blue Couplers Splice Cassette, Cable management Sliding Tray with front face Protection labelling Kit",272.14,206.24,24.22,CLEARANCE
RACDNX1038,"Dynamix PP-UKANG-24  24 Port Angled Unloaded     Keystone Foldable Panel. 1RU, 19""  FTP with Cable Support Bar",33.99,25.07,26.24,CLEARANCE
RACRKP1096,RackPower KNCNA08-01 Adapter: 10A C14 IEC plug to 10A 3 Pin Socket,18.63,14.9,20.02,CLEARANCE
RACSTT4705376,StarTech.com 50 Pack 10-32 Server Rack Cage Nuts and Screws w/Washers - Rack Mount Hardware Kit - Network/IT Equipment Cabinet Clip/Captive Nuts & Bolts for Square Holes - Black - TAA,86.17,73.75,14.41,CLEARANCE
RAWDBR103115,"Du-Bro - Socket Head Cap Screws - Stainless Steel - 4-40 x 1/2"" - 4 Screws",5.89,4.8,18.51,CLEARANCE
SCAFUJ3810051,Fujitsu FI-8170 A4 70ppm USB 3.2 Duplex Document Scanner PaperStream Capture - PaperStream ClickScan - PaperStream NX Manager - Scanner Central Admin - 2D Barcode for PaperStream - Image Scanner Driver for Linux / MacOS,3092.33,2937.71,5.0,CLEARANCE
SCBGEN721204,Fiber Cable - 1m LC to LC - Multimode - Duplex - 62.5/125µm,5.74,4.42,23.0,CLEARANCE
SEVOEM5F127,OEM Dell Latitude 5420 E542 CPU Cooling Fan with Heatsink PN: 0HX40M,20.0,18.04,9.8,CLEARANCE
SEVOEM5P125,"Dell Latitude 7480 7490 E7480 E7490 Battery Wire Cable, PN: DC02002NI00 7XC87 07XC87",9.0,8.13,9.67,CLEARANCE
SPKEDI006010,"Edifier M601DB 110W 2.1 Multimedia Speaker System with Bluetooth - Black - Modern design with 8"" 70W Wireless Subwoofer + 2-way speakers - Ideal for PC & TV - Bluetooth + Optical + RCA + 3.5mm AUX + Coax inputs - Wireless remote included",349.0,331.56,5.0,CLEARANCE
SPKJBL6604863BD,"JBL Bar 800 MK2 7.1 Channel Soundbar with Detachable Surround Speakers & 10"" Wireless Subwoofer - BOX DAMAGED - FULL WARRANTY APPLIES",849.0,766.22,9.75,CLEARANCE
SPKPHS5206,Philips TAX5206 160W Bluetooth Party Speaker Treble & Bass Control - 14 Hours Play Time Mic & Guitar Inputs - Karaoke Effects,444.13,340.54,23.32,CLEARANCE
STAFEL36056,Fellowes 36056 Shredder Wastebags Commercial 114L Pack 50,37.78,23.05,38.99,CLEARANCE
STAFEL5331102,Fellowes 5331102 Plastic Binding Combs 10mm Black Pack 25,5.65,5.36,5.13,CLEARANCE
STAMON1001705,Moleskine DSB12DC3Y26 Moleskine Diary 12 Month Daily SC Large Black 2026,21.61,19.5,9.76,CLEARANCE
STT5577042,"StarTech.com LAPTOP-SIT-STAND Standing Desk Converter for Laptop, Up to 8kg/17.6lb, Height Adjustable Laptop Riser, Table Top Sit Stand Desk Converter - 8 kg Load Capacity - 4.6 cm Height x 47 cm Width - Desk - Steel - Black",131.63,125.76,4.46,CLEARANCE
STT5690884,StarTech.com FHA-TV-WALL-MOUNT VESA TV Wall Mount Full Motion TV Mount,274.61,136.93,50.14,CLEARANCE
SWHCTC1010,"CTC Union Compact size, Non-managed 5-port 10/100-TX Copper Switch, minus 10  C to 60  C",110.17,72.15,34.51,CLEARANCE
TAAATP109020,ATpixel Glass Screen Protector for Kindle Fire HD 10 (2019),5.0,2.84,43.2,CLEARANCE
TAATSE1503,Tab Secure TS-FST114-EEB Tab Secure Floorstand -  iPad 10.9 10th Gen - Black,321.84,282.88,12.11,CLEARANCE
TAAUAG810012,Urban Armor Gear Metropolis SE Case for Samsung Galaxy Tab S9 +  ( Mallard ) - Clearance special,59.0,12.66,78.54,CLEARANCE
TOATMA81503,Tamiya X-3 Acrylic Mini Paint - Royal Blue - 10ml,4.75,3.43,27.79,CLEARANCE
TOLAEP37575,Aerpro 50 APCC320 4.5A 3 Port USB In-Car Charger with 1m Cable,29.93,15.95,46.71,CLEARANCE
TOLGOL16001100,Goldtool AC Power Finder with Beeper & LED Indicators - Easy Compact Design Fits Easily in to Pocket - Operating range 200V to 1000V AC - Takes 2x AAA Batteries,32.64,22.55,30.91,CLEARANCE
TOLHTO0012,HOTO Rotary Tool Accessories Kit 60 TYPES of Multifunctional Accessories for HOTO  Rotary Tool,19.0,15.48,18.53,CLEARANCE
TOLITA1050811,Italeri Sprue Cutter,22.06,13.27,39.85,CLEARANCE
TOLOLT2015,"Olight Olantern Classic 2 Pro Smart Lantern Solid Copper Max 9 day Run Time, 11,220MAH Battery, App Control",183.03,173.88,5.0,CLEARANCE
TOLSPR1035,Sprotek STP-256 Side Cutter for Network Cable UTP/STP - 5.5 Inch/2.5mm Thick High Carbon Steel Material,14.34,13.63,4.95,CLEARANCE
TOLSTT6569262,StarTech.com CABLESTRIPCUT Network Cable Stripper and Wire Cutter,28.11,26.31,6.4,CLEARANCE
TOLTMA87105,Tamiya Finishing Materials Series No.105 - Cotton Swab Tri X Small - 50 Pieces,7.33,6.96,5.05,CLEARANCE
UNC001005636,Casemate iPhone 15 / 15 Plus Rear Camera Lens Glass Protector - Twinkle,13.98,12.17,12.95,CLEARANCE
USBMBE1053,mbeat ToughLink Adapter USB-C to USB 3.0,22.66,21.53,4.99,CLEARANCE
VNT1010,Vention CEHBB  USB 3.0 to Gigabit Ethernet Adapter ABS Type Black 0.15m,49.14,44.34,9.77,CLEARANCE
WRIPLT20007,Pilot BPAB-15F-LB Acroball Fine Light Blue,4.16,2.86,31.25,CLEARANCE
WRIPLT20175,Pilot Refill Fine V7RT Blue (BXS-V7RT-L),2.35,2.12,9.79,CLEARANCE
WRIPLT20292,Pilot Super Grip G Stick Ballpoint Medium Red (BPS-GG-M-R) -- Buy 12 units to receive them in a box,1.38,1.24,10.14,CLEARANCE
WRIPLT20312,Pilot Iroshizuku Ink Bottle - 50ml - Morning Glory Asa-gao,38.49,36.1,6.21,CLEARANCE
WRIPLT20398,Pilot MR Ballpoint Refill Medium Black (BRFN-10M-B),4.52,4.3,4.87,CLEARANCE
WRIPLT20401,Pilot 20401 Pilot SCA 6600 Permanent Marker Jumbo Black HS,11.37,6.23,45.21,CLEARANCE
WRIPLT20494,Pilot Frixion Clicker Sweets Collection Donut (BLRT-FR7SW-DNL) -- Buy 12 units to receive them in a box,5.23,4.0,23.52,CLEARANCE
WRIPLT20618,Pilot Iroshizuku Ink 15ml Old Man Winter Fuyu-syogun (INK-15N-FS),18.99,18.03,5.06,CLEARANCE
WRIPLT20820,Pilot BLS-FR10-B-S3P Frixion Erasable Refill Broad Black - Pack of 3,9.4,8.2,12.77,CLEARANCE
WRIPLT20822,Pilot BLS-FR10-R-S3P Frixion Erasable Refill Broad Red - Pack of 3,9.4,8.92,5.11,CLEARANCE
WRIPLT20951,Pilot G2 Gel Fine Metallic Green (BL-G2-7-MG) -- Buy 12 units to receive them in a box,3.6,1.91,46.94,CLEARANCE
WRIPLT257880,Pilot BeGreen WhiteLine RT Correction Tape 4mm x 6m (ECTE-25K-4G-BG),5.47,5.32,2.74,CLEARANCE
WRIPLT275770,"Pilot Pop Lol RollerBall Pen, Black 0.7mm",3.12,2.54,18.59,CLEARANCE
WRIPLT275773,Pilot Pop lol Gel Fine Dark Red (BL-PL-7-DR) -- Buy 12 units to receive them in a box,3.12,2.54,18.59,CLEARANCE
WRISPE65786,Sharpie Metallic Chisel Permanent Marker Gold Silver Bronze - Blister Pack of 3,11.27,9.52,15.53,CLEARANCE
WTHOPL0019D,"OnePlus Watch 2R Smart Watch - Forest Green - (ex-demo, PB 3 Months Warranty)",499.0,450.34,9.75,CLEARANCE
WTHSAM51201,Samsung Galaxy Ring Smart Ring - Titanium Silver - Size 12,699.0,599.31,14.26,CLEARANCE
MEMLEN2358874,IBM 00D4985 8GB DDR3 Desktop RAM PC3L - CL9 - 1333MHz - RDIMM # will only work in IBM HS22/23 blade servers #,122.75,116.61,5.0,CLEARANCE
MPPCOE0000033,"coehl iPhone Air (6.5"") Vela Case - Iridescent Slim fit design with tactile metallic buttons, Raised Camera Bezel protect the lens, Compatible with magnetic wireless charging. Comes with 2 interchangeable lanyard loops",34.01,18.69,45.05,CLEARANCE
MPPGEN0624,"Xiaomi Redmi 13C 4G (2024) Glass Screen Protector - Clear , Case Friendly",16.32,4.89,70.04,CLEARANCE
MPPGEN0673,Xiaomi Redmi Note 13 LTE (2024) Rugged Kickstand Case - Black with Camera Cover Protection,23.32,6.99,70.03,CLEARANCE
MPPGEN0674,Xiaomi Redmi Note 13 5G (2024) Rugged Kickstand Case - Black with Camera Cover Protection,23.32,6.99,70.03,CLEARANCE
MPPGEN0753,"iPhone 16 Pro Max (6.9"") Flip Wallet Case - Pink 3 Card Slots - Cash Compartment - Magnetic Clip",25.32,12.65,50.04,CLEARANCE
MPPICP00000001,"INCIPIO iPhone 16 (6.1"") Forme Case - Cloudy",59.95,29.97,50.01,CLEARANCE
MPPICP00000007,"INCIPIO iPhone 16 Pro (6.3"") Forme Case - Cloudy",59.95,29.97,50.01,CLEARANCE
MPPICP00000008,"INCIPIO iPhone 16 Pro (6.3"") Forme Case - Dynamic Rainbow",59.95,29.97,50.01,CLEARANCE
MPPICP00000010,"INCIPIO iPhone 16 Pro (6.3"") Duo Case - Clear",59.95,29.97,50.01,CLEARANCE
MPPICP00000012,"INCIPIO iPhone 16 Pro Max (6.9"") Forme Case - Cloudy",59.95,29.97,50.01,CLEARANCE
MPPICP00000013,"INCIPIO iPhone 16 Pro Max (6.9"") Forme Case - Dynamic Rainbow",59.95,29.97,50.01,CLEARANCE
MPPINC00000014,Incase Galaxy S25+ Slim Case - Black,49.94,24.97,50.0,CLEARANCE
MPPSKA0000033,"skinarma iPhone 16 Pro (6.3"") Ekho Case - Black (Phone Case is Sold Separately) Apple MagSafe Compatible - Raised 360 Screen Edges & Camera Lens Guard - Includes Interchangeable Corner Bumper Lanyard Loops",44.0,21.99,50.02,CLEARANCE
MPPSKA0000044,"skinarma iPhone 16 Pro Max (6.9"") Helio Case - Titanium Apple MagSafe Compatible - Built-in Extendable Grip-Stand - Enhanced Air-Pocket Corner Protection - Includes Interchangeable Corner Bumper Lanyard Loops",54.0,26.99,50.02,CLEARANCE
MPPTOR00000132,"Torras iPhone 16 Pro (6.3"") Ostand Spin Case - Ivory Gold All in One: Magnetic / Stand / Ring Holder - 360 Spin",74.0,44.39,40.01,CLEARANCE
MPPTOR00000177,"Torras iPhone 16 Pro (6.3"") Ostand R Fusion Spin Case - Pink All in One: Magnetic / Stand / Ring Holder - 360 Spin",46.99,28.19,40.01,CLEARANCE
MPPUNQ00000054,Uniq Galaxy Z Flip6 Aluminium Camera Lens Protector - Black Ultra-Slim Fit - HD Clarity - Scratch-Resistant - Anti-Fingerprint - Bubble-Free Installation,19.0,9.49,50.05,CLEARANCE
INKCRL0095,Creality CR-TPR Filament - Black 1kg - 2.85mm - It MUST be used with Sprite Extruder Pro+ Kit,83.95,35.65,57.53,CLEARANCE
INKESN0021,eSun ePLA-Chameleon Filament - Tech Black 1kg Roll - 1.75mm - Compatible with Most FDM 3D Printers such as Creality / Bambu Lab / AnkerMaker / Raise3D / Flsun,42.0,34.99,16.69,CLEARANCE
INKESN0023,eSun ePLA-Chameleon Filament - Nebula Purple 1kg Roll - 1.75mm - Compatible with Most FDM 3D Printers such as Creality / Bambu Lab / AnkerMaker / Raise3D / Flsun,42.0,34.99,16.69,CLEARANCE
INKESN0096,eSun PLA-Rock Filament - Sandstone 1kg Roll - 1.75mm - Compatible with Most FDM 3D Printers such as Creality / Bambu Lab / AnkerMaker / Raise3D / Flsun,45.0,30.0,33.33,CLEARANCE
TVAKOF0202F,"Koford AVA202F 30""-65"" Dual TV Video Conference Trolley Mobile Cart - With Tray - VESA 800x400mm - Max Load 40kgs Per Mount - Black - Height Adjustable up to 1.8m",379.01,370.3,2.3,CLEARANCE
AUDKLP1077,Klipsch AUSTIN-BLK Austin Portable Bluetooth Speaker. 12 Hour Playtime Black Color,196.44,134.08,31.75,CLEARANCE
AUDKLP1079,Klipsch MIAMI Miami Music City Party Speaker Dual 5.25 Woofers. 18/10 Hour Playtime,891.22,804.32,9.75,CLEARANCE
AUDKLP1080,Klipsch NASHVILLE-BLK Nashville Bluetooth speaker 24 Hour battery Black Color,300.67,253.87,15.57,CLEARANCE
AUDKLP1081,"Klipsch NEWYORK New York Music City Party Speaker. Dual Prograde 8"" Woofers. 12/8 Hour Playtime",1261.02,1138.07,9.75,CLEARANCE
MPPSGP0000009,Samsung Galaxy Z Flip7 Capella Magnet Case + Front Case - Frost Black,71.4,,,
MPPGEN0419,Xiaomi Redmi A1 Rugged Case - Black Flexible TPU Rubber Protective Case - Matte Finish,25.99,1.45,94.42,CLEARANCE
PTRCRL0007,Creality CR-M4 FDM 3D Printer Big Build Size 450 x 450 x 470mm - Dual Y-axis Linear Rails - High-flow Hotend - Support PLA - PA (nylon) Heat-Resistant ABS - PLA-Wood - PLA-CF / TPU / PETG,1879.0,1785.04,5.0,CLEARANCE
INKESN0024,eSun ePLA-Chameleon Filament - Galaxy Blue 1kg Roll - 1.75mm - Compatible with Most FDM 3D Printers such as Creality / Bambu Lab / AnkerMaker / Raise3D / Flsun,42.0,34.99,16.69,CLEARANCE
PTRPIK0003,Prinker M Tattoo Printer for Your Instant Custom Temporary Tattoos with Premium Cosmetic Full Color - Compatible w/iOS & Android devices,85.74,,,
HSTBAS55877,"Baseus Encok CZ18 Wired USB-C In-Ear Headphones - Black 10mm drivers - Noise-isolating design - In-line microphone & 3-button remote - Compatible with USB-C iPhone, Samsung Galaxy & more - 2 Year Warranty",24.98,22.54,9.77,CLEARANCE
TOLFNX0076,"Fenix Diffuser Tip AOD-S V2.0 Mini Size White, For Fenix E/LD/PD Series Flashlights & Torches",9.95,5.37,46.03,CLEARANCE
ADPSTT5305728,StarTech.com DKT30CHPD3 USB C Multiport Adapter 4K 60Hz HDMI/PD,153.33,149.73,2.35,CLEARANCE
MPPICP10166033,INCIPIO Galaxy Z Fold 4 Grip Case - Black,45.55,41.11,9.75,CLEARANCE
MPPZAG200114460,ZAGG Galaxy Flip6 5G InvisibleShield Glass Elite Outer Screen Protector - Anti-Microbial,39.0,5.01,87.15,CLEARANCE
HSTSCD00183,Skullcandy Icon 180 Wireless On-Ear Headphones - Crazy Pink IPX4 sweat & water resistant - Adjustable Stay-Aware mode - Foldable design - Multipoint - Up to 60hrs battery life with USB-C Rapid Charge,94.88,,,
EXNBKHP10129,"HP Elitebook X2 1013 G3 13"" 3000x2000 Convertible Touch Notebook (A-Grade Refurbished) Intel Core i7-8650U - 8GB RAM - 256GB SSD - 4G/LTE - Win 11 Pro - with Keyboard - No Stylus - 18-Month Warranty - GreenMachine Certified Refurbished",799.0,557.97,30.17,CLEARANCE
TAABAS0016,Baseus MagPro Series 15W Qi2.0 Magnetic Wireless Charging Car Mount - Air Vent Version - Cosmic Black,69.63,,,
CABDNX1114,Dynamix C-USBCRJ451G Gigabit USB-C to RJ45 Adapter Ethernet Network,29.54,28.06,5.01,CLEARANCE
KVMSTT1601360,"StarTech.com ST4200USBM 4-Port USB 2.0 Hub - Metal Industrial USB-A Hub - Din Rail, Wall or Desk Mountable USB Data Hub - TAA Compliant USB Expander Hub",126.44,106.93,15.43,CLEARANCE
NBKACN90189R,"Acer NZ Remanufactured Swift Go SFG14-01 NX.KYXSA.001 14"" WUXGA Screen Laptop Qualcomm Snapdragon X Plus X1P-42-100 processor Octa-core 3.20 GHz - 16GB RAM - 512GB SSD - Win 11 Home - AX WiFi 6 + BT5 - Backlit Keyboard - Acer/Local 1yr Warr",1732.64,1340.68,22.62,CLEARANCE
NBKACN90195R,"Acer NZ Remanufactured Aspire AG14-31P NX.KT9SA.001 14"" WUXGA Laptop Intel N100 CPU - 4GB RAM - 128GB UFS Flash  - Win 11 Home S mode - Acer / Local 1Y Warranty",508.7,436.15,14.26,CLEARANCE
IPCAVH500045,"Advantech Panel PC (FHD) modular front display design, i5, 16GB RAM, 256GB SSD IP66-rated front panel and panel mount support, 23.8"",",3264.72,2946.42,9.75,CLEARANCE
SEVOEM6992,"Dell Latitude 5420, 7420, 7520 US Keyboard with No Backlit (Black) PN: 08MJ5F",12.65,,,
SPKJBL783069,JBL PartyBox On-The-Go 100W Wireless Portable Party Speaker (EX-DEMO FOR CLEARANCE - NO ACCESSORIES),503.37,,,
SPKSEN700139,Sennheiser AMBEO Soundbar Mini 250W Premium Compact All-In-One Soundbar 7.1.4 3D Audio with Deep Bass - Dolby Atmos - Sony 360 Reality Audio - HDMI eARC / WiFi / Bluetooth / AirPlay2 / Spotify Connect & Chromecast Built-in - 2 Year Warranty,1019.41,,,
SURAPC1234220,APC - SCHNEIDER SBP3000RMI SERVICE BYPASS PDU 230V 16AMP,607.1,,,
SVPHSV1167,HPE HP Power Adapter AC 65W 18.5VDC 3.5A 4.8mm Tip Output - C6 3-Pin AC Input,436.08,,,
SVPHSV2356,HP HPE Smart Array FBWC Capacitor Pack with 12in Cable for BL460 G8,155.95,,,
SVPHSV2502,HP HPE Cable SAS External 4M Mini-SAS HD SFF-8644 to Mini-SAS HD SFF-8644,141.74,,,
TAAAPP13031,"Apple Smart Keyboard for iPad (9th/8th/7th Gen)  and iPad Air 3 & iPad Pro 10.5"" - Black",225.7,,,
TAAAPP6225526,Apple Smart Folio for iPad Pro 11-inch  ( M5/M4 )  - Denim,125.28,,,
TAABAS0028,Baseus Enjoyment Max 60W USDB-C Car Charger with USB-C & Lightning Cables - Cosmic Black,44.16,,,
TAABOK10018,"BOOX 6.13""Palma 2 Pro 2-in-1 PU Case Cover (Sand)",28.08,,,
TAASAM820023,Samsung Galaxy Tab S10+ / S9+ S9 FE+ Book Cover Keyboard - AI Key ( White ),237.8,,,
TAATSE1460,Tab Secure TS-DSK219-EEW Tab Secure Desk - Samsung Galaxy Tab A8 10.5 (2021) - White,105.92,,,
TAATUC010016,"Tucano Pencil Tips 4 replacement white tips Package with 4 replacement tips for Tucano Pencil made of POM, a rigid but lightweight material that provides excellent durability. Compatible with Tucano Pencil.",18.68,,,
TAAZAG211038,ZAGG Connect 12L Keyboard Wired Lightning Keyboard For Apple Devices with a Lightning connector,77.84,,,
TABBOK10041,"BOOX Note Air 4 C 10.3"" Color eReader 10.3"" Display",736.53,,,
TABMST112951213,Microsoft Surface SURFACE PRO 11 - OLED X ELITE 16GB 512GB WIN 11 HOME ( Sapphire ) ( Ex- Store Demo Unit -  6 Months Warranty),995.8,,,
TABWMAFM10D,"Winmate FM10 10.1"" Tablet 64GB Storage - 8GB RAM - 4G LTE + WiFi - 1024x768 - Anti-scratch Resistive touch Screen - Intel Atom Quad E3845 1.91GHz - BT & GPS - IP65 - Fan-Less & Robust Design",2566.43,,,
TOLAEP36653,Gator 76 GRV43SKT 4.3IN DASH MOUNT DISPLAY REVERSE CAMERA KIT,217.28,,,
TOLFML1180,FORMULA ZFJC168 PRESSURE GAUGE PART 59 FOR FORMULA FM2500 COMPRESSOR,15.79,,,
UCHSCC1009,Scosche FMTD3PRO TUNE/IT- DIGITAL FM TRANSMITTER FOR IPOD WITH BACK LIT DISPLAY AND FLEX NECK,4.13,,,
UNI115546,"Unitek D1118A  USB-C 10Gbps HDMI Split Screen KVM Switch. Data Intercopy. Shares 1 HDMI 4K 30&5USB-APorts for Enhanced Connectivity. 5V2A with USB-C connector (1.5m Cable), Aluminium Alloy/Space Grey.",148.89,,,
UPSAPC9525890,"APC AP7850B by Schneider Electric Rack PDU Metered, Zero U, 10A, 230V, (16) C13 - Metered-by-Outlet - IEC 60320 C14 - 16 x IEC 60320 C13 - Rack-mountable",1146.37,,,
UPSAPC9544,"APC AP9544 Network Management Card for Easy Online UPS, 1-Phase",336.2,,,
UPSPSD0012,PowerShield Extended Battery Module for PSCERT1000 UPS.,871.98,,,
UPSPSD0031,PowerShield Rack/Tower (2RU)        Battery bank. Includes 16x 12v.,1797.92,,,
UPSPSD2001,"PowerShield Centurion RT 2000VA Double Conversion True Online UPS - Power Factor 0.9, Rack / Tower",2268.03,,,
UPSPWR3569708,"Eaton 5SX 3000VA Extended Batt Module, R/T 2U 72VDC",811.52,,,
VCHPE6265794,HP Mini Compute MTR 16GB Ram - 256GB Storage - Microsoft Teams,3324.36,,,
VCMHB250603,Maxhub XBar V50 100MP/4K Dual Sight-Lens All-in-One Conference Video Bar with Touch Console MTR on Android - FOV 125° - 12-Mic Array Range up to 8M - 15W+15W Speakers,3935.24,,,
WKSGGPC20127,GGPC RTX 5070 Gaming PC AMD Ryzen 7 7800X3D 8 Cores / 16 Threads with Liquid Cooling - 32GB DDR5 RAM - 1TB NVMe SSD - NVIDIA GeForce RTX5070 12GB Graphics - WiFi + Bluetooth - Windows 11 Home,3702.77,,,
WKSHDT170027,HP OMEN GT17-0027a AMD Radeon RX 9070XT Gaming Desktop AMD Ryzen 7 9800X3D - 16GB RAM - 1TB SSD - Win 11 Home - 1yr warranty - WiFi 6E + Bluetooth 5.3,5427.15,,,
WTHAPP585838,Apple Watch Ultra 2 (GPS + Cellular) 49mm - Black Titanium Case with Black Titanium Milanese Loop - Small,1333.21,,,
WTHHUA5502602,"Huawei Watch GT 6 41mm Smart Watch - White 1.32"" AMOLED Display - Up to 14 Days Battery Life - 5ATM IP69 Water Resistance - Dual-Band GPS - Huawei TruSense Health System - Bluetooth Calling",375.23,,,
WTHMIX51494,"Xiaomi Redmi Watch 4 Smart Watch - Obsidian Black 1.97"" AMOLED Display - Built-in GPS - Up to 20 Days Battery Life - Heart Rate, Blood Oxygen and Sleep Tracking - 5ATM Water Resistance",99.0,,,
WTHSAM51101,Samsung Galaxy Ring Smart Ring - Titanium Silver - Size 11,465.15,,,
WTHSAM705010,Samsung Galaxy Watch Ultra (2025) - Titanium Gray with Orange Marine Loop Google Wear OS - MIL-STD 810H - Up to 100 hrs Battery Life - 10ATM/IP68 - Emergency SOS - Fall Detection - Dual Frequency GPS,1055.11,,,
WTHSAM705013,Samsung Galaxy Watch Ultra (2025) - Titanium Blue with Blue Marine Loop Google Wear OS - MIL-STD 810H - Up to 100 hrs Battery Life - 10ATM/IP68 - Emergency SOS - Fall Detection - Dual Frequency GPS,859.4,,,
WTRBYK10001,"BYKSKI Extension Coupler Black G1/4 20mm Male to Female Extension, Black",0.87,,,
WTRCOR9060092,Corsair NAUTILUS 240 ARGB 240mm Water Cooling CPU Cooler For Intel 1851 / 1700 / AMD AM5 / AM4,153.12,,,
ADPDEL840405,"Dell PERC H840 RAID Adapter, 8GB NV Cache, Low Profile/Full Height",19.57,,,
ADPSTT3003578,StarTech.com USB3SAB10M USB 3.0 - 5Gbps USB-A to USB-B Cable - 10m Active - USB 3.0 - A to B,212.19,,,
ADPSTT3240536,"StarTech.com GLCLHSMD10ST Cisco GLC-LH-SMD Compatible SFP Module (10 Pack) - 1000BASE-LX/LH - 1GbE Single Mode Fiber SMF Optic Transceiver - 1GE Gigabit Ethernet - LC 40km 1310nm Cisco Firepower, ASR920, IE2000",564.59,,,
AUDROD1311,RODE SC3 3.5MM TRRS to TRS Adapter For Rode Smartlav Microphone - Ideal For DLSR Canon Cameras And Field Recorders,29.03,,,
AUDROD1402,RODE WIME Wireless Micro USB-C Ultra-compact Wireless Microphone - Blue - Audio System for USB-C Smartphones,166.99,,,
AUDSMS2020,SAMSON ADDITIONAL LAPEL WIRELESS MICROPHONE SYSTEM FOR SAMSON XP312W PORTABLE PA,279.06,,,
BAS82278,Baseus Type-C (input) for Type-C female connectors + 3.5 mm female connector adapter Black,10.35,,,
BATECF3014,ECOFLOW Trail Plus 300 DC Portable Power Station 288WH - DC - 3x USB-C 140W - 2x USB-A - Dual USB-C Charge,397.6,,,
BULVLR0082,Valore LT-008 Rechargable Wall / Desk  Light (Grainy) - 360° Rotatable Head with Remote Control,27.39,,,
BUR1050,BURO Seating BAMBACH SADDLE SEAT NO BACK BLACK VINYL,983.22,,,
CAADJI10144,DJI Focus Pro LiDAR,445.03,,,
CAAFUJ25521,Fujifilm instax mini Link 3 Smartphone Photo Printer - White Limited Edition Gift Pack,189.8,,,
CAAGPO0431,GoPro Floaty for HERO and Lite HERO,42.78,,,
CABBEL4828986,Belkin BoostCharge Braided Lightning to USB-A Cable - 1m - White,19.31,,,
CABBEL4883659,Belkin Braided USB-C Cable - 1m - Black,18.18,,,
CABSPB8466,Sansai IPH-0901M Flat Lightning Sync/Charge Cable 1M,8.99,,,
CABSTT3252112,"StarTech.com SFP-10G-LRM Cisco Compatible SFP+ Module - 10GBASE-LRM - 10GbE Multimode Fiber MMF Optic Transceiver - 10GE Gigabit Ethernet SFP+ - LC 200m - 1310nm - DDM Cisco Firepower, ASR9000, C9300",48.77,,,
CAMBRI5000,Brinno BCC5000 Wi-Fi & 4K Construction Time Lapse Camera,2671.8,,,
CAMERM2001,"Evoko ERM2001 Liso Room Manager - 8"" Display, Calender Services Support for Microsoft office 365, Exchange 2016, 2013, 2010, Google Apps for Work - 1Gb LAN port, 802.11n Wifi - RFID/NFC - PoE",1255.54,,,
CARCNT1432,CONNECTS2 CTSFA011.2 SWC Harness Fiat 500L / Ducato 12 - 14 SWC Retension,6.42,,,
CCTBAS122233,Baseus Security B1 Series 3M/2K Outdoor Wire-Free Camera - 2 Pack 7800mAh  / FOV:145° / AI Function: Human / Zone detection / Built-in EMMC:8GB,265.64,,,
CCTEZV121482,EZVIZ H8c Pro 8MP/4K Outdoor Wireless PT Camera with Spotlight AI-Powered Detection / Auto-Zoom Tracking / Active Defense with Siren and Strobe Light,132.31,,,
CCTHIK1150,HIKVISION AcuSense DS-2CD2386G2-ISU/SLBK 8MP 4K Fixed Turret Network Camera - Black Strobe Light & Audible Warning - Mic - 2.8mm,,,,
CCTLGR254483,Ledger Nano X - Pastel Pink,180.14,,,
CCTMLS1280,Milesight GS601-915M GS601 AU915/AS923 LoRaWAN IoT Room Based Vape Sensor,264.91,,,
CCTSWN112202,Swann 2K Outdoor Wi-Fi Camera,169.0,,,
CCTSWN4802,Swann MaxRanger4K Mini Outdoor Wire-Free Battery Solar Camera - Add On,205.76,,,
DCSSTT5323059,StarTech.com Mobile TV Cart/Stand 37-70in VESA Mount,820.55,,,
DGSIBA12J19,"iBASE SI-12-J19 Win10 IoT Digital Signage Player (DS), Book-Size Fanless Signage Player with B812 Intel AtomTM J1900 SoC (22nm) , Quad-Core  2.42 GHz, 2GB DDR3L SO-DIMM RAM, 64GB mSATA, and 60W power adaptor.",102.07,,,
DGSMHB4431,"Maxhub CMB Series 43"" UHD Commercial Display - 500nit , 24x7 , Support Chromecast, Airplay & Miracast - Ambient light sensor  ,  Non-Glare Coating ,  Speakers ,  Landscape & Portrait Display",879.88,,,
DGSSAM5606608,Samsung SamsungPEN STYLUS(CY-PENRXEN) 5X PENS PER UNIT,83.49,,,
ENCSYN1215II,"Synology Expansion Unit DX1215 II 12-Bay Tower 3.5""/2.5"" Bays - 3 Years Warranty",2143.02,,,
GAMMVS0002,"Unico MVS Mini Arcade Game Console Controller For Unico MVS Mini Arcade, Windows and Linux USB-C Connector",25.28,,,
HDDHPE3333286,HP 861676-B21 2TB Internal HDD SATA 6Gb/s - 7200 RPM - LFF - MDL - SC,447.96,,,
HEASHK0007,Shark FlexStyle HD421SL Air Styling & Drying System - Stone Hair Styler / Dryer - Styling Concentrator - 2x Auto Wrap Curlers - 1x Oval Brush - 1 Sofy Storage Bag,319.58,,,
HOMAIP255045,AIPER CADDYXSERIES Caddy for X Series,364.39,,,
HOMFEL9436802,Fellowes AeraMax PRO AM3-4 9436802 50mm Carbon Filter with Pre-Filter - 2 Pack,251.39,,,
HOMMIX43825,Xiaomi E10 White Smart Robot Vacuum Cleaner 4000Pa Suction Power - 2-in-1 Sweeping & Mopping Control Via Mi Home App - Triple Filtration - Integrated Rubber Main Brush - With Measured Water Discharge for Controlled Mopping,182.39,,,
HOMOEM0152,OEM Red Folding Wand Foldable Extension Rod 800mm Compatible with Dyson V7/V8/V10/V11/V15,25.6,,,
HOMOPS0027,"Olimpia Splendid Dolceclima Compact 10 SW Wifi Portable Air Conditioner 24h Timer, - 2.6KW Cooling, Coverage up to 20m^2, 2 Fan Speed, 64db Sound level",534.47,,,
HOMPHX0827,PHILEX PHT-827 Toaster - Black,56.6,,,
HOMSAM0018,Samsung VCA-SAPF80/SA Replacement Battery Battery for Bespoke AI Jet,236.72,,,
HSABWV010005,Brainwavz Sony WH-1000XM5 Premium Replacement Earpads for Headphones - Black - Compatible with WH-1000XM5 (5th Generation),28.31,,,
HSTASO5618714,Astro A30 Wireless Gaming Headset for PS & PC - Navy,151.81,,,
HSTBTS2200750,"Beats Studio Pro Wireless Over-Ear Noise Cancelling Headphones - Black Personalised Spatial Audio & Head Tracking - Enhanced Android & Apple compatibility - USB-C Audio, Class 1 Bluetooth, & 3.5mm audio input - Up to 24 hours battery life (",415.25,,,
HSTHYX1026,HyperX Cloud Mini Wired Gaming Headset - Black,37.12,,,
HSTJBL5739079,JBL Tune Beam True Wireless Noise Cancelling Earbuds - Black 4-mic clear calls - JBL Headphones App - Multipoint - IP54 - Bluetooth 5.3 - Up to 10 Hours Battery Life / 40 Hours Total with Charging Case (ANC on),121.97,,,
HSTJBL5739082,JBL Tune Buds True Wireless Noise Cancelling Earbuds - Black 4-mic clear calls - JBL Headphones App - Multipoint - IP54 - Bluetooth 5.3 - Up to 10 Hours Battery Life / 40 Hours Total with Charging Case (ANC on),107.57,,,
HSTJBL5748425,JBL Tune Flex Open-fit True Wireless Noise Cancelling Earbuds - White 4-mic clear calls - JBL Headphones App - IP54 - Bluetooth 5.3 - Up to 6 Hours Battery Life / 32 Hours Total with Charging Case (ANC on),143.58,,,
HSTJBL6077085,JBL SoundGear Frames Audio Sunglasses - Round / Amber JBL OpenSound Technology - Hands-Free Calling - Rugged & IP54 Water Resistant - UV A/B Blocking Lenses - Up to 8hrs Playtime with USB-C Charging,136.02,,,
HSTRAZ2009,Razer Kraken v3 Multi Platform Gaming Headset - Quartz,83.38,,,
HSTSAM053001,Samsung Galaxy Buds3 True Wireless Noise Cancelling Open-fit Earbuds - White - Galaxy AI Translator - Voice Commands - Adaptive EQ & Noise Control - Up to 5hrs battery life/24hrs with charging case (ANC On),209.79,,,
HUBBNE80040,Bonelk Long-Life USB-C to 4 Port USB 3.0 Slim Hub - Black,32.99,,,
IPCAVH221487,"Advantech FPM-D24W-CE 23.8"" (FHD) modular front display design compatible with TPC-B610, TPC-B520, TPC-B300 models",1204.8,,,
IPCMXAEDS408A22,"MOXA Industrial switch EDS-408A-SS-SC 8-port Entry-level managed Ethernet switch, 0 to 60°C operating temperature 6 10/100BaseT(X) ports, 2 100BaseFX single-mode ports with SC connectors",1275.98,,,
IPCNSS0002,NEOUSYS PCIe-NPL54(EA) Fanless 4-port GMSL2 Camera Frame Grabber Card,1497.96,,,
IPHFAN1161,"Fanvil A212 Wall-mounted Speaker With Scheduled Broadcasting, Multicasting, Black Omni-directional Mic and Compatible With Video Linkage & Sub-speakers",301.3,,,
JOYGSR2003,"GameSir X2s USB-C Mobile Phone Gaming Controller ( Ex-demo unit for clearance , no back order )",39.1,,,
KEYLOG5556949,Logitech Signature K855 Wireless TKL Mechanical Keyboard Linear,121.83,,,
KVMREX0117,Rextron PAAG-112 2 Port DisplayPort USB KVM with Audio - Cables Purchased Seperately,375.68,,,
KVMREX0223,"Rextron PAAG-ET3122B 2 Ports Dual Monitor 8K DisplayPort 1.4 KVM Switch With USB 3.2 Gen 2, Audio, HotkekControl For Gaming.",1048.05,,,
KVMSTT4461948,StarTech.com VS424HD4K60 4x4 HDMI Matrix Switch with Audio and Ethernet Control - 4K 60Hz Video - Rack Mount HDMI 2.0 Splitter with Remote,1131.98,,,
LASBRT13615,Brother TN3615XL Toner Cartridge - Black High Yield - 25000 Pages for Brother MFCL6915DW Printer,266.03,,,
LASHPL2309277,HP LaserJet 220V Fuser Kit,638.28,,,
MEMHPE43022,HPE 32GB (1x32GB) Dual Rank x8 DDR4 3200 Unbuffered Standard Memory Kit,388.82,,,
MEMSPM5320264,Supermicro Samsung 32GB DDR5-6400 2Rx8 LP ECC Registered (RDIMM) Memory,2126.41,,,
MICDJI3004,DJI Mic 3 Camera-Mount Wireless Receiver,201.05,,,
MOACHI1081,Chief FCA811 Fusion 14inch camera shelf 60 - 100 TV Accessories,,,,
MOAFEL236472,Fellowes 4800301 Privacy Screen Filter 17.0 Inch Monitor 5:4,90.39,,,
MOAHDT285,HP Depth Adjustable Fixed Rail Rack Kit - For Z Workstation,275.44,,,
MOAKEN4937263,Kensington Magnetic Privacy Screen - 21.5in Monitors,155.2,,,
MOASTT4085993,StarTech.com Mobile Standing Desk - Portable Sit Stand Ergonomic Height Adjustable Cart on Wheels - Rolling Computer/Laptop Workstation Table with Locking One-Touch Lift for Teacher/Student,558.11,,,
MOASTT6271391,StarTech.com 17TF6-PRIVACY-SCREEN 17IN 16:10 Laptop Touch Privacy Screen,57.53,,,
MONAOC42327,"AOC Q27B3CF3 27"" QHD USB-C 65W Business Monitor with 5 Years Warranty -  2560x1440 - IPS Panel - HDMI + USB-C 65W - Built-in Power - Speakers - USB Hub - Height Adjustable Stand - 100x100 VESA",292.95,,,
MONAS42724,"ASUS TUF VG27AQM5A 27"" QHD 300Hz Gaming Monitor - 2560x1440 - 0.3ms - Fast IPS - DisplayPort - HDMI 2.1 - USB Hub - G-Sync Compatible - Speakers - Tilt & Swivel - 100x100 VESA",352.0,,,
MONAS91271,"ASUS HA2741A 27"" QHD HealthCare Monitor 2560x1440 - AGLR - DICOM Part14 GSDF - DICOM Preset - AUTO Calibration - JND< 10% - Antibacterial Treatment - Ergonomic Stand",974.97,,,
MONDEL32439,"Dell P2425E 24"" WUXGA 16:10 USB-C Hub Business Monitor ( Ex-demo unit for clearance , no back order )",349.83,,,
MONDSG25303,"Dasung Paperlike 25.3"" E-ink Monitor with FrontLight and VESA Stand - For Windows / for Mac",2582.58,,,
MONFOP20392,"FOPO S9H 15.6"" FHD Detachable Dual Screen Portable Monitor For 12""-15.6"" Laptops - Dual Cable Dual Screen",343.04,,,
MONFOP73030,"FOPO T03 16"" UXGA Stackable Dual Screen Portable Monitor",341.11,,,
MONMHB7530,"Maxhub XBoard V7 V5550 55"" 4K Smart All-In-One Collaboration Interactive Display (Requires Maxhub OPS sold separately)",3553.43,,,
MONPHS421329,"Philips 32B1N3800/75 32"" 4K UHD Business Monitor 3840x2160 - DisplayPort - 2x HDMI - USB HUB - Speakers - Anti-Glare - Height / Pivot / Swivel / Tilt Adjustable - 100x100 VESA",539.35,,,
MONSSM36275,"Samsung QM75C 75"" UHD Digital Signage Display , 500Nit ,  24x7 - Even Bezel 11.5mm",3288.77,,,
MPHAPP41211284,Apple iPhone 12 128GB White,1019.95,,,
MPHAPP841002,Apple iPhone Air - 256GB - Light Gold,2207.79,,,
MPHCPLRS35RR,CipherLab RS35/RS36 Accessories UHF RFID Reader,754.43,,,
MPHCPLRS36,"CipherLab Handheld Computer RS36 5.5"" Touchscreen, 4GB RAM+64GB, Android 12, Advanced Range 2D Imager (SE5500), LTE/GPS, WIFI 6 ready*, Bluetooth 5.1 BLE/4.2 EDR, NFC, 4000mAh Battery, 16Mega Pixels Camera + 5Mega Pixels Camera, Handstrap",1446.73,,,
MPHMBW511040,Mobiwire One NZ Smart V22 Smartphone - Grey Locked to One NZ - Bundled with MyFlex Prepay SIM,132.89,,,
MPHMIX0114201,"Xiaomi Redmi 14C Dual Sim Smartphone - 4GB+128GB - Starry Blue 6.88"" 120Hz Display - 50MP AI Dual Camera - 13MP Selfies - MediaTek Helio G81-Ultra - 5160mAh Battery - Side Fingerprint Sensor - 2Y Warranty (VoLTE Support - Manual Activation",184.63,,,
MPHMOT023010D,Motorola edge 30 pro 5G (2022) Dual SIM Smartphone - 8GB+128GB - Blue (Ex-Demo with Screen Burn / No Accessories / PB 3 Month Warranty),832.28,,,
MPHOPP026890,OPPO Reno13 5G Dual SIM Smartphone - 12GB+256GB - Luminous Blue,863.13,,,
MPHSAM255250,Samsung Galaxy Xcover 5 (2021) Rugged Dual SIM Smartphone - 4GB+64GB - Black IP68 & MIL-810H - 2 Year Warranty,405.79,,,
MPHVTE1098,VT QD-Y Training Cable (03) 2M QD cord splitter with mute function,26.71,,,
MPP4GM0166058,4GAMERS 4G MARAUDER CAMO EDITION,8.0,,,
MPPCPLRS38004,CipherLab Handheld Computer RS38 Protective Rubber boot,37.1,,,
MPPCPLRS51DPG,CipherLab RS51 Accessories Detachable Pistol Grip for RS51 Series,21.77,,,
MPPNIL0399,"Nillkin Xiaomi 17 Ultra (6.9"") 2026 CamProp Case - Clear - with Transparent Camera Cover",27.98,,,
MPPPZG10173811,PanzerGlass 10173811 CARE by Panzer Feature w K/S (MS) - iPhone 17 - Clear,34.18,,,
MPPRRS21133,RockRose Gravity Reno Magnetic Air Vent Phone Stand,13.63,,,
MPPSAM0000152,Samsung Galaxy Z Fold7 Clear Magnet Case + Anti-reflecting Film - Transparent,43.72,,,
MPPSAM0000179,Samsung Galaxy S26 Ultra Clear Magnet Case - Transparent,52.14,,,
MPPUNQ00000019,"Uniq iPhone 16 Pro Max (6.9"") Combat Case - Lume-White Magsafe Compatible - Military Grade Drop Protection - 5H Scratch-Resistance with 360 Degree Impact Bumper",18.02,,,
MPPZYN301223,ZHIYUN CINEPEER CQ5 Smartphone Gimbal Stabilizer Standard,142.99,,,
MSEASU1015,ASUS ROG Harpe II Ace Wireless Gaming Mouse - Black 48g - 8K Polling - 101 Hr Battery,205.6,,,
MTP1001,Mousetrapper 20RPAB Wired Mouse Roller Pad Advance 2.0 - Black,447.79,,,
NBAHP0090,REPLACEMENT HP COMPAQ 90W NOTEBOOK AC ADAPTER 18.5V 4.9A,23.7,,,
NBAHP380467,HP PPP009L Power Adapter AC 65W 19.5 VDC 3.33A 7.4mm Smart Barrrel Output - C6 3-Pin AC Input,93.96,,,
NBDSTT5236772,StarTech.com Thunderbolt 3 Laptop Docking station USB-C /DUAL 4K/96W PD - Dual 4K 60Hz DisplayPort 1.4 or Dual HDMI 2.0 Monitors - Single 8K - TB3/USB-C - 5x USB 3.0 Ports - 0.8 m Cable,379.95,,,
NBDZAG913194,ZAGG Pro Connect Hub With the 4-Port Hub Turn that One USB-C Port on your Device into Four Ports - USB-C PD - USB-C - USB-A - HDMI,72.58,,,
NBGTUC0016,"Tucano Laser Backpack for Laptop 15.6"" Macbook Pro 16"" - Black - Coated fabric for water resistance - Trolley Strap",82.67,,,
NBKAPP145110003232,"Apple Macbook Pro 14"" Laptop with M5  Chip - ( Silver ) 32GB Unified Memory - 1TB SSD - 10-Core CPU - 10-Core GPU - 14-inch Liquid Retina XDR Display 70W USB-C Power Adapter",4312.64,,,
NBKASU1504781R,"ASUS Factory Refurbished Vivobook 15 F1504ZA Laptop 15.6"" FHD Intel Core i7-1255U - 16GB RAM - 1TB SSD - Win 11 Home - 1yr Warranty - AX WiFi 6E + BT5.3 - HDMI - USB-C",1156.13,,,
NBKASU615043,"ASUS ROG Strix G16 G615JMR NVIDIA RTX 5060 Gaming Laptop 16"" 2.5K 240Hz - Intel Core i7-14650HX - 32GB RAM - 1TB SSD - Win 11 Home - BE WiFi7 + BT5.4 - IR Cam - Thunderbolt4 (with PD & DP) - HDMI2.1FRL",3924.69,,,
NBKDEL1401ABR,"Dell Remanufactured Latitude 5000 Series 5450 Business Laptop 14"" FHD Intel Core Ultra 7 155U - 32GB RAM - 512GB SSD - Win 11 Pro - /PB 1 yr warranty",1842.35,,,
NBKDEL6641715,"Dell Pro 14 Plus 14"" FHD+ Business Laptop Intel Core Ultra 7 266V vPro - 16GB RAM - 512GB SSD -  Win 11 Pro - 2Y ProSupport Warranty",2670.15,,,
NBKDEL7000,"Dell Inspiron 14 Plus 7000 series 7441 Copilot+ PC 14"" QHD+ Touch 10 Cores Qualcomm Snapdragon X Plus - 16GB RAM - 512GB SSD - Win 11 Home - 1Y Warranty - BE WiFi7 + BT5.4",1781.15,,,
NBKGRDEL54203,"Dell Latitude 5420 14"" FHD Laptop (Elite-Grade Refurbished) Intel Core i5 1135G7 - 16GB RAM - 256GB SSD - Intel Iris Xe - Windows 11 Pro - 36-Month Warranty - GreenMachine Certified Refurbished",1103.77,,,
NBKHNB1400013I,"HP OmniBook 5 Flip 14-fp0013 14"" WUXGA Touch 2in1 Laptop Intel Core 5 120U - 8GB RAM - 512GB SSD - Win 11 Home",1167.79,,,
NBKHNB1430030,"HP OmniBook 3 14-ha0003AU 14"" FHD Copilot+ PC AMD Ryzen AI 7 350 - 16GB RAM - 512GB SSD - Win 11 Home - 1Y Warranty",1397.27,,,
NBKHNB611400,"HP EliteBook 6 G1i 14 14"" WUXGA Business Laptop Intel Core Ultra 5 225U - 16GB RAM - 512GB SSD - Win 11 Pro - 3Y NBD Onsite Warranty",2254.0,,,
NBKLEN1507I,"Lenovo IdeaPad 1 15IRU7 15.6"" FHD Touch Intel Core i5-1335U - 8GB RAM - 256GB SSD - Win 11 Home - AX WiFi 6 + BT5.1 - Webcam - USB-C (Data only) - HDMI1.4b - 1yr warranty",895.19,,,
NBKLEN2191400,"Lenovo ThinkPad X9-14 G1 Aura Edition 14"" WUXGA OLED Intel Core Ultra 7 258V - 32GB RAM - 512GB SSD - Win 11 Pro - BE WiFi7 + BT5.4 - IR Cam - Thunderbolt4 (with PD & PD2.1) - HDMI2.1 - 3yr Premier Support",3301.9,,,
NBKMSI14010,"MSI Prestige 14 AI+ D3MG-010NZ 14"" FHD+ OLED Intel Core Ultra 7 355 - 32GB RAM - 1TB SSD - Win 11 Home - 1Y Warranty - BE WiFi 7 + BT6",2847.0,,,
NBKMSI188040,"MSI Crosshair A18 HX A8WGKG-040NZ NVIDIA RTX 5070 Gaming Laptop 18"" QHD+ 240Hz - AMD Ryzen 9 8940HX - 16GB RAM - 1TB SSD - Win 11 Home - Wi-Fi 6E + BT5.3 - 2Y Warranty",3829.8,,,
NBKMST79525122,"Microsoft Surface Laptop 7 15"" Snapdragon X Elite 16GB  Ram 512GB Storage  Win 11 HOME  (  BLACK ) ( Clearance ,ex- Store Demo Unit - 6 Months PB warranty )",1332.71,,,
NETCIS3974288,Cisco AIR-AP2802I-NK9-RF 802.11acW2APw/CA;4x4:3;IntAnt;2xGbENDomain REMANUFACTURED,640.41,,,
NETCIS4035731,Cisco ATA191-K9 2 Port Analog Telephone Adapter,564.24,,,
NETCIS4405358,Cisco C9200-NM-4X  Catalyst 9200 4 x 10G Network Module,2478.38,,,
NETCIS4609152,Cisco PWR-C6-125WAC= 125W AC Config 6 Power Supply,1046.4,,,
NETCIS5002635,"Cisco Business 250 Series Smart Switch 8-port GE, PoE, Ext PS, 2x1G Combo",253.17,,,
NETCTS0018,"CTS 16 Slot Universal Media Converter   Rack, 19 Inch rackmountable. Incorporating slot for optional",833.39,,,
NETTTK0401,Teltonika TSW040 Unmanaged Industrial Ethernet PoE+ Switch (240W) 100M FE x 8 / PoE+ x 8,102.68,,,
NICNV61208,"NVIDIA ConnectX-6 Dx EN adapter card, 100GbE, Dual-port QSFP56, PCIe 4.0 x16, No Crypto, Tall Bracket",1424.84,,,
OUTNIK0901,Nikon Sportstar EX II 8x25 Central Focus Binocular - Black,201.19,,,
POSHDT0338,"HP 9E5A1PA Engage Flex Pro-C G2 with Intel i3-13100TE CPU, 8gb RAM, 256gb SSD, Windows 11 Pro",3392.24,,,
POSITM1434,"Honeywell Single Dock,  CK3 & CK65 (Requires Power Supply 851-061-502)",115.0,,,
POSZBR4085208,Zebra SG-MC33-RBTG-01 MC33 Rubber Boot for Gun,13.16,,,
POSZBR4106,"Zebra 05095CT11007 Thermal Transfer Ribbon cartridge resin 110 X 74 ZD420 5095 Performance Resin - 4.33"" (110 mm) wide x 244' (74M) length, Resin Ribbon, ZD420 cartridge.",44.49,,,
PRACHI1133,Chief VPAUB Vertical & Portrait Projection,,,,
PRM1318,Promate 10000mAh 20W 3-Output Power Bank with Display - White Input 20W / Output 20W / Max 20W USB-A / Max 20W USB-C,33.45,,,
PTRBAM0023,"Bambu Lab H2D More Color Bundle Combo Pack 2x AMS 2 Pro Included Build Size 350 x 320 x 325 mm, Dual-nozzle Multi-material 3D Printing 5m Resolution Optical Motion Calibration Closed-loop Servo Extruder",4840.07,,,
PTRCRL0039,"Creality Halot X1 16K Resolution Resin 3D Printer with 10.1"" LCD ""Dynax+"" Mode for 170mm/h Speed - Build Size 211.68 x 118.37 x 200mm",1073.77,,,
PTRCRL0098,Creality Accessories Filament Dryer Space Pi for FDM,74.27,,,
RACDNX1080,Dynamix RSDFANKITT  Replacement Drop in Fan     Tray for RSFDS/RWM Series Cabinets. Includes Thermostat Feature,272.04,,,
ROBPDUMT002,Pudu MT1 Charging Station,964.85,,,
SEVMED0004,Edison EDL001 EdCreate Edison Robot Creators Kit (The Edison Main unit is NOT included ),41.39,,,
TVSAM825355,"Samsung S95F 55"" 4K OLED Smart TV ( Ex-demo unit for clearance , no back order )",2623.0,,,
NBDBEL5891023,Belkin Connect Thunderbolt 4 Pro Dock 40Gbps - 12 Ports,457.77,,,
SPKAUE90032925,AUDIOENGINE B-Fi Multiroom Music Streamer,323.02,,,
TAAARX8230013,"Armor-X (DAN Series) Ultra Slim 4 Corner Anti-Impact Tablet Case With X-DOCK Modular Eco-System with Shoulder Strap for iPad Air  11"" ( M3/ M2 )  Only,Supports Apple Pencil Pro Wireless Charging",59.63,,,
TAAATP110021,"Glass Screen Protector for Galaxy Tab A11 & A9 8.7"" Tablet 8.7"" ( SM-X133/ SM-X135  &  SM-X110 & SM-X115 )",30.37,,,
TAAMST1210012,Microsoft Surface Pro  for Business 12-inch (1st Edition) Keyboard with Slim Pen - ( Slate  ) for Surface Pro 12-Inch Only,,,,
TAATUC580041,"Tucano MAGNET Tablet Case Black for iPad Pro 11"" ( M5/M4 ) Magnetic back cover partially made from recycled plastic material - Lightweight with a minimalist design - Integrated hinge stand, perfect for reading, writing, or sketching",16.4,,,
TOYSVL0134,CaDA Suzuki Hayabusa Motorcycle Brick Model Kit (Licensed) 1:6 - 1043 Pieces - for Ages 8+!,79.99,,,
UNC001003832,Brother TN851XXLC Cyan Super High Capacity Toner,361.59,,,
UNC001003833,Brother TN851XXLM Magenta Super High Capacity Toner,361.59,,,
UNC001003834,Brother TN851XXLY Yellow Super High Capacity Toner,361.59,,,
WTAAPP6331178,Apple 49mm Milanese Loop - Small - Natural - Designed for Apple Watch Ultra 1/2/3 (49mm case size) - Compatible with 44mm/45mm/46mm cases,351.87,,,
WTAAPP6331311,"Apple 49mm Ocean Band Extension - Navy, Black Titanium Finish - Designed for Apple Watch Ultra 1/2/3 (49mm case size) - One Size Band fits 130mm to 250mm wrists - Compatible with 44mm/45mm/46mm cases",79.32,,,
WTHOPP2510,"OPPO Watch X2 Smart Watch - Lava Black 1.5"" AMOLED Display - Wear OS By Google - Up to 5 Days Battery Life - MIL-STD-810H - 5ATM / IP68 Water Resistance - Precision Dual-Frequency GPS - ECG Analysis",438.24,,,
WTHSAM50702,Samsung Galaxy Ring Smart Ring - Titanium Gold - Size 7,637.84,,,
WTHSAM51401,Samsung Galaxy Ring Smart Ring - Titanium Silver - Size 14,637.84,,,
WTHUHN29647,ULTRAHUMAN Ring AIR Smart Ring - Bionic Gold - Size 9 Sleep and Fitness Tracker - Smart Ring for Men and Women - No app fee for Standard Features - Up to 6 Days Battery Life,568.25,,,
WTHUHN29685,ULTRAHUMAN Ring AIR Smart Ring - Bionic Gold - Size 13 Sleep and Fitness Tracker - Smart Ring for Men and Women - No app fee for Standard Features - Up to 6 Days Battery Life,568.25,,,
WTHUHN66784,ULTRAHUMAN Ring AIR Smart Ring - Raw Titanium - Size 8 Sleep and Fitness Tracker - Smart Ring for Men and Women - No app fee for Standard Features - Up to 6 Days Battery Life,568.25,,,
WTHUHN66791,ULTRAHUMAN Ring AIR Smart Ring - Raw Titanium - Size 9 Sleep and Fitness Tracker - Smart Ring for Men and Women - No app fee for Standard Features - Up to 6 Days Battery Life,568.25,,,
ADPMBE1022,mbeat MB-DOCK-D11 11-in-1 Multiport USB-C Dock,193.68,,,
ADPSPB0607,Sansai STV-607AC USB Travel Adapter - Other Countries to NZ / AU,17.91,,,
AUDBYA9901,"Boya K3-02 Vibrant Lighting Condenser USB Microphone The BOYA K Series is a collection of vibrant lighting USB microphones designed for podcasters, vocalists, gamers, and streamers.",88.25,,,
AUDROD0098,RODE Interview Pro Wireless Handheld Condenser Microphone - Omnidirectional Condenser Capsule,436.99,,,
AUDROD1274,RODE SC15 Lightning Accessory Cable 300mm USB-C to Lightning Cable - Connect RODE VideoMic NTG to iOS Devices,50.86,,,
AUDROD5005,RODE Interview Micro Handheld Mic Adapter For Wireless Micro - White,49.29,,,
AUDWIM00012,WiiM Voice Remote 2 - Silver Premium Replacement / Add-on Remote for WiiM Mini / WiiM Pro / WiiM Pro Plus / WiiM Amp / WiiM Amp Pro / WiiM Ultra & More - Metal Build - 4 Programmable Reset Buttons - USB-C rechargeable,89.17,,,
BULSPB4382,Sansai GL-H481A Portable Work Light,17.28,,,
CAADJI10021,"DJI Osmo Flexible Mount for Osmo Acton 5 pro, Action 4, Action 3",34.73,,,
CAAINS57654,Insta360 Pet Harness Mount Size S For GO 3S,106.79,,,
CAAINS60284,Insta360 X5 Quick Reader,93.44,,,
CAANIK8512,Nikon NIKKOR Z FX 85mm F1.2 S-Line Telephoto Prime Lens,5349.95,,,
CAASMR5106,SmallRig 2 Batteries Sealed Case Charger Kit 18W Fast Charge for Sony NP-FZ100,82.26,,,
CABBEL4828996,Belkin BoostCharge USB-C Cable - 1m - White,16.24,,,
CABCYG11202,Cygnett Essentials USB-A to USB-C Cable - 2m  - White,12.96,,,
CABPDY0073,PUDNEY P3104 Coaxial Coaxial Cable - 4m - Black Female Adaptor - PVC,20.57,,,
CAMINS8774,Insta360 Flow 2 Pro Smartphone Gimbal Stabilizer (Summit White),252.9,,,
CAMKDC8373,Kodak Flash Camera - (Single use) Disposable 27 Exposures - One Time Use,47.06,,,
CCTEZV6018,EZVIZ T4C Smoke Sensor 360-Degree Smoke DetectionLoud Siren (85dB) / Required to work with Ezviz Gateway,53.34,,,
CGDPAL77711745,Paladone PRL Ramen Box Moulded Light,24.35,,,
CHSDNX1079,Dynamix RMFD27-600Y Front Mesh Door for 27RU 600mm      Wide Server SR Series Cabinet.,279.62,,,
DGSMHB1651,"Maxhub CMD Series 65"" 4K Commercial Display - 300nit, 16x7 - Support Airplay / Miracast / Chromecast / Maxhub Share",1259.49,,,
DRODJI0241,DJI Air 3S Drone Includes DJI RC-N3 Controller - 4K 3-Axis Gimbal Camera - Up to 46 Minutes of Flight Time,1820.01,,,
FANPHA12331,"Phanteks M25 G2 120mm PWM ARGB Fan White, 3 Pack",58.35,,,
HDDDEL3440383,Dell 400-AJQX 1.8TB 10K 2.5IN HD 3.5IN CARR CUSKIT,763.37,,,
HOMBBT0005,"Beatbot AquaSense 2 Pro Robotic Pool Cleaner 5-in-1 Comprehensive Pool Cleanning,Advanced Wall Climbing stability,11 Hours Continuous Surface cleanning, Clever Nav, App Remote Nav Control/36 Months Warranty",2984.49,,,
HOMEFY0010,"Eufy Clean L60 SES Robotic Vacuum with Hair Detangling 5,000 Pa of Suction - iPath Laser Navigation - Up to 60 Days Hands Free Cleaning",874.47,,,
HOMFEL9573801,Fellowes AeraMax PRO AM3 9573801 Air Purifier Coverage from 30 - 55 sqm - Hard wired unit,289.52,,,
HOMLOK7980,Lockly Vision Smart Deadbolt Video Lock - Satin Nickel Finish Built-in Video Doorbell / 3D Fingerprint / Fob Key / Includes WiFi Module & Door Sensor,491.31,,,
HOMOPS0026,Olimpia Splendid Dolceclima Compact 8 p Portable Air Conditioner 24h Timer - 2.1KW Cooling 360 Degree Rotation - 70cm Height 35cm Width Compact Technology - Remote Control - Dehumifier - Fan - 3 in 1,511.67,,,
HOMRBK0078,"Roborock Q Revo Master Black Robot Vacuum with Multifunctional Dock 10,000Pa Suction - 98.8% Edge Coverage - 1.85mm Along the Edge - Flexi Arm Design Side Brush - Dual Spinning Mops - Auto Dust & Self-Refilling & Cleaning Dock - Hot Water M",1649.17,,,
HPE11690,HP L00818-850 HP Power Adapter AC 200W 4.5mm Tip R/A 19VDC Output - C6 3-Pin AC Input,164.83,,,
HSTHYX2001,HyperX Cirro Buds Pro True Wireless Gaming Earbuds - Black,159.57,,,
HSTPAN06302,Panasonic RB-HF630B Wireless On-Ear Headphones - White 30mm Drivers with XBS Extra Bass System - Clear Voice Calls - Foldable Design - Multipoint - Massive Battery Life up to 72hrs - USB-C Fast Charging,52.56,,,
INKICN23244423,Okin Remanufactured Ink Cartridge Replacement for HP 75 CB338WA - XL - Colour,28.2,,,
IPHGSM473954,Grandstream GWN7813P 28-Port 10G L3 Managed PoE Switch (370W) - 10G SFP+ x4 / 1GbE PoE+ x24,586.02,,,
JOYBEL6629032,Belkin ScreenForce TemperedGlass Blue Light Filter Screen Protector for Nintendo Switch 2,29.49,,,
LASCNN9559,Canon Cart-312 Genuine Toner Cartridge - Black for LBP3100B,97.76,,,
LASFXP0042,Fuji Xerox CT202488 Toner Cartridge - Black,63.47,,,
LASHPL1858358,HP 305A CE412A Toner Cartridge - Yellow 2600 Pages,295.29,,,
LASICN28989695,Okin Compatible Drum Unit Replacement for Brother DR233CL - Black / Cyan / Magenta / Yellow - 4 Pack,118.54,,,
MEMHPE06033,HPE 32GB DDR4 Server RAM 1x 32GB - Dual Rank x4 - DDR4-3200 - Registered - Smart Memory for Intel Gen10+,4969.9,,,
MPHCIS2491578,Cisco CP-7821-K9 UC Phone 7821 Two-Line IP Phone (Charcoal),340.71,,,
MPHMOT117018,Motorola Razr 60 Smartphone - Parfait Pink,1294.07,,,
MPPAPP0751369,Apple iPhone Air Bumper Case - Light Blue - Lightweight Bumper Case with Added Edge Protection,65.61,,,
MPPAPP9885136,Apple iPhone 16 Plus Silicone Case with MagSafe - Stone Gray Soft Touch Finish,55.95,,,
MPPGEN0689,iPhone 15 Pro Max Flip Wallet Case - Pink 3 Card Slots - Cash Compartment - Magnetic Clip,15.56,,,
MPPOPP0034,OPPO Find N6 AI PEN Kit (Back Cover + AI Pen),192.48,,,
MPPOTB01024300,OtterBox Galaxy S24 FE 5G Defender Series Phone Case - Black,65.99,,,
MPPOTB90055515,OtterBox Galaxy S24+ 5G Symmetry Clear Series Case - Clear,35.22,,,
MPPSGP10712,Spigen Galaxy S26+ 5G (2026) Ultra Hybrid MagFit Zero One Case - White - Tech-inspired design - MagSafe compatible - Hybrid impact protection,62.32,,,
MPPSKA0000069,skinarma Galaxy S26 Ultra (2026) Tempered Glass Screen Protector - Privacy - 2.85D - Includes Applicator Frame,19.91,,,
MPPTOR00000017,"Torras iPhone 15 (6.1"") Pstand Case - Black MagSafe Compatible - Built-in Versatile Seamless Stand",47.74,,,
MPPTOR00000039,"Torras iPhone 15 Pro Max (6.7"") Guardian Magnetic Case - Black MagSafe Compatible - Translucent Slim",37.28,,,
MPPUNQ00000057,"Uniq Lyft Magnetic Snap-On Stand and Wallet Card Holder - Brown Supports Dual Orientation with 5 Viewing Angles, Slim and Acessible Storage for Up to 2 Cards",24.67,,,
MPPZAG109917203,"ZAGG Stylus G2 for Acer, Amazon, ASUS, HP, Lenovo & Samsung Chromebook and tablets that feature the USI 1.0 or USI 2.0 protocol",106.48,,,
MVRASU12601,"ASUS ROG XREAL R1-B Gaming AR Glasses - Broad ( 66-75mm ) - 240Hz refresh rate, 0.01ms, Micro-OLED display, 57° FOV, Electrochromic Dimming, Native 3DoF ( Anchor & Follow Mode), Instant 3D, Sound by Bose",1739.55,,,
MVRROK0010,Rokid AI Glasses Charging Cable,28.65,,,
NBAINC10164876,"Incase Dots HardShell Case with Makrolon  for 16"" Macbook Pro (  M5/M4/M3/M2  ) -Clear",61.31,,,
NBAOEM0165,"Matte Rubberized Hard Shell Case Cover for 15"" MacBook Air (2023-2024) - Matte White for Models: A3241/A3114/A2941",31.12,,,
NBDKEN1450,Kensington UH1450P USB-C Dual 4K Alt Mode Mobile Hub with 85W Power Delivery 2x DP1.4 - 1x 10Gbps USB-C 3.2 Gen2 - 2x USB-A 3.2 Gen2 - RJ45 x1 - Supports MacOS / iPadOS / Samsung DeX / Windows - 2 Year Warranty,198.7,,,
NBKASU410235R,"ASUS Factory Refurbished Vivobook Go 14 E410KA Laptop 14"" FHD Intel Pentium Silver N6000 - 8GB RAM - 128GB eMMC - Win 11 Home S Mode - AC WiFi 5 + BT5.1 - Webcam - USB-C (Data Only) - HDMI1.4",402.5,,,
PAPEPA1095215,Epson C13S041154 Iron-On Transfer Paper - A4 - 10 Sheet,40.54,,,
PTABRT1047419,"Brother WT200CL waste toner box For HL3040cn       HL-3040CN, HL-3070CW, MFC-9120CN, MFC-9320CW",61.4,,,
PTRBRT02880,"Brother MFC-L2880DWX A4 Mono Laser MFC Wireless Printer with 5,000 Pages Inbox Toner Automatic 2-Sided Print up to 16 Sides per Minute - Print Speeds up to 34 Pages per Minute",431.93,,,
PTRCRL0034,Creality CR-Scan Raptor X 3D Scanner Portable Wireless Scanner - 34+7 Blue Laser Lines - Fast WiFi 6 Data Transmission - Objects Between 5-4000mm,6527.08,,,
PTRMKB0096,xTOOL Accessories SafetyPro AP2 Air / Smoke Purifier for P2S / P2 / S1 / M1 Ultra / F1 Ultra / D1 / M1 / F1,1375.4,,,
SEVOEM000074,"JEYI SSD Heatsink Black EAGLE For NVME M.2 2280 Aluminum Heatsink, Compatible with Playstation PS5 - SSD Hard Disk Cooler Thermal Conductivity Silicon Wafer Cooling",23.21,,,
SEVOEM6689,"Lenovo Thinkpad X1 Carbon Gen5 2017, US Backlit Keyboard with Pointer (with Black Frame), PN: 01ER623, SN20M08031",49.0,44.23,9.73,CLEARANCE
SEVOEM6778,"OEM Lenovo Thinkpad L15 Series, US Non Backlit Keyboard - Black, PN: PN: 5N20W68109 5N20W68181",40.0,36.1,9.75,CLEARANCE
SEVOEM6989,OEM HP Pavilion 14-DV Keyboard with Backlit PN:M01075-001,20.0,18.04,9.8,CLEARANCE
SEVOEM7A870,"OEM HP Elitebook 840 G7 G8/ ZBook G7, G8 Rubber Feet",20.0,10.27,48.65,CLEARANCE
SEVOEM7A885,OEM Dell Inspiron 15 3535 Top Cover with Backlit US Keyboard PN:0DJP76,69.0,59.03,14.45,CLEARANCE
SPKJBL6224920BD,JBL PartyLight Stick Bluetooth Party Light Stick BOX DAMAGED - FULL WARRANTY APPLIES,126.99,114.61,9.75,CLEARANCE
SPKPHS63256,Philips SPA6500 PHILIPS MULTIMEDIA SPEAKER,179.6,153.98,14.27,CLEARANCE
SPKSPB1153,Sansai BT-111C-R Bluetooth Speaker - Red,85.68,81.4,5.0,CLEARANCE
STACRO1001433,Cross 886-46FJ Cross ATX Etched Diamond Pattern Titanium Grey Fine Nib Fountain Pen,122.43,99.72,18.55,CLEARANCE
STADBD1001180,Debden 820739 Debden Compendium A4 4-Ring Zippered PU Black,53.77,48.53,9.75,CLEARANCE
STAFEL5347307,Fellowes 5347307 Plastic Binding Combs 16mm Black Pack 100,25.3,24.04,4.98,CLEARANCE
STAFEL628901,Fellowes 4628901 AutoMax 150C Cross Cut Shredder,805.58,706.56,12.29,CLEARANCE
STAFEL9974905,Fellowes 9974905 Air Duster 350ml HFC Free,30.31,23.39,22.83,CLEARANCE
STT5699786,StarTech.com 4 Port Industrial USB 3.0 Hub - Metal,240.6,204.49,15.01,CLEARANCE
SVPDEL1090,Dell 8FKXC Disk Drive Tray (Plastic Rails) for SFF SATA/SAS R/T-Series Gen 13,23.86,21.54,9.72,CLEARANCE
SVPHSV1641,HP 413015-B21 HPE 16Gb PC2-5300F 667Mhz ECC FBD DR x4 CL5 240-Pin (2x8Gb) Memory Kit - Intel,471.87,120.7,74.42,CLEARANCE
SVPIBM1626,IBM 49Y1445 4GB Server RAM PC3-10600R - 1333Mhz - ECC - REG - DR x4 - CAS-9 - DIMM - FRU,288.45,183.87,36.26,CLEARANCE
SWHDEL20120R,"Dell Remanufactured N2224X-ON 1U, 24 multigigabit ports 2.5GBASE-T RJ24, four ports 25G SFP28, and two ports of 40G QSFP+ for stacking - Refurbished condition /PB 6 mths warranty",2415.0,1239.72,48.67,CLEARANCE
SWHNTN1002,Netonix WS-12-250-AC  WS-12-250-AC Managed PoE Switch,879.11,654.18,25.59,CLEARANCE
TAABCP0237,Bouncepad Desk BP-DSK202-EEB Samsung Galaxy Tab A9+ 11 (2023) - Black Exposed Home Button & Front Camera,373.31,242.47,35.05,CLEARANCE
TAAGEN1001,Compulocks COM-VESA-CLNG-B Universal Tablet holder - Cling Wall Mount,296.18,212.14,28.37,CLEARANCE
TAAGGC1065,"Generic - Grip Case AR-G209 Shoulder and Hand Strap Case - Samsung Galaxy Tab A9 8.7""",75.36,64.62,14.25,CLEARANCE
TAAGGC1101,"Generic - Grip Case AB-EVA119-BL EVA Shockproof Case  - iPad 11"" 11th Gen - Blue",34.34,28.44,17.18,CLEARANCE
TAAHKL1130,Heckler H519 AV Cart - Logitech MeetUp Bracket Black Grey,147.59,118.71,19.57,CLEARANCE
TAAHKL1179,Heckler H650-BG Wall Mount MX for iPad Mini 6-7th Gen,411.19,334.49,18.65,CLEARANCE
TAANCE11312811,NICE Slim Light Folio Cover - (Black)  Case for Lenovo  M10 Plus 2K 3rd Gen  (TB 128),28.99,7.13,75.41,CLEARANCE
TAANCE11312812,NICE Slim Light Folio Cover - (Blue)  Case for Lenovo  M10 Plus 2K 3rd Gen  (TB 128),28.99,7.26,74.96,CLEARANCE
TAANCE840012,NICE Slim Light Folio Cover - (Blue)  Case for Lenovo  M8 4th Gen  (TB 300),19.0,5.91,68.89,CLEARANCE
TAANCE910011,"NICE Slim Light Folio Cover - (Black)  Case for Lenovo  M9  9"" Tablet   (TB 310)",19.0,10.81,43.11,CLEARANCE
TAANCE910012,"NICE Slim Light Folio Cover - (Blue)  Case for Lenovo  M9  9"" Tablet   (TB 310)",19.0,6.81,64.16,CLEARANCE
TAARAMI0006,Strike CipherLab RS35/RS36 Car Cradle AK Swivel Mount,292.24,74.75,74.42,CLEARANCE
TAAUNI249030,Uni PC3M8C Uni Posca Marker 0.9-1.3mm 8 Piece Asstd PC-3M,34.8,31.41,9.74,CLEARANCE
TABWMAM101RKLR,"Winmate Remanufactured M101RKL 10"" Rugged Tablet 2G 16G Android IP65 1920X1200 P-Cap touch, 5140mAh, WiFi/BT/GPS, Camera:F 2M R 8M IP65 /PB 6 mths warranty",1097.74,849.41,22.62,CLEARANCE
TAPSLT303190,SELLOTAPE 1205 Double-Sided Tape 18 x 33m,23.79,21.47,9.75,CLEARANCE
TOAPGY30060,PGYTECH DJI RC Protector,25.0,13.51,45.96,CLEARANCE
TOATMA15366,Tamiya 15366 JR Lg Dia Carbon Wheel Set - w/Soft Slick Tires for Super Mini 4WD,7.05,6.7,4.96,CLEARANCE
TOATMA81786,Tamiya XF-86 Acrylic Mini Paint - Flat Clear - 10ml,4.75,3.83,19.37,CLEARANCE
TOLDNX0026,Dynamix CT-RAPT180 Rapid Termination Tool For  180 degree Keystone Jacks,198.34,188.43,5.0,CLEARANCE
TOLDNX0031,Dynamix CT-RAPC6AS06 Cat6A Crimp Termination Tool. Designed to be used with FP-C6AUGS-06 Cat6A Slimline Jacks.,64.42,61.2,5.0,CLEARANCE
TOLFML1018,FORMULA FAC265  AIR CONNECTOR DOUBLE HOSE BARB 10MM,3.27,2.96,9.48,CLEARANCE
TOLFML1125,FORMULA FM.AR03  Air Regulator with Pressure Gauge,18.04,16.28,9.76,CLEARANCE
TOLFNX0090,Fenix Battery Pack Tailored Replacement For Fenix LR80R ONLY,339.94,115.77,65.94,CLEARANCE
TOLFNX0090R,Fenix Remanufactured Battery Pack Tailored Replacement For Fenix LR80R ONLY /PB 6 mths warranty,271.98,40.04,85.28,CLEARANCE
TOLGOT9015,GOOT TQ-77SS Spacer for TQ-77 / TQ-95,3.94,1.92,51.27,CLEARANCE
TOLHAN0001,HANLONG CT-S501B UTP/STP Cable Cutter & Stripper Thumb Screw for Adjusting Blades,23.02,15.58,32.32,CLEARANCE
TOLOEM0066,"RGB Gaming HeadSet & Headphone Stand + Mouse Cord Holder X 2 USB Port Hub Black Hanger / Holder for Headset / Headphone / 7 LED Colors + Color Changing Mode,",45.0,34.82,22.62,CLEARANCE
TOLOPN1005,"Dynamix FC-LFT250-100 Cleanroom Wipes, 250mm x 250mm",15.24,10.89,28.54,CLEARANCE
TOLSMS1227,SMS PL45 AIRBRUSH PAINT 30ML PREMIUM FLURO BLUE ACRYLIC LACQUER SCALE MODELLERS SUPPLY,13.01,12.35,5.07,CLEARANCE
TOLSTT690146,StarTech.com CTK200 11 Piece PC Computer Tool Kit,43.41,39.18,9.74,CLEARANCE
TOLXTR0114,XTAR D30 High Powered LED Flashlight 6000LM 4 x 18650 Battery Powered,409.0,285.61,30.17,CLEARANCE
UNC001002412,WHITE BOX Compatible CF287X #87X Black Cartridge CPHT87X,120.53,70.89,41.18,CLEARANCE
UNC001002570,Oki Image Drum For ES5442/ES5473 Magenta 30000 Pages,65.39,63.35,3.12,CLEARANCE
UNC001003614,Okin IET522C Compatible Epson T522 Cyan Ink Bottle,11.57,9.96,13.92,CLEARANCE
UNC001003615,Okin IET522M Compatible Epson T522 Magenta Ink Bottle,11.57,9.96,13.92,CLEARANCE
UNC001003616,Okin IET522Y Compatible Epson T522 Yellow Ink Bottle,11.57,9.96,13.92,CLEARANCE
UNC001006485,HPE ML30 Gen10+ BCM Cbl Kit - TPL Promo End Date 10/05/2024,38.1,23.7,37.8,CLEARANCE
UNC001006990,Trusens Z1000 CARBON FILTER ALLERGY,36.24,24.71,31.82,CLEARANCE
UNI11534,"Unitek 10Gbps USB-C to USB-C Adapter. Supports Data Sync & 2A Fast Charging, Plug & Play,Alloycasing, Built-in over heat Protection. Black",12.8,12.16,5.0,CLEARANCE
UNI11552,"Unitek 1-in-16-Out HDMI Splitter, Space Grey. Supports Mirror Mode for up to 16 Monitors, Supports 4KContent,Expand with Additional Splitters, Transmit up to 15m,",135.53,90.01,33.59,CLEARANCE
UPSMRP9003,Morningstar SunSaver SS-20L-12V 4 Stage 12v 20a PMW Solar Controller LVD,300.01,132.04,55.99,CLEARANCE
UPSMRP9004,Morningstar Morningstar ProStar PS-30M 12v/24v 30a PWM LCD Solar Controller,495.58,218.12,55.99,CLEARANCE
USBMBE1038,mbeat HCR518 Portable USB 3.0 Hub & Card Reader,50.78,26.56,47.7,CLEARANCE
VNT1037,Vention BDBW0  4 Pole 3.5mm Male to 2 3.5mm Female Audio Adapter Silvery Metal Type,9.51,8.58,9.78,CLEARANCE
WKSASUPV100AV1,ASUS IoT PV100A without HDC Cable,204.45,187.34,8.37,CLEARANCE
WKSIBA300B,"iBASE Fanless wide temp solution AMS300M i7-7700T, 16G/512GB X2, with WIFI, DVI x1, DP x1, USB x6, RJ45 x3. 180W/24V Power adaptor",2737.86,2230.01,18.55,CLEARANCE
WKSPB58211,PB Pro Creator RTX 4070 Ti SUPER Studio PC Intel i7 13700K 16 Core - 64GB DDR5 RAM - 2TB (1TB +1TB) NVMe SSD - NVIDIA GeForce RTX4070Ti SUPER 16GB Graphics - AX WiFi 6 + Bluetooth - Windows 11 Professional,5058.85,4805.91,5.0,CLEARANCE
WPAICN0002,Okin ISNBSC008 Spiral 3 Subject Notebook A4 Soft Cover 300pg,12.67,12.04,4.97,CLEARANCE
WPAOSC012701,Okin System Cards - 203 x 127mm - 100 Pack - White,7.21,6.51,9.71,CLEARANCE
WRIPLT20136,"Pilot BL-P50-L P500 Gel Extra Fine Blue (BL-P50-L) priced for one unit, MOQ is 12 units",5.15,4.9,4.85,CLEARANCE
WRIPLT20165,Pilot Super Grip Ballpoint Refill Medium Red (RFNS-GG-M-R) -- Buy 12 units to receive them in a box,1.64,1.48,9.76,CLEARANCE
WRIPLT20187,Pilot Super Grip Ballpoint Medium Red (BPGP-10R-M-R-R) -- Buy 12 units to receive them in a box,4.05,3.66,9.63,CLEARANCE
WRIPLT20223,Pilot BeGreen V Board Whiteboard Marker Chisel Red (WBMAVBM-MC-R-BG) -- Buy 10 units to receive them in a box,3.46,3.13,9.54,CLEARANCE
WRIPLT20498,Pilot Frixion Ball Sweets Collection Marshmallow (BL-FR7SW-MML) --  Buy 12 units to receive them in a box,4.91,4.85,1.22,CLEARANCE
WRIPLT20499,Pilot Frixion Ball Sweets Collection Cocoa (BL-FR7SW-CCL) -- Buy 12 units to receive them in a box,4.91,4.6,6.31,CLEARANCE
WRIPLT20513,Pilot Frixion Ball Pool Party Watermelon (BL-FR7SW-WMB),4.91,4.07,17.11,CLEARANCE
WRIPLT20514,Pilot Frixion Ball Pool Party Bubble Tea (BL-FR7SW-BTL),4.91,4.07,17.11,CLEARANCE
WRIPLT20515,Pilot Frixion Ball Pool Party Ice Cream (BL-FR7SW-IPU),4.91,4.07,17.11,CLEARANCE
WRIPLT257013,"Pilot Hi-Tecpoint V5 Rollerball Extra Fine Red (BX-V5-R) priced for one unit,",6.11,4.82,21.11,CLEARANCE
WRIPLT257016,Pilot PENS BX-V7-L  Hi-Tecpoint V7 Rollerball Fine Blue (BX-V7-L) - MOQ = 12,6.11,5.8,5.07,CLEARANCE
WRIPLT257044,Pilot Hi-Tecpoint V7RT Rollerball Fine Red (BXRT-V7-R) -- Buy 12 units to receive them in a box,4.75,2.39,49.68,CLEARANCE
WTHSAM50700,Samsung Galaxy Ring Smart Ring - Titanium Black - Size 7,699.0,630.86,9.75,CLEARANCE
WTHSAM51202,Samsung Galaxy Ring Smart Ring - Titanium Gold - Size 12,699.0,599.31,14.26,CLEARANCE
WTHSAM51301,Samsung Galaxy Ring Smart Ring - Titanium Silver - Size 13,699.0,599.31,14.26,CLEARANCE
WTHSAM51402,Samsung Galaxy Ring Smart Ring - Titanium Gold - Size 14,699.0,599.31,14.26,CLEARANCE
WTHSAM51500,Samsung Galaxy Ring Smart Ring - Titanium Black - Size 15,699.0,599.31,14.26,CLEARANCE
WTRBYK19800,BYKSKI Granzon Multi Directional Free Rotary Male to Female Elbow Fitting Black,24.99,12.19,51.22,CLEARANCE
ADPADX1018,AMDEX FP-RCAF-RE Red RCA to F Connector        Gold Plated,7.82,5.5,29.67,CLEARANCE
ADPALG00032,"Alogic U33HGHEDF USB 3.0 SuperSpeed 3 Port Hub + Gigabit Ethernet Adapter - USB 3.0 - External - 3 USB Port(s) - 1 Network (RJ-45) Port(s) - 3 USB 3.0 Port(s) - PC, Mac",77.98,66.86,14.26,CLEARANCE
ADPALG73562,Alogic USB-C Hub - Black Gigabit Ethernet & USB 3.0 SuperSpeed 3 Port USB,78.28,70.64,9.76,CLEARANCE
ADPDNX1012,"Dynamix A-RG6F-MSA RG6 F Connector (Male), Radial Sky Approved Crimp Indoor/Outdoor rated - Recommended tool CT-507",3.37,2.48,26.41,CLEARANCE
ADPMOK854013719,Moki Travel Adaptor Plus Inbound - Universal to AU/NZ + PD20W Type-C & QC 3.0 USB-A-ETA to be advised,25.28,21.31,15.7,CLEARANCE
ADPSTT1601256,StarTech.com C6CROSSOVER Gb Cat6 to Crossover Ethernet Adapter,21.08,19.66,6.74,CLEARANCE
ADPSTT1846257,StarTech.com PLATE25F16 16in DB25to IDC 25 Pin Header Slot Plate,10.18,9.19,9.72,CLEARANCE
ADPSTT2086082,StarTech.com ICUSB2324I 4 Port USB to DB9 RS232 Serial Adapter,224.3,123.72,44.84,CLEARANCE
ADPSTT2639115,"StarTech.com MSTMDP123DP 3-Port Multi Monitor Adapter - Mini DisplayPort to DisplayPort MST Hub, Dual 4K 30Hz & 1x 1080p - Video Splitter for Extended Desktop Mode on Windows Only - mDP 1.2 to 3x DP",78.59,44.06,43.94,CLEARANCE
ADPSTT4413444,StarTech.com SVA20N2NEUA 20V DC Power Adapter with Type-N Barrel for DK30A2DH / DK30ADD Docking Stations - DC Power Supply - 20V - 2A,82.94,82.33,0.74,CLEARANCE
ADPSTT4630271,StarTech.com LTANCHORL Large Cable Lock Anchor Anchor for Cable Lock - Large,21.98,20.08,8.64,CLEARANCE
ADPSTT4633996,StarTech.com ITB20D3250 DC Power Adapter - International - Ext.,135.83,114.83,15.46,CLEARANCE
ADPSTT4688057,StarTech.com CONNLOCKPK5 5-Pack Security Cable Tethers for Adapters & Dongles - Universal Cable Adapter Tether - Tether Cables - Adjustable Length Anti-Theft Cable Tether Lock Kit - Steel (CONNLOCKPK5),40.7,20.41,49.85,CLEARANCE
ADPSTT690117,StarTech.com 7 Port Industrial USB 2.0 Multiport Hub ESD & 350W Surge Protection - Mountable,159.34,122.15,23.34,CLEARANCE
ADPSTT690163,StarTech.com GC98MF DB9 to RJ45 Modular Adapter - M/F Convert your DB9 female connector into an RJ45 female connector,5.21,5.14,1.34,CLEARANCE
ADPSTT690230,StarTech.com DP2VGA2 DisplayPort to VGA Adapter - Active DP to VGA Converter - 1080p Video - DisplayPort Certified - DP/DP++ Source to VGA Monitor Cable Adapter Dongle - Latching DP Connector,48.97,47.01,4.0,CLEARANCE
ADPSTT690365,StarTech.com USB110EXT2 1 Port USB over Cat5 / Cat6 Extender,205.07,131.39,35.93,CLEARANCE
ADPSTT690388,StarTech.com 4 Port USB to RS232 Serial Adapter Hub,172.5,110.38,36.01,CLEARANCE
AIBBAC50061,"Badger Air Brush Co - 3 Corner Tip Inserting Reamer for Model 100, 150, and 200 Airbrushes",14.46,13.04,9.82,CLEARANCE
AIBTMA74524,Tamiya Spraywork Paintcup 40CC,8.52,4.75,44.25,CLEARANCE
AUDSHU1218,Shure MV-ONE-Z6 One Channel Direct to Phone Wireless Lavalier MoveMic,350.6,238.84,31.88,CLEARANCE
AUDSHU1222,Shure MV-TWO-Z6 Two Channel Direct to Phone Wireless Lavalier Movemic,498.98,370.71,25.71,CLEARANCE
AUDSHU1239,Shure AMV7+WS-BLU Foam Windscreen for MV7 Series Microphones - Blue,21.84,16.31,25.32,CLEARANCE
AUDSTY0053,Styli - Acos GP104 Styli,32.23,20.8,35.46,CLEARANCE
AVEATN2815,Aten VE2812R HDMI HDBaseT Receiver Supports up to 4k 100m (Cat6A) - 1080p - 150m Over Long Reach Mode,482.09,354.38,26.49,CLEARANCE
BAGEKB0140,"Everki Rugged EVA EKF875 13.3"" Laptop Briefcase Hardened Laptop Sleeve with Cushioned Memory Foam Lining",50.5,45.56,9.78,CLEARANCE
BARPGVG008LY2,Proglove Accessories G008-LY-2 Reel bundle with 2 lanyards,438.44,109.76,74.97,CLEARANCE
BAS29144,Baseus Explorer Series 100W USB-A to USB-C Cable - 1m - White Smart Temperature Control - Fast Charging,15.0,14.25,5.0,CLEARANCE
BATCSB1205,"CSB 12V 25W/5AH Replacement         Battery. To suit 3S550AU (1), 9SX/9PX 5kVA/6kVA (15), 9SX/9PXEBM180V (30). Up to 8 years Standby Service life, 70 x 90 x 106mm. HRL1225W",119.88,102.74,14.3,CLEARANCE
BATMRP9001,AMP-TECH AT670 6v 7Ah AGM Battery,17.6,10.0,43.18,CLEARANCE
BATMRP9002,AMP-TECH AT6120 6v 12ahr AGM Battery T2,28.27,13.79,51.22,CLEARANCE
BATMRP9004,Odyssey PC625 12v 265ccA AGM Battery,489.04,238.49,51.23,CLEARANCE
BATMRP9005,Odyssey PC925MJ 2v 380ccA AGM Battery,751.02,366.25,51.23,CLEARANCE
BATMRP9009,Powertech NiMH / NiCD RC Hobby Pack Charger 2-8 Cell NiMh Packs,57.56,36.27,36.99,CLEARANCE
BATMRP9014,Tadiran D Size TL-5930/T Lithium Battery (Tabs) D Size 3.6V 19AH,68.47,45.42,33.66,CLEARANCE
BATMRP9018,Tadiran AA TL-5903/P Lithium Battery (Axial) 3.6V 2400MAH,20.72,9.6,53.67,CLEARANCE
BATMRP9019,Tadiran C Size TL-5920/T Lithium Battery with Solder Tags 3.6V 8.5Ah,44.91,20.8,53.69,CLEARANCE
BATMWL9001,Mean Well PB-120N-13C Battery Charger with XLR Connector 12v 7.2a,155.84,72.2,53.67,CLEARANCE
BATPAN9902,Panasonic Eneloop 7.2v 2000mah Flat NiMh Battery Pack,55.22,29.84,45.96,CLEARANCE
BATPAN9906,Panasonic Eneloop Pro 4.8v 2500mah Flat NiMH Battery Pack,43.68,20.24,53.66,CLEARANCE
BULLFX74009,LIFX LFXWPPSUKIT230AU Outdoor Power Supply Kit,166.15,122.26,26.42,CLEARANCE
BULSPB2524,Sansai GL-T122 Desktop Monitor Light Bar 3 Color Modes & Brightness Adjustment Touch control,64.38,58.1,9.75,CLEARANCE
BUR1060,BURO 202-M3 Seating Metro Black Mesh Polished Base,639.68,498.8,22.02,CLEARANCE
CAADJI16559,DJI Mic Mini 2-Person Compact Digital Wireless Microphone System - Recorder for Camera & Smartphone,139.0,119.17,14.27,CLEARANCE
CAADJI19002111763R,"DJI Remanufactured Flip Fly More Combo (DJI RC 2) Foldable Full-Coverage Propeller Guard - Under 249g - Subject Tracking - Capture your Best Angle - 1/1.3"" CMOS Sensor - 4K/60fps HDR Video - 31 Mins Max Flight Time /PB 6 mths warranty",1011.75,782.87,22.62,CLEARANCE
CAAGPO1905,GoPro Sleeve + Lanyard  (Black) Compatibility: HERO 12/11 Black only,19.0,17.15,9.74,CLEARANCE
CAAINS0048,Insta360 X3 Water Sports Rope Mount,79.0,28.32,64.15,CLEARANCE
CABATN2737,Aten 2L-7D02UDPX5 USB DisplayPort KVM Cable - 1.8m Dual Display - Secure,72.86,53.57,26.48,CLEARANCE
CABDIG1087,Digitus USB-C Male to Displayport Male Cable - 1.8m - Black / Gold 4K/60Hz - 32.4 GB - CE,35.36,28.34,19.85,CLEARANCE
CABDNX0306,Dynamix RACT27-200 200mm Cable tray for 27U Cabinet,88.01,79.43,9.75,CLEARANCE
CABDNX0307,Dynamix RACT42-150 150mm Cable tray for 42U Cabinet,91.32,75.16,17.7,CLEARANCE
CABDNX0308,Dynamix ROFVCM18 Cable Duct - 1U - 867mm Vertical - 2pcs per set,95.73,60.96,36.32,CLEARANCE
CABDNX0826,Dynamix RJ-45PTC6S-100J Cat6 RJ45 Connector - 100pc STP - Internal Ground - Push Through - 3 Prong - 50u Gold - Max 1.15mm Conductor,151.64,144.06,5.0,CLEARANCE
CABDNX1163,Dynamix DY20CTM 20 x 20mm Self Adhesive Natural Cable Ties Mount. Pack of 100,15.26,12.51,18.02,CLEARANCE
CABDNX1181,Dynamix DY4103N 3.6 x 140mm Natural Cable Ties. Pack of 100. 180N/18.3kgs Tensile Strength. Made from U.L. Approved Nylon 6/6 with Flamability Rating of UL 94V-2,8.28,7.48,9.66,CLEARANCE
CABDNX2912,Dynamix RG-6 Shielded Cable - 100m - Black 75 Ohm - 16 AWG Solid Core - Foil and Braid Shield,73.11,69.45,5.01,CLEARANCE
CABDNX3016,"Dynamix DIN0040  DIN Rail Keystone Enclosure - Designed for Mounting Slimline Keystone JacksandCouplers on DIN-Rail TH35 - Includes Labelling Panel, Earthing Spring",14.43,9.5,34.16,CLEARANCE
CABDNX5021,Dynamix AVP-PALF PAL to F Keystone Adapter,4.36,3.48,20.18,CLEARANCE
CABDNX7006,Dynamix FL-LCLC-0 OM1 LC to LC Fibre Lead - 50cm 62.5 Micron - Duplex - Multimode,17.72,10.26,42.1,CLEARANCE
CABDNX7035,Dynamix FL-LCSC-2 OM1 LC to SC Fibre Lead - 2m 62.5 Micron - Duplex - Multimode,20.67,16.53,20.03,CLEARANCE
CABDNX7041,Dynamix FL-LCSC50-2 OM3 LC to SC Fibre Lead - 2m 50 Micron - Duplex - Multimode,15.28,10.98,28.14,CLEARANCE
CABDNX7069,Dynamix FP-FIBST  ST Simplex Multimode Fibre  Joiner. PhBr Sleeve.,2.71,1.13,58.3,CLEARANCE
CABDNX7125,Dynamix FL-LCLC50-25 OM3 LC to LC Fibre Lead - 25m 50 Micron - Duplex - Multimode - 100% Tested and Certified,56.09,51.31,8.52,CLEARANCE
CABDNX7136,Dynamix FMC-SMLC-SC LC to SC Mode Conditioning Lead - 2m Singlemode - Transmit on LC,74.59,47.37,36.49,CLEARANCE
CABDNX7177,Dynamix FL-STST50-5 OM3 ST to ST Fibre Lead - 5m 50 Micron - Duplex - Multimode,22.93,16.73,27.04,CLEARANCE
CABDNX7210,Dynamix FSM-LCSC-10 OS1 LC to SC Fibre Lead - 10m - Yellow 9 Micron - Duplex - Singlemode - G657A1 Bend Insensitive - LSZH Jacket,29.98,24.87,17.04,CLEARANCE
CABDNX7300,Dynamix A-FIBSCSC-SAQ Simplex Multi-Mode SC to SC Fibre Joiner - Aqua PhBr Sleeve,2.44,0.97,60.25,CLEARANCE
CABDNX7376,Dynamix FPT-SP60-12 Fibre Splice Protectors - 12 Pack - 60mm Polyolefin Heat Shrinkable Tubing,4.32,2.06,52.31,CLEARANCE
CABDNX7455,Dynamix FSM-LCALCA-3-SX OS1 LC APC to LC APC Fibre Lead - 3m - Yellow 9 Micron - Simplex - Singlemode - G657A1 Bend Insensitive - LSZH Jacket,12.6,6.9,45.24,CLEARANCE
CABDNX7584,Dynamix OM3 Uniboot Elite Low-loss LC to LC Fibre Patch Lead - 2m 50µ 3mm - Multimode Duplex,27.8,26.45,4.86,CLEARANCE
CABDNX7632,Dynamix FT-MPOOM4A-5 OM4 MPO Trunk Cable - 5m Multimode - Polarity A Straight - Elite Low Loss Connectors,82.82,55.43,33.07,CLEARANCE
CABDNX7656,Dynamix FSM-SCALC-1 OS1 SC APC to LC Fibre Lead - 1m - Yellow 9 Micron - Duplex - Singlemode - G657A1 Bend Insensitive - LSZH Jacket,17.58,14.49,17.58,CLEARANCE
CABGOB10159077,Goobay 51772 USB-C Multiport Adapter HDMI + Ethernet PD - 3A 60W,57.65,52.03,9.75,CLEARANCE
CABHPE2533357,HP 691971-B21 Mini-SAS HD to Mini-SAS Cable - 50cm External,357.88,43.31,87.9,CLEARANCE
CABLGD1689,Legrand 033790 LCS3 Patch Panel 24W With Empty Cassettes,71.13,63.66,10.5,CLEARANCE
CABMOK854008494,Moki ACC-MUSBLCAPO SynCharge USB-A to Lightning Cable - 10cm - White Pocket Size,17.62,14.43,18.1,CLEARANCE
CABMOK854008593,Moki ACC-MSTMCAB SynCharge USB-A to Micro USB Cable - 90cm Braided,10.35,8.66,16.33,CLEARANCE
CABPFC472181,Powerforce POWCT2004BK-100 UV Resistant - Nylon 6/6 Cable Tie - 200mm x 4.8mm - Black - 100 Pack Indoor / Outdoor - UL 94V-2 Flammability Rating - MIL-S-23190E Tensile Strength - Carbonate A,8.84,6.19,29.98,CLEARANCE
CABPSU0421,RackPower CM0CC050B 10A C14 to C13 Cable - 50cm - Blue 0.75mm2 - PVC,9.25,8.79,4.97,CLEARANCE
CABPSU0424,RackPower CM0CC050R 10A C14 to C13 Cable - 50cm - Red 0.75mm2 - PVC,8.69,6.07,30.15,CLEARANCE
CABPSU0425,RackPower CM0CC050W 10A C14 to C13 Cable - 50cm - White 0.75mm2 - PVC,7.46,6.74,9.65,CLEARANCE
CABPSU0428,RackPower CM0CC100B 10A C14 to C13 Cable - 1m - Blue 0.75mm2 - PVC,8.66,7.82,9.7,CLEARANCE
CABPSU0429,RackPower CM0CC100GN 10A C14 to C13 Cable - 1m - Green 0.75mm2 - PVC,9.4,8.92,5.11,CLEARANCE
CABPSU0430,RackPower CM0CC100R 10A C14 to C13 Cable - 1m - Red 0.75mm2 - PVC,8.79,7.92,9.9,CLEARANCE
CABPSU0435,RackPower CM0CC150GN 10A C14 to C13 Cable - 1.5m - Green 0.75mm2 - PVC,13.03,12.37,5.07,CLEARANCE
CABPSU0497,RackPower CM0NF700-PTSB 10A 2-Pin to C7 Cable - 7m - Black Top Entry Plug - Angled Socket - 0.75mm2 - PVC,25.0,23.75,5.0,CLEARANCE
CABPSU0522,RackPower CM1CC030B 10A C14 to C13 Cable - 30cm - Blue 1mm2 - PVC,10.32,9.3,9.88,CLEARANCE
CABPSU0533,RackPower CM1CC100B 10A C14 to C13 Cable - 1m - Blue 1mm2 - PVC,13.55,7.44,45.09,CLEARANCE
CABPSU0535,RackPower CM1CC100N 10A C14 to C13 Cable - 1m - Orange 1mm2 - PVC,8.76,6.13,30.02,CLEARANCE
CABPSU0541,RackPower CM1CC150W 10A C14 to C13 Cable - 1.5m - White 1mm2 - PVC,14.8,7.27,50.88,CLEARANCE
CABPSU0555,RackPower CM1CC300B 10A C14 to C13 Cable - 3m - Blue 1mm2 - PVC,13.97,12.62,9.66,CLEARANCE
CABPSU0576,RackPower CM1CH100 10A C14 to C15 Cable - 1m - Black 120C High Temp Socket - 1mm2 - Rubber,18.23,17.32,4.99,CLEARANCE
CABPSU0577,RackPower CM1CH100B 10A C14 to C15 Cable - 1m - Blue 120C High Temp Socket - 1mm2 - Rubber,27.46,18.77,31.65,CLEARANCE
CABPSU0579,RackPower CM1CH100R 10A C14 to C15 Cable - 1m - Red 120C High Temp Socket - 1mm2 - Rubber,22.87,20.64,9.75,CLEARANCE
CABPSU0582,RackPower CM1CH150B 10A C14 to C15 Cable - 1.5m - Blue 120C High Temp Socket - 1mm2 - Rubber,33.72,15.41,54.3,CLEARANCE
CABPSU0605,RackPower CM1CL500 10A C14 to C5 Cable - 5m - Black Clover Socket - 1mm2 - PVC,27.08,25.73,4.99,CLEARANCE
CABPSU0614,RackPower CM1NC075 10A 3-Pin to C13 Cable - 75cm - Black 1mm2 - PVC,9.33,8.42,9.75,CLEARANCE
CABPSU0628,RackPower CM1NC200M-SL 10A 3-Pin to C13 Cable - 2m - Orange Clear Plug - Left-Hand Angled Clear Socket - 1mm2 - PVC,21.02,11.27,46.38,CLEARANCE
CABPSU0638,RackPower CM1NC300M 10A 3-Pin to C13 Cable - 3m - Orange Clear Plug - Clear Socket - 1mm2 - PVC,20.42,19.4,5.0,CLEARANCE
CABPSU0651,RackPower CM1NC500-PS 10A 3-Pin to C13 Cable - 5m - Black Side Entry Plug - 1mm2 - PVC,34.6,32.87,5.0,CLEARANCE
CABPSU0654,RackPower CM1NC750 10A 3-Pin to C13 Cable - 7.5m - Black 1mm2 - PVC,29.34,26.47,9.78,CLEARANCE
CABPSU0663,RackPower CM1NH100-SB 10A 3-Pin to C15 Cable - 1m - Black 120C High Temp Socket - Bottom Entry Socket - 1mm2 - Rubber,20.1,16.16,19.6,CLEARANCE
CABPSU0667,RackPower CM1NH200W 10A 3-Pin to C15 Cable - 2m - White 120C High Temp Socket - 1mm2 - Rubber,26.22,17.94,31.58,CLEARANCE
CABPSU0674,IEC-Lock AU 3 Pin to IEC C13 Power Cable - 2m - Black 10A - IEC-Lock - 1mm2,18.02,17.11,5.05,CLEARANCE
CABPSU0789,RackPower CM1CCC250 10A - 2x C13 Power Splitter Cable - 2.5m - Black 2m to Junction - 0.5m to Sockets - 1mm2 - PVC,40.55,36.6,9.74,CLEARANCE
CABRKP1021,RackPower CM1CC250M 10A C14 to C13 Cable - 2.5m - Orange 1mm2 - PVC,17.87,9.9,44.6,CLEARANCE
CABSTT1604447,StarTech.com USBPNLAFAM1 USB 2.0 - 480Mbps USB-A Panel Mount Cable - 30cm Panel Mount - USB-A to USB-A - F/M,11.45,10.88,4.98,CLEARANCE
CABSTT2325417,StarTech.com DVIVGAMM1M 1920x1200 DVI to VGA Cable - 1m DVI to VGA Display Monitor Cable - DVI-A to VGA Analog Video Cable - Male to Male,11.5,8.74,24.0,CLEARANCE
CABSTT2398061,"StarTech.com Cisco SFP-10G-SR Compatible SFP+ Module - 10GBASE-SR - 10GbE Multimode Fiber MMF Optic Transceiver - 10GE Gigabit Ethernet SFP+ - LC 300m - 850nm - DDM Cisco Firepower, ASR9000, C9300",78.78,71.09,9.76,CLEARANCE
CABSTT2518409,StarTech.com SMFIBLCLC1 Single-Mode - 9/125 Fiber Patch Cable - 1m Single-Mode Duplex - 9/125 - LSZH - LC/LC,31.58,28.51,9.72,CLEARANCE
CABSTT2940410,StarTech.com CRJ45C6SOL50 Solid Wire Cat6 Modular Plug - 50 Pack RJ45,42.68,42.66,0.05,CLEARANCE
CABSTT2980740,StarTech.com DP2VGAA DisplayPort to VGA Adapter with Audio,65.99,57.11,13.46,CLEARANCE
CABSTT4031621,StarTech.com DVI2DP2 DVI to DisplayPort Adapter - USB Power,111.09,105.54,5.0,CLEARANCE
CABSTT4444038,"StarTech.com LTLOCKKEY 2m(6ft) Laptop Cable Lock with Keys - Keyed Security Cable Lock for Compatible K-Slot Laptops, Desktops, Computers & Other Devices - Anti-Theft Vinyl Coated Steel Cable Lock",60.27,57.26,4.99,CLEARANCE
CABSTT4687134,StarTech.com N6PAT100CMBLS Cat6 - Slim Patch Cord - 1m - Blue Slim CAT6 Patch Cord - Male to Male,7.15,6.39,10.63,CLEARANCE
CABSTT4693166,StarTech.com N6PAT150CMBLS Cat6 - Slim Patch Cord - 1.5m - Blue Slim CAT6 Patch Cord - Male to Male,9.57,8.64,9.72,CLEARANCE
CABSTT4693167,StarTech.com N6PAT150CMGRS Cat6 - Slim Patch Cord - 1.5m - Gray Slim CAT6 Patch Cord - Male to Male,8.04,6.11,24.0,CLEARANCE
CABSTT5139005,StarTech.com CBMFWD2030 Cable Management Raceway Spine-Vertebrae,22.6,20.39,9.78,CLEARANCE
CABSTT5139037,StarTech.com CBMZTRB10BK Reusable Cable Ties - 25cm - Black - 100 Pack Nylon,40.14,31.05,22.65,CLEARANCE
CABSTT5139039,StarTech.com CBMZTRB5BK Reusable Cable Ties - 12cm - Black - 100 Pack Nylon,25.15,21.18,15.79,CLEARANCE
CABSTT5464473,StarTech.com USB31CCTLKV1M USB 3.1 Gen 2 - 10Gbps - 100W - 5A USB-C Cable - 1m Top Screw Locking - USB 3.1 / 3.2 Gen 2 - 100W PD - DP Alt Mode - Single Screw Lock,36.78,33.19,9.76,CLEARANCE
CABSTT5640089,StarTech.com HDMM21V50CM 8K 60Hz HDMI Cable with Ethernet - 50cm - Black Certified HDMI 2.1 Cable - 8K/4K - Male to Male - Ethernet,36.12,26.83,25.72,CLEARANCE
CABSTT6080994,StarTech.com 12S-CABLE-LACING-BAR 1U HORIZONTAL CABLE MANAGEMENT LACE BAR,35.89,34.1,4.99,CLEARANCE
CABSTT6357626,StarTech.com RLTCUB1MBK USB 2.0 - 480Mbps USB-A to USB-C/Lightning Cable - 1m - Black Rugged - USB Multi Charging Cable,41.63,35.7,14.24,CLEARANCE
CABSTT6512223,StarTech.com HDMI2-CABLE-4K60-6FW 1.8m Premium Certified HDMI Cable 4K60,13.95,12.34,11.54,CLEARANCE
CABSTT6521248,StarTech.com S2CEPR1M-USB-CABLE USB-C Charging Cable 240W USB-IF 1m,30.1,27.39,9.0,CLEARANCE
CABSTT6604191,StarTech.com N6PAT100CMWHS 1m White Slim CAT6 Ethernet Cable,9.99,9.49,5.01,CLEARANCE
CABSTT6604232,StarTech.com N6PAT15MPKS 15m Pink Slim CAT6 Ethernet Cable,31.48,28.64,9.02,CLEARANCE
CABSTT6718814,StarTech.com HDMI2-CABLE-GRIP-30C 30cm High Speed HDMI Cable Gripping,11.3,10.74,4.96,CLEARANCE
CABSTT690259,StarTech.com SVUSBVGA6 Ultra-Thin USB VGA 2-in-1 KVM Cable - 1.8m,21.71,13.05,39.89,CLEARANCE
CABSTT690297,StarTech.com DVIDDMM5M 2560x1600 - Dual Link DVI-D Cable - 5m Male to Male,38.19,34.47,9.74,CLEARANCE
CABUGR20728,UGREEN UG-20728 USB 2.0 Lightning to USB-A Cable - 1m - White,22.23,16.95,23.75,CLEARANCE
CABUNI0076,Unitek Y-C1009 HDMI 2.0 HDMI Cable - 3m Right Angle 270 Degree - Up to 4K - HDR10 - HDCP2.2 - 3D - 7.1 Surround Sound - Gold-Plated Connectors,19.39,17.5,9.75,CLEARANCE
CARDNA1026,DNA AFA2200 ANL FUSE 200 AMP SINGLE,6.53,5.9,9.65,CLEARANCE
CARDNA1339,DNA WSN832 Screw Button Head Self Tapping Black 8G 32MM (100 Pack),17.15,15.47,9.8,CLEARANCE
CARFSN1125,FUSION SG-x88B Signature Series 8.8 inch Classic Black Grilles,33.34,19.26,42.23,CLEARANCE
CARMRP9003,KT 12 and 24v 8000v 450a 3m Intelligent Jumper Lead,134.69,62.4,53.67,CLEARANCE
CARPJT9001,Projecta TC75 Test Clips - Rated 100a,9.53,8.6,9.76,CLEARANCE
CARPJT9003,Projecta BT14H-P1 Terminal Wingnut Marine (Pos),12.05,5.59,53.61,CLEARANCE
CARPJT9004,Projecta BT14H-N1 Terminal Wingnut Marine (Neg),10.94,5.07,53.66,CLEARANCE
CARPJT9012,Projecta BT21-1 Battery Terminal Solder / Crimp Style,7.87,3.65,53.62,CLEARANCE
CCTEZV6016,EZVIZ T10C Water Leak Sensor Required to work with Ezviz Gateway,29.99,25.71,14.27,CLEARANCE
CCTHIK314300160,HIKVISION AX PRO PDCL12-EG2-WB WIRELESS INTERNAL PIR CEILING DETECTOR,,,,
CCTLGR255569,Ledger Stax Crypto Hardware Wallet + Recovery Key AU,765.67,727.39,5.0,CLEARANCE
CHADNX2267,"Dynamix 22RU Server Cabinet 900mm deep (600x900x1100mm), 1x fixed shelf 4x fans, 25x cage nuts, 4x castors 4x levelling feet, Single front door dual rear door, Hex vented, Black colour",2468.35,2053.44,16.81,CLEARANCE
CHADNX3769,"Dynamix RST37-6X10 37RU Server Cabinet 1000mm deep     (600x1000x1800mm) Includes 2x fixed shelves, 4x fans, 25",2466.06,2464.85,0.05,CLEARANCE
CHADNX4206,"Dynamix RST42-8X10 42RU Server Cabinet 1000mm deep     (800x1000x2000mm) Includes 3x fixed shelves, 4x fans, 25",3964.81,3766.57,5.0,CLEARANCE
CHSDNX0072,Dynamix DIN0021 1 Port Keystone to DIN      Mount Metal Adapter Plate,4.76,2.25,52.73,CLEARANCE
CHSDNX0077,"Dynamix A-FXSCSC-SM Flangless Fibre SC/SC       Simplex Single mode Joiner, Ceramicsleeve,Bluecolour",2.68,1.1,58.96,CLEARANCE
CHSDNX0902,"Dynamix FPP-SCS8 SC Simplex / LC Duplex 8 Port Plate Unloaded, 2 Tier Screwless Design, Black Colour. For Use with FPP3P & FCP-MOD",13.97,7.69,44.95,CLEARANCE
CHSDNX1146,"Dynamix WO002  FTTH Compact Wall Outlet    1 Port SC Duplex / LC Quad, Up to 4 fibres, Unloaded",12.5,6.83,45.36,CLEARANCE
CHSDNX1168,"Dynamix FP-C6-180BK  Cat6 180 Unshielded Keystone Jack, Dual IDC. Colour Black",6.62,6.29,4.98,CLEARANCE
CHSSTT2902475,"StarTech.com ADJSHELF 1U Adjustable Vented Server Rack Mount Shelf - 80kg - 49 to 97cm Adjustable Mounting Depth Universal Tray for 19"" AV/ Network Equipment Rack - 70cm Deep",255.23,242.47,5.0,CLEARANCE
CHSSTT3648543,"StarTech.com CMLB102 Horizontal Lacing Bar w/ 2"" Offset at 75 Degrees - Server Rack Cable Management - 19"" Network Rack Mount Cord Organizer- 10 Pack",160.46,144.81,9.75,CLEARANCE
CHSSTT3714101,StarTech.com BLANKP10 1U Blanking Panels - 10 Pack,140.5,113.54,19.19,CLEARANCE
CLEVPC5433,VACPAC P5433 Microply Vacuum Cleaner Bags,15.27,12.54,17.88,CLEARANCE
DEL8541,Dell EMC Y796F Dell Disk Drive Tray for LFF SATA/SAS R/T-Series Gen 14 - APN,49.88,39.55,20.71,CLEARANCE
DVBVER4837,Verbatim Blu-Ray 97338 BD-R 25GB 50PK WHITE WIDE THERMAL 6X,210.01,199.51,5.0,CLEARANCE
ELTKWI1535,KIWI K010M Motor Controller 1000va,151.64,129.93,14.32,CLEARANCE
ENCHSV1903469,HP 666987-B21 SFF HDD Blank Gen8 Kit,16.02,8.89,44.51,CLEARANCE
EXAPPWKA141900B,"Apple iMac A1419 27"" (B-Grade Refurbished) Intel Core i7-7700K - 8GB RAM - 500GB SSD - Radeon Pro 580 - Keyboard & Mouse Not Included - 18-Month Warranty - GreenMachine Certified Refurbished",1489.0,1276.63,14.26,CLEARANCE
EXAPPWKA18100,"Apple IMAC18,1 21.5"" (A-Grade Refurbished) Intel Core i5-7360U - 8GB RAM - 251GB SSD - Mac OS - No Keyboard & Mouse - 18-Month Warranty - GreenMachine Certified Refurbished",1299.99,1058.85,18.55,CLEARANCE
EXAPPWKA211521BG,"Apple iMac19.1 A2115 27"" (B-Grade Refurbished) Intel Core i5-8600 - 16GB RAM - 251GB SSD - NO Keyboard & Mouse - 18-Month Warranty - GreenMachine Certified Refurbished",1199.0,1028.0,14.26,CLEARANCE
EXMONDEL02210,"Dell E2210C 22"" LED Monitor (A-Grade Refurbished) VGA - DVI - 1680x1050 - Supplied with VGA and Power Cable - 18-Month Warranty - GreenMachine Certified Refurbished",119.0,113.06,4.99,CLEARANCE
EXMONDEL02211,"Dell E2211HB 22"" FHD Monitor (A-Grade Refurbished) OEM STAND - VGA - DVI - 1920x1080 - Supplied with VGA to HDMI and Power Cable - 18-Month Warranty - GreenMachine Certified Refurbished",119.0,107.4,9.75,CLEARANCE
EXMONDEL02216,"Dell E2216H 22"" FHD Monitor (A-Grade Refurbished) OEM STAND - Displayport - VGA - 1920x1080 - Cables Supplied - 18-Month Warranty - GreenMachine Certified Refurbished",119.0,61.09,48.66,CLEARANCE
EXMONDEL22102,"Dell E2210Hc 22"" FHD Monitor (A-Grade Refurbished) VGA - DVI - 1920x1080 - Supplied with VGA to HDMI and Power Cable - 18-Month Warranty - GreenMachine Certified Refurbished",119.0,58.03,51.24,CLEARANCE
EXMONDEL24101,"Dell UltraSharp U2410F 24"" WUXGA Monitor (A-Grade Refurbished) 1920x1200 - DisplayPort - HDMI - VGA - DVI - Supplied with VGA & Power Cable - 18-Month Warranty - GreenMachine Certified Refurbished",169.0,86.76,48.66,CLEARANCE
EXMONDEL24142,"Dell E2414HT 24"" FHD Monitor (A-Grade Refurbished) DVI - VGA - 18-Month Warranty - GreenMachine Certified Refurbished",169.0,106.51,36.98,CLEARANCE
EXMONHP2300BG,"HP LA2306X 23"" FHD Monitor (B-Grade Refurbished) OEM STAND - LED - DisplayPort - DVI - VGA - 18-Month Warranty - GreenMachine Certified Refurbished",129.0,110.6,14.26,CLEARANCE
EXMONHP24044,"HP EliteDisplay E24 G4 24"" IPS FHD Monitor (A-Grade Refurbished) 1920x1200 - DisplayPort - HDMI & VGA - 18-Month Warranty - GreenMachine Certified Refurbished",184.0,122.07,33.66,CLEARANCE
EXMONLEN2410,"Lenovo Tiny-in-one TIO24 Gen 3 24"" FHD Monitor (A-Grade Refurbished) Camera - 18-Month Warranty - GreenMachine Certified Refurbished",179.0,170.05,5.0,CLEARANCE
EXMONPHS22009,"Philips 220BW9 22"" FHD Monitor (A-Grade Refurbished) DVI - VGA - 18-Month Warranty - GreenMachine Certified Refurbished",109.0,103.55,5.0,CLEARANCE
EXMONPHS2309,"Philips Brilliance 233V5Q 23"" FHD Monitor (A-Grade Refurbished) 1920x1080 - LED - DVI - VGA - 18-Month Warranty - GreenMachine Certified Refurbished",159.0,111.03,30.17,CLEARANCE
EXMONPHS2352,"Philips 235PL2 23"" FHD Monitor (A-Grade Refurbished) 1920x1080 - LED - DVI - VGA - 18-Month Warranty - GreenMachine Certified Refurbished",159.0,81.62,48.67,CLEARANCE
EXMONPHS24106,"Philips 241B6Q 24"" FHD Monitor (A-Grade Refurbished) Displayport - DVI - VGA - 18-Month Warranty - GreenMachine Certified Refurbished",169.0,160.55,5.0,CLEARANCE
EXMONPHS24106BG,"Philips 241B6Q 24"" FHD Monitor (B-Grade Refurbished) Displayport - DVI - VGA - 18-Month Warranty - GreenMachine Certified Refurbished",119.0,113.06,4.99,CLEARANCE
EXNBKDEL5320,"Dell Latitude 5320 13.3"" FHD Touch Business Laptop (A-Grade Refurbished) Intel Core i5 1145G7 - 16GB RAM - 256GB SSD - Win11 Pro - 18-Month Warranty - GreenMachine Certified Refurbished",859.0,816.05,5.0,CLEARANCE
EXNBKDEL54105,"Dell Latitude 5410 14"" FHD Laptop (A-Grade Refurbished) Intel Core i5-10310U - 16GB RAM - 256GB SSD - Win11 Pro - 18-Month Warranty - GreenMachine Certified Refurbished",799.0,759.05,5.0,CLEARANCE
EXNBKDEL54109BG,"Dell Latitude 5410 14"" FHD Laptop (B-Grade Refurbished) Intel Core i7-10610U - 8GB RAM - 256GB SSD - Win11 Pro - 18-Month Warranty - GreenMachine Certified Refurbished",749.0,610.06,18.55,CLEARANCE
EXNBKDEL54116,"Dell Latitude 5411 14"" FHD Touch Laptop (A-Grade Refurbished) Intel Core i5-10300H - 16GB RAM - 512GB SSD - Windows 11 Home - 18-Month Warranty - GreenMachine Certified Refurbished",899.0,854.05,5.0,CLEARANCE
EXNBKDEL542071,"Dell Latitude 5420 14"" FHD Laptop (A-Grade Refurbished) Intel Core i5-1135G7 - 8GB RAM - 256GB SSD - Windows 11 Pro - 18-Month Warranty - GreenMachine Certified Refurbished",799.0,650.78,18.55,CLEARANCE
EXNBKDEL542080BG,"Dell Latitude 5420 14"" FHD Laptop (B-Grade Refurbished) Intel Core i7-1185G7 - 8GB RAM - 256GB SSD - Win11 Pro - 18-Month Warranty - GreenMachine Certified Refurbished",799.0,618.25,22.62,CLEARANCE
EXNBKDEL54211BG,"Dell Latitude 5420 14"" FHD Laptop (B-Grade Refurbished) Intel Core i7-1165G7 - 8GB RAM - 256GB SSD - Windows 11 Pro - 18-Month Warranty - GreenMachine Certified Refurbished",749.0,610.06,18.55,CLEARANCE
EXNBKDEL54305,"Dell Latitude 5430 14"" FHD Laptop (A-Grade Refurbished) Intel Core i5-1235U - 8GB RAM - 256GB SSD - Windows 11 Pro - 18-Month Warranty - GreenMachine Certified Refurbished",849.0,691.52,18.55,CLEARANCE
EXNBKHP045074,"HP ProBook 450 G7 15.6"" FHD Business Laptop (A-Grade Refurbished) Intel i5-10210U - 8GB RAM - 256GB SSD - Nvidia GeForce MX130 - Win11 Pro - 18-Month Warranty - GreenMachine Certified Refurbished",849.0,766.22,9.75,CLEARANCE
EXNBKHP083010,"HP EliteBook 830 G5 13.3"" FHD Laptop (A-Grade Refurbished) Intel Core i5 8250u - 8GB RAM - 256GB SSD - Win11 Pro (Upgraded) - 18-Month Warranty - GreenMachine Certified Refurbished",479.0,455.04,5.0,CLEARANCE
EXNBKHP083080,"HP EliteBook 830 G8 13.3"" FHD Notebook (A-Grade Refurbished) Intel Core i5-1135G7 - 8GB RAM - 256GB SSD - Win11 Pro - 18-Month Warranty - GreenMachine Certified Refurbished",839.99,798.0,5.0,CLEARANCE
EXNBKHP101207,"HP Elite X2 G8 13"" FHD Touch Convertible Notebook (A-Grade Refurbished) Intel Core i7-1185G7 - 16GB RAM - 512GB SSD - Includes Keyboard - NO-OPTICAL - Win11 Pro - 18-Month Warranty - GreenMachine Certified Refurbished",1099.0,991.84,9.75,CLEARANCE
EXNBKHP1012085,"HP Elite X2 G8 13"" FHD Touch Convertible Notebook (A-Grade Refurbished) Intel Core i5-1145G7 - 8GB RAM - 256GB SSD - Includes Keyboard - NO-OPTICAL - Windows 11 Pro - 18-Month Warranty - GreenMachine Certified Refurbished",859.0,736.48,14.26,CLEARANCE
EXNBKHP360423,"HP Elitebook X360 1040 G6 14"" FHD Touch Convertible Laptop (A-Grade Refurbished) Intel Core i7-8665u - 16GB RAM - 256GB SSD - Win11 Pro - 36-Month Warranty - GreenMachine Certified Refurbished",1092.5,936.69,14.26,CLEARANCE
EXNBKHP43010B,"HP ProBook 430 G7 13"" FHD Laptop (B-Grade Refurbished) Intel Core i5-10210U - 8GB RAM - 256GB SSD - Win11 Pro (Upgraded) - 18-Month Warranty - GreenMachine Certified Refurbished",799.0,618.25,22.62,CLEARANCE
EXNBKHP83009,"HP Elitebook X360 830 G9 13.3"" FHD Touch Laptop (A Grade Refurbished) Intel Core i5-1235U - 16GB RAM - 512GB SSD - Win11 Pro - 18-Month Warranty - GreenMachine Certified Refurbished",1149.0,1091.55,5.0,CLEARANCE
EXNBKHP840189,"HP EliteBook 840 G8 14"" FHD Laptop (A-Grade Refurbished) Intel Core i5-1135G7 - 16GB RAM - 256GB SSD - Win11 Home (Upgraded) - 18-Month Warranty - GreenMachine Certified Refurbished",899.0,770.78,14.26,CLEARANCE
EXNBKHP8405050,"HP EliteBook 840 G5 14"" FHD Laptop (A-Grade Refurbished) Intel Core i5 8350U - 8GB RAM - 256GB SSD - Win11 Pro (Upgraded) - 18-Month Warranty - GreenMachine Certified Refurbished",599.0,513.57,14.26,CLEARANCE
EXNBKHPZ15161,"HP Z BOOK FIREFLY 14 G8 14"" FHD Laptop (A-Grade Refurbished) Intel Core i5-1135G7 - 16GB RAM - 512GB SSD - Win11 Pro - 18-Month Warranty - GreenMachine Certified Refurbished",1299.99,1005.92,22.62,CLEARANCE
EXNBKHPZB16180,"HP Z BOOK FIREFLY 14 G9 14"" FHD Mobile Workstation (B-Grade Refurbished) Intel Core i5-1240P - 16GB RAM - 256GB SSD - Win11 Pro - 18-Month Warranty - GreenMachine Certified Refurbished",999.0,856.52,14.26,CLEARANCE
EXNBKLEN014033BG,"Lenovo ThinkPad T14s Gen 2 14"" FHD Touch Laptop (B-Grade Refurbished) Intel Core i5-1145G7 - 16GB RAM - 256GB SSD - 4G LTE - Win11 Pro - 18-Month Warranty - GreenMachine Certified Refurbished",799.0,759.05,5.0,CLEARANCE
EXTABSAM0500,"Samsung Galaxy Galaxy Tab A7 (SM-T500) 32GB Tablet - Grey - (A-Grade Refurbished) 10.4"" Display - 18-Month Warranty - GreenMachine Certified Refurbished",289.0,274.55,5.0,CLEARANCE
EXWKADEL32401,"Dell Optiplex 3240 22"" FHD Touch All-in-One PC (A-Grade Refurbished) Intel Core i5-6500 - 4GB RAM - 128GB SSD - Win11 Pro - 18-Month Warranty - GreenMachine Certified Refurbished",629.0,462.38,26.49,CLEARANCE
EXWKADEL32801BG,"Dell Optiplex 3280 22"" FHD Touch All-in-One PC (BGrade Refurbished) Intel Core i5-10500T - 8GB RAM - 256GB SSD - Win11 Pro - 18-Month Warranty - GreenMachine Certified Refurbished",949.0,734.32,22.62,CLEARANCE
EXWKADEL52701,"Dell Optiplex 5270 21.5"" FHD Touch All-in-One PC (A-Grade Refurbished) Intel Core i5-9500 - 8GB RAM - 256GB SSD - Win11 Pro (Upgraded) - Includes Keyboard & Mouse - 18-Month Warranty - GreenMachine Certified Refurbished",849.0,624.09,26.49,CLEARANCE
EXWKADEL52702,"Dell Optiplex 5270 21.5"" FHD Touch All-in-One PC (A-Grade Refurbished) Intel Core i5-9500 - 8GB RAM - 256GB SSD - WiFi - Win11 Pro (Upgraded) - Includes Keyboard & Mouse - 18-Month Warranty - GreenMachine Certified Refurbished",899.0,566.59,36.98,CLEARANCE
EXWKADEL7049211,"Optiplex 7440 23"" All-in-One PC (A+ Grade Refurbished) Intel Core i7 6700 - 8GB RAM - 1TB HDD - AMD Radeon R7 M370 - Win11 Home - 18-Month Warranty - GreenMachine Certified Refurbished (RTB)",699.0,579.83,17.05,CLEARANCE
EXWKSDEL05813,Dell Precision 5810 Intel Xeon E5-1620 V3 Tower PC (A-Grade Refurbished) 16GB RAM - 256GB SSD - Nvidia Quadro K620 - Win11 Pro - 18-Month Warranty - GreenMachine Certified Refurbished,799.0,759.05,5.0,CLEARANCE
EXWKSDEL5090,Dell Optiplex 5090 Intel Core i5-10500T Micro Desktop (A-Grade Refurbished) 8GB RAM - 256GB SSD - Win11 Pro - 18-Month Warranty - GreenMachine Certified Refurbished,799.0,759.05,5.0,CLEARANCE
EXWKSDEL705103,Dell Optiplex 7050 Intel Core i5-6600T Micro PC (A-Grade Refurbished) 8GB RAM - 256GB SSD - No WiFi - Win11 Pro - HDMI & DisplayPort - Includes Power Cord & Power Adapter - 18-Month Warranty - GreenMachine Certified Refurbished,399.0,379.05,5.0,CLEARANCE
EXWKSDEL70601062,Dell Optiplex 7060 Intel Core i5 8500 SFF Desktop PC (A-Grade Refurbished) 8GB RAM - 256GB SSD - Win11 Pro - 18-Month Warranty - GreenMachine Certified Refurbished,549.0,447.17,18.55,CLEARANCE
EXWKSDEL709000,Dell Optiplex 7090 Intel Core i5-11500T Micro Desktop (A-Grade Refurbished) 16GB RAM - 256GB SSD - Win11 Home - 18-Month Warranty - GreenMachine Certified Refurbished,729.0,721.1,1.08,CLEARANCE
EXWKSHP5200,HP Flexible Series TC T520 Thin Client (A-Grade Refurbished) AMD GX-212JC SOC with Radeon R2E Graphics - 4GB RAM - 16GB SSD - Windows Embedded Standard 7E (32bit) - 18-Month Warranty - GreenMachine Certified Refurbished,59.0,56.05,5.0,CLEARANCE
EXWKSHP800030,HP Elitedesk 800 G3 Intel Core i5 7500T Desktop Mini (A Grade Refurbished) 8GB RAM - 256GB SSD - WiFi - Win11 Pro - 18-Month Warranty - GreenMachine Certified Refurbished,399.0,379.05,5.0,CLEARANCE
EXWKSHP800307BG,HP EliteDesk 800 G3 Intel Core i5 7500 SFF Desktop PC (B-Grade Refurbished) 8GB RAM - 256GB SSD - Win11 Pro - 18-Month Warranty - GreenMachine Certified Refurbished,276.0,262.2,5.0,CLEARANCE
EXWKSHPZ642,HP Z640 Workstation Intel Xeon E5-1650 v3 Desktop PC (A-Grade Refurbished) 16GB RAM - 512GB SSD (NEW) - Quadro M6000 Graphics - Win 11 Pro - 18-Month Warranty - GreenMachine Certified Refurbished,899.0,711.87,20.82,CLEARANCE
FILOSC37041478,Okin Binder Display Book A4 20 Pocket Blue,4.43,3.99,9.93,CLEARANCE
FILOSC37057004,Okin Insert Binder - A4 4D 25mm - Black,9.45,8.53,9.74,CLEARANCE
FURFXT5011,FlexiSpot S1-1 Adjustable Bed Base Frame Converter For Bed Width Adjust-Range: 800-1100mm - For Single Bed Sizes,199.0,125.42,36.97,CLEARANCE
GAMDBE5197,DOBE Nintendo Switch 2 Pro Controller Clamp,11.99,8.37,30.19,CLEARANCE
GAMMZA39721,MOZA HGP Shifter,337.98,297.67,11.93,CLEARANCE
GAMMZA70803,MOZA Mbooster Base Extension Plate,88.99,70.15,21.17,CLEARANCE
GAMMZA70841,MOZA CRP2 Base Plate + Extension Plate,258.43,221.25,14.39,CLEARANCE
HDDVER32190,Verbatim 32190 1TB Pocket SSD - Black / Grey USB 3.2 Gen 2,596.37,538.22,9.75,CLEARANCE
HHAPLA4926,HP Poly 38350-13 EHS APC-43 for Electronic Hook Switch Cable for remote desk phone call control (answer/end) suits SAVI700/CS500/B335/MDA200 series,126.01,119.7,5.01,CLEARANCE
HHATOM2989240,TomTom 9LBM.001.05 WRIST MOUNT,10.94,2.96,72.94,CLEARANCE
HOMEVC0021R,"EcoVacs Remanufactured Deebot T50 Max Pro Omni White Smart Floor Vacuum & Mopping Cleaner 18,500 Pa Suction Power - OZMO Roller Mopping Tech - TruEdge 2.0 with TruEdge 3D - AIVI 3D 3.0 - 40-75°C Temperature-Controlled Mop Washing - Mop Lift",1499.26,1221.15,18.55,CLEARANCE
HOMMIX40198R,"Xiaomi Remanufactured Mi Smart X10 With Dock Vacuum and Mop 2-in-1 Robot Vacuum 2.5L Dust Bag Collection, 4000 Pa Suction, 5200mAh Battery, Up to 180 Minutes Operating Time, Advanced LDS Laser Navigation, affordable flagship /PB 6 mths warr",749.25,523.23,30.17,CLEARANCE
HOMRBK0067R,"Roborock Remanufactured Q10V Plus White Vacuum Cleaner with Auto Empty Rock Dock Plus 10,000 Pa Suction - VibraRise 2.0 Mopping System - Precisense LiDAR Navigation - Dual Anti-Tangle Design - Reactive Tech Obstacle Avoidance",974.26,835.3,14.26,CLEARANCE
HOMRBK0071R,"Roborock Remanufactured Q7 T+ Black Robot Vacuum 10,000Pa Suction - High Intensity Mopping & Clean Along Floor Direction - LiDar Navigation - RockDock Plus - Auto Boost on Carpet /PB 6 mths warranty",591.76,534.06,9.75,CLEARANCE
HOMRBK0077R,"Roborock Remanufactured Saros 10R Black Vacuum Cleaner and Mop with 20,000Pa Suction - 7.98cm Ultra Thin Design, StarSight Autonomous system 2.0, 3D Navigation, 10-on-1 Multifunctional Dock 4.0. Dual Anti Tangle System /PB 6 mths warranty",2474.26,2350.54,5.0,CLEARANCE
HPE11214,HP 906329-001 HP Power Adapter AC 120W 7.4mm Tip 19VDC Output - C6 3-Pin AC Input - Slim,145.59,99.18,31.88,CLEARANCE
HSASHK00050,Shokz Microfibre Cooling Sports Towel - Grey,28.99,8.46,70.82,CLEARANCE
HSTATC26329,Audio-Technica ATH-SPORT70BT Wireless In-Ear Headphones - Black Bluetooth - Up to 6 Hours Battery Life,176.94,166.99,5.62,CLEARANCE
HSTCBT690016,ChatBit CB80D Dual Noise Cancelling Headset Bluetooth 4.0 - Noise Cancelling Mic,36.52,27.52,24.64,CLEARANCE
HSTCLE131402,CLEER Arc True Wireless Open-Ear Headphones - Light Grey Ear Hook Passive Fit Design - IPX4 Sweatproof & Water Resistant - Up to 7 Hours Total Battery Life,257.97,186.79,27.59,CLEARANCE
HSTEDI00081D,Edifier LolliClip Noise Cancelling Clip-On Open-Ear True Wireless Sports Earbuds - White - EX DEMO FOR CLEARANCE,159.0,143.5,9.75,CLEARANCE
HSTJAB6273963,Jabra Engage 55 SE - Stereo - Link400a DECT Wireless On-Ear Headset - UC Certified / 2-Mics Noise Cancellation / Busy Light / Up to 150m Distance / Up to 13-Hour Talk-time,460.0,437.0,5.0,CLEARANCE
HSTSHU1101,Shure AONIC 40 Wireless Over-Ear Noise Cancelling Headphones - Black Beamforming Microphone - Up to 25 Hours Battery Life with ANC,430.02,347.25,19.25,CLEARANCE
HSTVER3121805,Verbatim TDK EB90 Wired Earbuds - Black,9.25,8.79,4.97,CLEARANCE
HUBMBE1013,mbeat Stick 4 Port USB 3.0 Hub for Ultrabook & Mac Aluminium Design for iMac / Macbook Pro / Macbook Air / Ultrabook / Laptop,32.61,21.47,34.16,CLEARANCE
HUBSTT5662042,StarTech.com 4-Port USB-C Hub 5Gbps Bus Powered,61.89,53.35,13.8,CLEARANCE
INKCNN80424,Compatible Ink Cartridge Replacement for Canon CLI-8R - Red,2.79,2.08,25.45,CLEARANCE
INKHPL80368,Compatible Toner Cartridge Replacement for HP 410X (CF412X) - Yellow High Yield,38.18,34.47,9.72,CLEARANCE
INKICN23244331,Okin Remanufactured Ink Cartridge Replacement for HP 28 C8728AA - Colour,32.61,25.98,20.33,CLEARANCE
INKICN23244768,Okin Compatible Ink Cartridge Replacement for Canon PGI525 - Black,5.85,4.16,28.89,CLEARANCE
INKICN23244782,Okin Compatible Ink Cartridge Replacement for Canon CLI526 - Cyan,5.85,4.38,25.13,CLEARANCE
INKICN23244799,Okin Compatible Ink Cartridge Replacement for Canon CLI526 - Magenta,5.85,4.16,28.89,CLEARANCE
INKICN23244836,Okin Compatible Ink Cartridge Replacement for Canon CLI521 - Black,4.55,2.7,40.66,CLEARANCE
INKICN28980265,Okin Compatible Ink Cartridge Replacement for Epson 200XL - C13T201292 - Cyan,5.9,4.6,22.03,CLEARANCE
INKICN28980715,Okin Compatible Ink Cartridge Replacement for Brother LC77XL - Black,6.57,4.63,29.53,CLEARANCE
INKICN28985789,Okin Compatible Ink Cartridge Replacement for Brother LC3333 - Yellow,32.99,23.7,28.16,CLEARANCE
INKICN35961073,Okin IHP965MXL Okin Remanufactured HP 965XL Magenta Ink Cartridge (3JA82AA),49.04,42.09,14.17,CLEARANCE
IPCNVAGW01,"Novakon Protocol gateway DIN-rail Protocol Conversion Gateway ARM Cortex-A8 (1GHz) CPU, 512MB RAM, 4GB eMMC, dual Ethernet ports, 19.2 ~ 28.8V isolated power, metal chassis, iM-Connect Protocol Conversion Software Runtime",841.27,164.05,80.5,CLEARANCE
IPHJAB3081940,Jabra GN 14101-50 BIZ 2400 II FOAM EAR CUSHION LARGE 10PCS,51.75,46.7,9.76,CLEARANCE
ITPFPKS0021,Dynamix FP-2PV2 AMDEX Dual Port RJ-45 Face,4.46,3.22,27.8,CLEARANCE
KEYLEN6700314,Lenovo 4Y41R69489 Self-Charging Bluetooth Keyboard-US English,158.9,108.3,31.84,CLEARANCE
KVMATN1183,Aten CS1182DP 2-Port USB DisplayPort Secure KVM Switch (PSS PP v3.0 Compliant),575.0,422.68,26.49,CLEARANCE
KVMATN2822,Aten VE8952R 4K HDMI over IP Receiver with POE,1365.62,1003.86,26.49,CLEARANCE
KVMKNV-RMK04,"Rextron KNV-RMK04 BK 19"" Rackmount Kit for 4 Port KVM Switch. BLACK Colour",50.51,34.4,31.89,CLEARANCE
KVMSTT5386954,StarTech.com SV231DHU34K6 2 Port Dual Monitor HDMI KVM Switch 4K60,830.79,800.72,3.62,CLEARANCE
LABCAL1462,Calibor LA5625TP1ACSC THERM LABEL roll permanent adhesive 56X25mm 1ACS 500/Roll small large core - MOQ = 10,13.64,9.48,30.5,CLEARANCE
LABCAL1496,"CRS TT6025RLSC1AC   T/Transfer 60mm x 25mm SC 1AC 2,000per rl Thermal Transfer label roll",14.4,13.7,4.86,CLEARANCE
LABCAL1741,CALIBOR LA10173PP1ACSC LABEL PLAIN PERM 101X73 1ACS 500/R SML CRE,27.43,23.83,13.12,CLEARANCE
LABCAL1787,"CRS LA2520GPOLY1ACSC PPG2520RLSC1AC  -  Poly Prop Gloss 25mm x 20mm SC 1ac 2,000per roll Poly PropLabel roll",32.63,15.72,51.82,CLEARANCE
LABCAL1788,"CRS LA2520POLY1ACSC PPM2520RLSC1AC  -  Poly Prop Matt 25mm x 20mm SC 1AC 2,000per roll PolyPropLabelroll",20.7,11.62,43.86,CLEARANCE
LABCAL1854,"CRS LA3712POLY1ACSC PPM3712RLSC1AC  -  Poly Prop Matt 37mm x 12mm SC 1AC 2,000per rl Poly PropLabelroll",11.33,6.15,45.72,CLEARANCE
LABCAL1932,Calibor LA4030TR1ACSC LABEL THERM REM 40X30 1ACS 2000/R SML CRE,35.95,22.56,37.25,CLEARANCE
LABCAL2031,Calibor LA5028TR1ACSC LABEL THERM REM 50X28 1AC 2000/R SML CRE,41.7,39.62,4.99,CLEARANCE
LABCAL2101,"CRS LA5625POLY1ACSC PPG5625RLSC1AC1000 - Poly Prop Gloss 56mm x 25mm SC 1ac 1,000per roll Poly Prop Label roll",21.87,12.3,43.76,CLEARANCE
LABCAL2127,CRS LA6030POLY1ACSC PPM6030RLSC1AC  -  Poly Prop Matt 60mm x 30mm SC 1ac 1000per roll Poly PropLabelroll,35.95,22.56,37.25,CLEARANCE
LABCAL2158,CRS Calibor LA7040TP1ACSC500 LABEL THERM PERM 70X40 1AC 500/R SML CRE,22.47,21.36,4.94,CLEARANCE
LABDYM2166659,Dymo 2166659  LW Labels DHL 102X210mm,69.15,47.05,31.96,CLEARANCE
LABDYM3618738,Dymo Rhino Permanent Polyester Black on White 9mm,42.42,30.43,28.26,CLEARANCE
LABDYM3618742,Dymo 18489 Rhino Flexible Nylon Tape Black on White 19mm,48.94,35.08,28.32,CLEARANCE
LABDYM3618769,Dymo S0720820  TAPE D1 19MMX7M BLK/CLR,44.88,36.54,18.58,CLEARANCE
LABFGO30983,Fargo HID FARGO 082266 CR80 adhesive paper-backed cards (Box 500),343.82,259.98,24.38,CLEARANCE
LABPNZ1003,Peacock Bros CMTHERM42 NZ Couriers Label. Courier Multico 110 x 120mm 400 labels per roll Direct Thermal Courier Multico 110x120mm 42mm Cores,14.85,11.72,21.08,CLEARANCE
LABPNZ1008,Peacock Bros CPTHERM76 Courier thermal Labe l 1000 roll . 76mm core,31.25,24.58,21.34,CLEARANCE
LASCNP4809762,Canon CART056H Black High Yield Toner Cartridge,562.59,376.83,33.02,CLEARANCE
LASHPL1021816,HP 504X Toner Cartridge - Black High Yield - 10500 Pages - for HP LaserJet CM3530 / CP3525 / CP3525x Printer,435.69,280.67,35.58,CLEARANCE
LASICN0276,Okin ICF276A Okin Remanufactured HP CF276A Black Toner Cartridge,122.8,105.25,14.29,CLEARANCE
LASICN28980609,Okin Compatible Toner Cartridge Replacement for Samsung MLT-D103L - Black,50.97,46.0,9.75,CLEARANCE
LASLEX0285,Lexmark 66S0Z00 Imaging Unit,112.6,70.45,37.43,CLEARANCE
LASLEX4339394,Lexmark Original Toner Cartridge - Black Extra High Yield - 8500Pages - for CS521 / CS622 / CX522  - Laser,299.85,212.44,29.15,CLEARANCE
LASOEM02041,Compatible Toner Cartridge Replacement for HP 416X - Cyan High Yield - W2042X,152.02,123.82,18.55,CLEARANCE
LASOEM3010,Okin Compatible Toner Cartridge Replacement - Black for Oki C301 / C321 / MC342 (44973548),38.71,34.94,9.74,CLEARANCE
LUI1007,"Bracom BT-FSAAS03-8S Foldable Stepless Adjustment Aluminium Riser For Most 11""-17"" Laptop",89.96,81.19,9.75,CLEARANCE
LUI1009,Bracom BT-VUSAS03-17 Ventilated Ultra Slim Aluminium Laptop Stand,61.96,53.13,14.25,CLEARANCE
MBE1023,mbeat MB-XCS-CM03GRY Elite USB-C to M.2 SSD High Speed Enclosure,46.18,33.36,27.76,CLEARANCE
MDLADY9-15122,Academy 9-15122 1/24 Joe's Power Plus Gas Service Station,79.0,75.05,5.0,CLEARANCE
MDLEVR5-83,Evergreen 5-83 White Wood Glue 4fl. oz,11.33,6.15,45.72,CLEARANCE
MDLEVR5-85,Evergreen 5-85 Canopy Glue 2fl .oz,12.72,9.76,23.27,CLEARANCE
MDLFENAC-BD35,Fengda AC-BD35 FENGDA Nozzle Kit for BD130 & BD180,9.22,4.92,46.64,CLEARANCE
MDLITA10320,Italeri - 1/35 - Commando Car,22.06,18.04,18.22,CLEARANCE
MDLMBC5112688,MINIX COLLECTABLES MINIX-12688 MINIX: STRANGER THINGS 7CM 4-PACK,22.62,21.49,5.0,CLEARANCE
MDLMBC5113456,MINIX COLLECTABLES MINIX-13456 MINIX: DANIEL LARUSSO,20.58,18.57,9.77,CLEARANCE
MDLMBC5116167,MINIX COLLECTABLES MINIX-16167 MINIX: RON WEASLEY,20.33,16.56,18.54,CLEARANCE
MDLMBC5121000,MINIX COLLECTABLES MINIX-21000  HAGRID,20.33,16.56,18.54,CLEARANCE
MDLMBC5121178,MINIX COLLECTABLES MINIX-21178  AMY FARRAH FOWLER,20.33,16.56,18.54,CLEARANCE
MDLTMA61114,Tamiya Aircraft Series No.114 - 1/48 - Grumman F-14A Tomcat,151.64,129.93,14.32,CLEARANCE
MEMDEL3020234,"Dell 400-19522 300GB 2.5"" Internal HDD Kit SAS 6GB/s - 10000 RPM",288.71,164.5,43.02,CLEARANCE
MEMVER32060,Verbatim 32060 512Gb Mocha/Charcoal  SnapBack Magnetic SSD with Apple Pro Res and Samsung Pro video support,459.45,414.66,9.75,CLEARANCE
MICSHU1077,Shure MV7i Smart Mic + Interface USB-C Dynamic Microphone And Interface,675.98,649.76,3.88,CLEARANCE
MOAATN1001,Aten VE-RMK1U 1U Video and KVM Extender Rack Mount Kit,105.98,77.91,26.49,CLEARANCE
MOAAVS1140,AVS SAR1UBP 1U Blanking Panels,12.41,11.79,5.0,CLEARANCE
MOACHI1088,Chief FCAV1U Fusion Pull Out Video Wall Accessory TV Accessories,,,,
MOACHI1089,Chief FCAX08 Fusion VW Extrusion 8 inch Extender Kit TV Accessories,,,,
MOACHI1196,Chief MSM1U Medium Micro-Adjustable Fixed TV Mounts,,,,
MOACHI1224,Chief TS110SU Swing Arm Mount TV Mounts,,,,
MOAERG4157359,Ergotron 687BK Mouse Shelf Swing-out (Black),103.98,93.44,10.14,CLEARANCE
MOAKEN5596813,"Kensington K52130WW KTG Privacy Screen 34"" MON (21:9)",241.7,199.62,17.41,CLEARANCE
MOASNS1066,SANUS CAVBP2  2U Vented Blanking Panel,23.9,22.7,5.02,CLEARANCE
MOASTT3650976,StarTech.com FLATPNLWALL FLAT-SCREEN TV WALL MOUNT - FOR 32IN TO 70IN LCD LED OR PLASMA TV,117.62,99.39,15.5,CLEARANCE
MOASTT3978704,StarTech.com Thunderbolt 3 PCIe Expansion Chassis with DisplayPort PCIe x16 - External PCIe Slot for Thunderbolt 3 Devices,753.64,680.16,9.75,CLEARANCE
MOASTT4132442,StarTech.com WALLSTS1 Wall Mount Workstation - Articulating Full Motion Standing Desk with Ergonomic Height Adjustable Monitor & Keyboard Tray Arm - Mouse & Scanner Holders - Single VESA Display,738.99,632.62,14.39,CLEARANCE
MOASTT4687942,StarTech.com CMSCOILED Cable Management Sleeve-25mmx1.5m,22.37,16.05,28.25,CLEARANCE
MOASTT5374862,"StarTech.com ARMDUALPIVOT Dual Monitor Arm - Desk Mount - Full Motion Monitor Mount for 2x VESA Displays up to 32"" 8kg - Vertical Stackable Arms - Height Adjustable / Articulating - Clamp / Grommet",260.82,212.03,18.71,CLEARANCE
MOASTT5892782,"StarTech.com 1954-PRIVACY-SCREEN 19 inch 5:4 Computer Monitor Privacy Filter w/51% Blue Light Reduction, +/- 30 deg. View Angle. - Reduce eye strain blocking up to 51% of blue light - Reversible protector shield w/ glossy or anti-glare matt",151.96,144.36,5.0,CLEARANCE
MOASTT6521245,StarTech.com H1M1AG2-MONITOR-ARM Desk Mount Monitor Arm up to 32IN /10kg,323.15,253.1,21.68,CLEARANCE
MOASTT690100,StarTech.com ARMDUAL Articulating Dual Monitor Arm,295.7,265.49,10.22,CLEARANCE
MOASXT1011,SoundXtra Wall Mount for Harman Kardon Citation,32.44,31.88,1.73,CLEARANCE
MONDEL42726R,"Dell Remanufactured UltraSharp U2724D 27"" QHD 120Hz Business Monitor 2560x1440 - IPS Black - DisplayPort - DP Out - HDMI - USB-C Data Only - USB Hub  - Daisy Chain Availble - Height / Swivel / Pivot / Tilt Adjustable - 100x100 VESA /PB 6 mt",430.39,408.87,5.0,CLEARANCE
MONLGS19111,"LG 110UM5K-B 110"" UHD Digital Signage Display - 16x7 , 500nit ,  Speaker ,   Landscape , ( Damage box unit for clearance , no back order )",17250.0,12680.34,26.49,CLEARANCE
MONMHB57530,"Maxhub U3 Series U7530 75"" 4K Intelligent Education Touch Screen with Android 13 - Built-in 8 Microphone Array, 2.2 Channel Speaker, Google EDLA Certified",2990.0,2435.38,18.55,CLEARANCE
MONMHB58530,"Maxhub U3 Series U8630 86"" 4K Intelligent Education Touch Screen with Android 13 - Built-in 8 Microphone Array, 2.2 Channel Speaker, Google EDLA Certified",4140.0,3372.05,18.55,CLEARANCE
MPHCPLRS38A,"CipherLab Handheld Computer RS38 6"" Touchscreen, 8GB RAM+128GB, Android 13, Advanced Range 2D - Scan barcodes up to 10 metres away (SE5500), LTE/5G/GPS/ WIFI 6E/BT/NFC, 630nit FHD, 6800mAh Battery, 16Mega Pixels Camera + 8Mega Pixels Camera",2454.2,2059.17,16.1,CLEARANCE
MPHCPLRS38B,"CipherLab Handheld Computer RS38 6"" Touchscreen, 8GB RAM+128GB, Android 13,Standard Range 2D Imager Scan barcodes up to 1 metre away (SE4770), LTE/5G/GPS/ WIFI 6E/BT/NFC, 630nit FHD, 6800mAh Battery, 16Mega Pixels Camera + 8Mega Pixels Came",2109.2,1728.06,18.07,CLEARANCE
MPHMIX0115004R,"Xiaomi Remanufactured 15 (2025) Dual SIM Smartphone - 12GB+512GB - Green Snapdragon 8 Elite - Leica Triple Camera System - 6.36"" 120Hz AMOLED Ultra-bright Display - Xiaomi HyperAI - IP68 - 5240mAh - 2 Year Warranty (VoLTE Support - Manual A",1049.25,996.79,5.0,CLEARANCE
MPHMIX0115101R,"Xiaomi Remanufactured Redmi 15 5G Dual Sim SmartPhone - 4GB+128GB - Titan Gray - 7000mah Battery - 6.9"" FHD+ Screen with up to 144Hz Refresh Rate - IP64 Water & Dust Resistance - Snapdragon 6s Gen 3 Chipset /PB 6 mths warranty",276.76,262.92,5.0,CLEARANCE
MPHSAM0094203R,Samsung Remanufactured Galaxy S26 5G Dual SIM Smartphone - 12GB+256GB - White /PB 6 mths warranty,1349.26,1281.8,5.0,CLEARANCE
MPP3SI10157589,3SIXT 3S-1932 Tough USB-A to Micro USB Cable - 1.2m - Black,13.1,9.63,26.49,CLEARANCE
MPP3SI10165562,3SIXT Nokia G21 SlimFolio Case - Black,21.14,13.18,37.65,CLEARANCE
MPP3SI10165864,3SIXT 3S-2365 SlimFolio - iPhone 14 Pro Max - (MS)(RC) Black,33.61,19.78,41.15,CLEARANCE
MPP3SI10171405,"3SIXT 3S-2771 Universal Smartphone Wallet - Small (Up to 5.5"")",16.88,10.1,40.17,CLEARANCE
MPP3SI10174297,3SIXT 3S-2970 3sixT SlimFolio - Samsung Galaxy S25 - (RC)(MS) Black,27.83,25.12,9.74,CLEARANCE
MPP4GM0166056,4GAMERS 4G C6-100 GREY CAMO,25.0,21.44,14.24,CLEARANCE
MPPARE113434,Araree Galaxy A01 Glass Screen Protector,19.94,5.53,72.27,CLEARANCE
MPPBPS10173052,Boompods Passport holder + Boomcard rechargeable Tracker Find lost items with Apple Find My app,60.69,57.65,5.01,CLEARANCE
MPPCPLRK95BTC,CipherLab RK95 Accessories 4 Slot Battery Charger,398.31,77.6,80.52,CLEARANCE
MPPCSM5276500,Casemate AirPods 1/2 Twinkle Case,25.0,1.39,94.44,CLEARANCE
MPPGEN0108,M6s TPU Cover - Clear Thin & Lightweight,4.99,1.31,73.75,CLEARANCE
MPPGEN0151,Vivo Y30 Rugged Case - Black with Ring Stand,25.99,2.67,89.73,CLEARANCE
MPPGEN0557,Xiaomi Redmi A3 Glass Screen Protector Privacy Case Friendly,18.32,14.93,18.5,CLEARANCE
MPPGEN0672,Xiaomi Redmi 12 5G Rugged Kickstand Case - Black with Camera Cover Protection,23.32,22.16,4.97,CLEARANCE
MPPGEN0803,Xiaomi Redmi 13C 5G Rugged Kickstand Case - Black,23.32,19.0,18.52,CLEARANCE
MPPGEN0804,Xiaomi Redmi 13C 5G Glass Screen Protector - Clear Case Friendly,16.32,13.29,18.57,CLEARANCE
MPPHRB0016,Harber Meizu Pro 7 Plus Premium Leather Back Cover - Black Lightweight - Ultra Thin,18.99,7.54,60.29,CLEARANCE
MPPJAB14271,Jabra 14201-33 Avaya EHS adapter - Avaya 1400 9400 9500 series,37.09,25.9,30.17,CLEARANCE
MPPKTF0162221,KONTROLFREEK Call of Duty Warzone Performance Thumbsticks for Xbox One and Xbox Series X/S,19.0,15.48,18.53,CLEARANCE
MPPKTF0163223,KONTROLFREEK Performance Inferno Kit for Nintendo Switch Pro,7.9,7.13,9.75,CLEARANCE
MPPKTF10159831,KONTROLFREEK 4777-PRO D SWITCH PRO GRIPS,14.59,10.19,30.16,CLEARANCE
MPPKTF10163210,KONTROLFREEK BLA-8700-XBX OMNI BLACK XBX /XBX ONE,19.0,15.48,18.53,CLEARANCE
MPPKTF10163225,KONTROLFREEK PK-2040-PS5 Performance Inferno Kit for PlayStation5,19.0,18.04,5.05,CLEARANCE
MPPKTM10172483,KOEI TECMO FAIRY TAIL 2 - SWITCH,44.1,41.89,5.01,CLEARANCE
MPPOMP9921,OMP M9921 OMP iPhone 16 Plus Premium Tempered Glass Screen Protector,14.49,7.95,45.13,CLEARANCE
MPPOPP10170332,OPPO HSA38BLK Official Hardshell Case - Black with Card Slot for Oppo A38,15.3,11.83,22.68,CLEARANCE
MPPPDY1033,PUDNEY P1121K USB 2.0 - 480Mbps USB-A to Mini USB Cable - 1m - Black Data & Charge - PVC,12.68,10.11,20.27,CLEARANCE
MPPPHX2197,PHILEX PHT-3022 2 Slice Toaster,101.2,91.33,9.75,CLEARANCE
MPPPHX2203,PHILEX PHT-3044 4 Slice Toaster,127.64,115.2,9.75,CLEARANCE
MPPPZG10166814,PanzerGlass 3676 Samsung Galaxy Watch 5 Pro 45MM Screen Protector,26.99,19.87,26.38,CLEARANCE
MPPPZG10171836,PanzerGlass iPhone 16 Pro Max CARE by PanzerGlass 1344 Flagship Case - Star Lit w. MagSafe White - Starlt,30.85,16.54,46.39,CLEARANCE
MPPPZG10172576,PanzerGlass Snappie Screen Protector- Apple Watch Ultra (2024) - Black,23.34,21.07,9.73,CLEARANCE
MPPPZG10172983,PanzerGlass Samsung GS25 Ultra CARE by Panzer 10172983 Flagship 3-in-1 Bundle,64.25,57.98,9.76,CLEARANCE
MPPPZG4548033,"PanzerGlass 0504 Universal Laptop 14"" Dual Privacy Screen Protector",86.79,74.42,14.25,CLEARANCE
MPPSGP02810,Spigen Tesla Model S / X Dashboard Premium Anti-Glare Matte Finish Tempered Glass Screen Protector Super HD Clarity - 9H Screen Hardness - Delicate Touch - Anti-Fingerprint - Easy Installation - Compatible with Tesla Model S (2021/2022/2023,98.99,4.26,95.7,CLEARANCE
MPPSGP07664,Spigen Xiaomi Redmi Note 13 4G Rugged Armor Case - Black Durable Mechanical Design - Air Cushion Technology (Military-Grade Protection) - Carbon Fiber Design,33.99,3.32,90.23,CLEARANCE
MPPVER67038,Verbatim 3 in 1 Wireless Docking (Desert Titanium),115.91,104.6,9.76,CLEARANCE
MPPZAG10170700,ZAGG Crystal Palace - Samsung Galaxy S24 Ultra - Clear 702313568,57.18,49.02,14.27,CLEARANCE
MPPZAG10170736,ZAGG Camera Lens Protector - Samsung Galaxy S24+,27.51,13.18,52.09,CLEARANCE
MPPZAG200114637,ZAGG Galaxy Flip6 5G InvisibleShield Glass Elite Camera Lens Protector - Anti-Microbial,3.74,2.28,39.04,CLEARANCE
MVRKWD0053,Kiwi Design for Universal Cameras & Sensor Stylish Metal Wall Mount Bracket - 1 Pack - White Outdoor / Indoor Camera Bracket - Fits Ring / eufy / Wyze / Arlo Cameras & VR Rift Sensor - Vive / Valve Index Base Station - Enhanced Support,20.0,18.04,9.8,CLEARANCE
NASSYN08220,Synology RackStation RS822+ 1U 4-Bay Performance NAS Server AMD Ryzen V1500B 4-Core 2.2 GHz - 2GB ECC DDR4 (32GB Max) - 4x 1GbE RJ45 - 2x USB 3.2 - 1x eSATA - 1x PCIe - 3 Years Warranty,2959.98,2811.98,5.0,CLEARANCE
NBAHDT6259204,"HP 86S97UT HP USB-C TRAVEL HUB G3 Five ports (USB-C x 2, USB-A x 2 and HDMI) Scalable power delivery 65W/90W or highe",206.03,140.66,31.73,CLEARANCE
NBASTT3390059,StarTech.com USB-C Multiport Adapter - USB-C Travel Docking Station with 4K HDMI 60W Power Delivery Pass-Through - GbE - 2pt USB-A 3.0 Hub - Portable Mini USB Type-C Dock for Laptop,136.85,100.71,26.41,CLEARANCE
NBASTT6258826,"StarTech.com UNIVCS25-LAPTOP-LOCK 25-Pack Laptop Lock - 6.6ft (2m) Cable - Serialized Combo Security Cable For Notebook, Compatible w/Noble Wedge/Nano/K-Slot",976.71,735.2,24.73,CLEARANCE
NBASTT6277354,"StarTech.com DUALKA10-LAPTOP-LOCK 10-Pack Dual-Access Laptop Lock - 6.5ft (2m) - Keyed Alike and Combination Security Cable Lock for K-Slot Devices, Anti-Theft Steel Cable",517.18,443.42,14.26,CLEARANCE
NBASTT6357627,StarTech.com SNBLK-LAPTOP-LOCKNoble Wedge 1.5m Cable Lock For Laptop,45.9,43.6,5.01,CLEARANCE
NBATAR5545961,"Targus ASM14MBPGL Privacy Screen - Magnetic PET 2-Way  for 16"" MacBook Pro",106.09,61.71,41.83,CLEARANCE
NBATAR6153960,Targus THD935GL  Pro-Tek Clear Case for iPad 10.9,45.64,40.38,11.52,CLEARANCE
NBAVSN0090,Vanson SPN90w Notebook Power Adapter. Switch Mode & Regulated.w/9x Interchangable PowerConnectors.SAA Approved,92.7,55.25,40.4,CLEARANCE
NBBGEN0092,Laptop Compatible Battery for HP Envy 17-U108CA 17-U000 11.1V 5100mAh 57Wh 3-cell PN: SG03XL 849315-850 849049-421 /6 Months Warranty,55.0,21.85,60.27,CLEARANCE
NBBOEM0157,"OEM Compatible Battery 6-cell 10.8VDC, 4.8Ahr, 52Wh For HP Compaq nc/nx 6100, 6200, 6300, 6400 series notebooks, and 6500b/6700s/6700b series notebooks",49.0,34.22,30.16,CLEARANCE
NBBOEM0450,"OEM Laptop Battery For Lenovo Yoga Slim 7-14IIL05/14ARE05/14ITL05, 15.36V 60.7Wh 3090mAh, PN: L19M4PF4 L19C4PF4 L19D4PF4",59.0,53.29,9.68,CLEARANCE
NBBOEM0810,Laptop Battery For Asus Chromebook Flip C C214MA-BW 11.55V 42Wh 3640mAh PN: C31n1836 6 Month Warranty,49.0,44.23,9.73,CLEARANCE
NBBOEM0873,"Laptop Battery For Asus ZenBook G501 N501 N501L G501J UX501J UX501L G601J 15.2V 60Wh PN: C41N1416, 0B200-01250100 / 6 Months Warranty",59.0,41.19,30.19,CLEARANCE
NBBOEM0887,"Laptop Battery For Lenovo X1 Tablet Gen 3 Series / 3rd 7.72V 42Wh 5440mAh PN: 01AV454, SB10J78989, L16L4P91 / 6 Months Warranty",49.0,31.36,36.0,CLEARANCE
NBBOEM0889,"Laptop Battery For CLEVO N850, N850HC, N850HJ, N870HC N870HJ1 11.1V 62Wh 5500mAh PN: N850BAT-6 / 6 Months Warranty",65.0,47.78,26.49,CLEARANCE
NBBOEM0934,"Laptop Battery For HP ZBook 17 G5 / ZBook 17 G6 Series, 11.55V 95.9Wh 8310mAh 6-cell, PN: AM06XL AM06 AMO6XL AM06095XL HSTNN-IB8G L07350-1C1 L07044-855 HSN-Q12C",110.0,104.5,5.0,CLEARANCE
NBBOEM1049,"Laptop Battery For Lenovo V14 G4/V15 G4 4948mAh 38Wh,8.8V PN: L22M2PG2",69.0,38.52,44.17,CLEARANCE
NBBOEM1053,Laptop Compatible Battery Lenovo ThinkBook 15p G2 4940mah 3 Cell 11.55 V  PN: L19D3PD9,59.0,48.18,18.34,CLEARANCE
NBBOEM1058,"Laptop Compatible Battery HP Pavilion 13-an 7.8V 3760mah PN: MM02xl, L28076-005",103.5,72.28,30.16,CLEARANCE
NBGBNE90028,"Bonelk Long-Life Armour Attache Backpack for 15""-16"" Laptops - Black",160.0,123.81,22.62,CLEARANCE
NBGIBS1007,"IBenzer Neon Party Hard Shell Case for 13"" MacBook Air 2018 - Black Thunderbolt 3 (USB-C)",36.1,32.58,9.75,CLEARANCE
NBGINC6326228,"Incase Transfer Laptop Sleeve for 14"" Laptop Macbooks - Black",49.0,46.55,5.0,CLEARANCE
NBGMCV0001,"Mcover Hard Shell Case for 11.6"" Samsung Chromebook 4 XE310XBA - Black",23.0,13.89,39.61,CLEARANCE
NBGMSI34123808,"MSI Titan Gaming Backpack Ideal for all laptop and up to 18""",99.0,94.06,4.99,CLEARANCE
NBGSTT5464479,"StarTech.com NTBKBAG156 15.6"" Laptop Backpack with Removable Accessory Organizer Case Professional IT Tech Backpack for Work/Travel/Commute - Ergonomic Computer Bag - Durable Ballistic Nylon - Notebook/Tablet Pockets",309.03,278.9,9.75,CLEARANCE
NBGTHU2798649,"THULE Subterra TSSE2111 Sleeve for 11"" MacBook Air",47.06,40.23,14.51,CLEARANCE
NBGTUC26170,"Tucano Top Second Skin Neoprene Sleeve for 13"" MacBook Pro (Late 2016) - Black",43.47,42.39,2.48,CLEARANCE
NBKACN1532IR,"Acer Remanufactured Aspire Go 15 AG15-32P-39R2 15.6"" FHD Intel Core 3 N355 - 8GB RAM - 128GB UFS - Win 11 Home S Mode - AX WiFi 6 + BT5.1 - HDMI - /PB 1 yr warranty",667.0,633.65,5.0,CLEARANCE
NBKACN90191R,"Acer NZ Remanufactured Aspire A3SP14-31PT NX.KENSA.008 14"" WUXGA 1920 x 1200 2 in 1 Laptop Intel i3-N305 CPU - 8GB RAM - 512GB SSD - Win 11 Home - Acer / Local 1Y Warranty",1044.78,808.43,22.62,CLEARANCE
NBKASU1502433R,"ASUS Factory Refurbished Vivobook 15 F1500EA Laptop 15.6"" FHD Intel Core i7-1165G7 - 8GB RAM - 512GB SSD - Win 11 Home - AC WiFi 5 + BT5.1 - Webcam - USB-C (data only) - HDMI1.4",985.0,935.74,5.0,CLEARANCE
NBKDEL1281625R,"Dell Remanufactured Pro 16 16"" FHD+ Business Laptop Intel Core Ultra 7-255U - 16GB RAM - 512GB SSD -  Win 11 Pro - /PB 1 yr warranty",2587.5,2458.12,5.0,CLEARANCE
NBKGRHP0850080,"HP EliteBook 850 G8 (Elite-Grade Refurbished) 15"" FHD Notebook (Brand New) Intel Core i5-1135G7 - 8GB RAM - 256GB SSD - Windows 11 Pro - 18-Month Warranty - GreenMachine Certified Refurbished",1499.0,1159.9,22.62,CLEARANCE
NBKGRHP183080,"HP EliteBook 830 G8 (Elite-Grade Refurbished) 13.3"" FHD Notebook (Brand New Sealed) Intel Core i5-1135G7 - 8GB RAM - 256GB SSD - Win11 Pro - 18-Month Warranty - GreenMachine Certified Refurbished",1399.0,1028.39,26.49,CLEARANCE
NBKGRHP360838,"HP Elitebook X360 830 G8 (Elite-Grade Refurbished) 13.3"" FHD Touch Convertible Notebook (BrandNew Sealed) Intel Core i5-1135G7 - 8GB RAM - 256GB SSD - Win11 Pro - 18-Month Warranty - GreenMachine Certified Refurbished",1399.0,1028.39,26.49,CLEARANCE
NBKHNB1400013IR,"HP Remanufactured OmniBook 5 Flip 14-fp0013 14"" WUXGA Touch 2in1 Laptop Intel Core 5 120U - 8GB RAM - 512GB SSD - Win 11 Home /PB 1 yr warranty",1012.0,961.4,5.0,CLEARANCE
NBKHNB143005R,"HP Remanufactured OmniBook 3 14-ha0005AU 14"" FHD Copilot+ PC AMD Ryzen AI 5 340 - 16GB RAM - 512GB SSD - Win 11 Home - /PB 1 yr warranty",1495.0,1420.25,5.0,CLEARANCE
NBKHNB411403R,"HP Remanufactured ProBook 4 G1i 14 14"" WUXGA Business Laptop Intel Core Ultra 7 255U - 16GB RAM - 256GB SSD - Win 11 Pro - /PB 1 yr warranty",2185.0,2075.75,5.0,CLEARANCE
NBKLEN148500AR,"Lenovo Remanufactured ThinkBook 14 G8 Business Laptop 14"" WUXGA Intel Core 5 210H - 16GB RAM - 512GB SSD - Win 11 Pro - /PB 1 yr warranty",1587.0,1507.65,5.0,CLEARANCE
NBKMSI133059BR,"MSI Remanufactured Thin 15 B13UCX-3059NZ NVIDIA RTX 2050 Gaming Laptop 15.6"" FHD 144Hz Intel Core i5-13420H - 16GB RAM - 512GB SSD - Win 11 Home - AX WiFi 6E + BT5.3 - Blue Backlit Keyboard - /PB 1 yr warranty",1293.75,1229.06,5.0,CLEARANCE
NBKMSI141427BSR,"MSI Remanufactured Modern 14 F1MG-427NZ 14"" FHD Laptop Intel Core 7 150U - 32GB RAM - 1TB SSD - Win 11 Home - /PB 1 yr warranty - AX Wi-Fi 6E + BT5.3",1765.25,1676.99,5.0,CLEARANCE
NBKMSI162257R,"MSI Remanufactured Vector 16 HX AI A2XWHG-257NZ NVIDIA RTX 5070Ti Gaming Laptop 16"" QHD+ 240Hz Intel Core Ultra 7 255HX - 16GB RAM - 1TB SSD - Win 11 Home - AX Wi-Fi 6E + BT5.3 - RGB Keyboard - /PB 1 yr warranty",4004.3,3804.08,5.0,CLEARANCE
NETADX1004,AMDEX FP-3PV2 Triple Port RJ-45 Face Plates Amdex style.,3.81,2.77,27.3,CLEARANCE
NETADX1010,AMDEX FP-BLV2 BLANK Face Plate Used for Custom AV Connector Requirements,4.98,3.56,28.51,CLEARANCE
NETASP3182437,Aspen Optics DEM-311GT-AO SFP 1000BASE-SX MULTIMODE 550M,42.42,36.36,14.29,CLEARANCE
NETCTS0028,CTS 1.25G LC Duplex Multi-mode SFP Module 550M with DOM Function - CISCO & Generic Brand Compatible,27.96,24.97,10.69,CLEARANCE
NETDIG0599,Digitus Bluetooth 5.0 Nano USB-A Adapter,13.09,11.22,14.29,CLEARANCE
NETDNX0028,Dynamix FPP-B Blanking Plate for FPP3P    Fibre Tray.  Black Colour,7.9,5.92,25.06,CLEARANCE
NETDNX0042,Dynamix FP-USB20 USB2.0 Keystone Jack. Type A Female to Female Connectors. Fits FP-1KS and FP-2KS RJ45Keystone Face Plates,10.64,8.38,21.24,CLEARANCE
NETDTK0193,DrayTek DV167 VDSL2 / ADSL2+ Router 2x Gigabit LAN Ports,335.06,218.32,34.84,CLEARANCE
NETEDM1235,"Edimax Industrial 2.5 Gigabit PoE++ 90W Power Injector. Supports IEEE 802.3at, IEEE 802.3at & IEEE 802.3bt, Provides Power & Data, DIN-rail or Wall-mount, IP50 Ingress Protection.",168.45,160.03,5.0,CLEARANCE
NETEHPL1077,HyperLink Technologies LP-21 4-Port 10/100/1000 Base-T Gas Tube CAT6 Lightning Protector,523.46,337.74,35.48,CLEARANCE
NETMKT1032,MikroTik ACRPSMA Coaxial Cable - 50cm RP-SMA Male to RP-SMA Male - Flex-guide,20.11,11.87,40.97,CLEARANCE
NETMKT1247,MikroTik CRS112-8P-4S-IN PoE Switch,437.14,321.72,26.4,CLEARANCE
NETMKT1403,"MikroTik Combined 1.25G SFP, 10G SFP+ and 25G SFP28 Module",338.33,321.41,5.0,CLEARANCE
NETMKT1412,MikroTik CRS518-16XS-2XQ-RM Cloud Router Switch 518-16XS-2XQ-RM with 16x SFP28 and 2x QSFP28 100 Gigabit Ports,3000.89,1962.04,34.62,CLEARANCE
NETPEW1017,PoE World GPOE-8B 8 Port Shielded Gigabit Passive Mode B Power over Ethernet injector,40.24,39.71,1.32,CLEARANCE
NETSTT2023915,"StarTech.com Cisco GLC-LH-SMD Compatible SFP Module - 1000BASE-LH - 1GbE Single Mode Fiber SMF Optic Transceiver - 1GE Gigabit Ethernet SFP - LC 20km - 1310nm - DDM Cisco Firepower, IE2000, IE4000",100.52,75.78,24.61,CLEARANCE
NETSTT3383733,StarTech.com PEX10000SFPI 10G Open SFP+ Network Card - PCI Express,377.33,354.42,6.07,CLEARANCE
NETSTT3572675,"StarTech.com HPE JD094B Compatible SFP+ Module - 10GBASE-LR - 10GbE Single Mode (SMF) Fiber Optic Transceiver - 10GE Gigabit Ethernet SFP+ - LC 10km - 1310nm - DDM HPE 5900, 12500, 5500",119.9,71.98,39.97,CLEARANCE
NETSTT4633998,"StarTech.com HPE J9150D Compatible SFP+ Module - 10GBASE-SR - 10GbE Multi Mode (MMF) Fiber Optic Transceiver - 10GE Gigabit Ethernet SFP+ - LC 300m - 850nm - DDM HPE FlexFabric, 6120XG, 6120G",229.17,174.46,23.87,CLEARANCE
NETSTT4636549,StarTech.com LX-ST Palo Alto Networks LX Compatible SFP Module - 1000BASE-LX - 1GbE Single Mode Fiber SMF Optic Transceiver - 1GE Gigabit Ethernet SFP - LC 10km - 1310nm - DDM,48.43,36.01,25.65,CLEARANCE
NETSTT690392,StarTech.com MCM110ST2 MM FIBER ETHERNET MEDIA CONVERTER ST 2KM,119.4,76.19,36.19,CLEARANCE
NETTTK0004,Teltonika Bluetooth Magnetic RP-SMA Antenna for RUTX Series Routers,17.25,16.39,4.99,CLEARANCE
NETTTK0901,Teltonika RUTM09 4G LET CAT6  Industrial Router 1 GbE x 4 / SIM Slot x 2 / with Digital IO x 1 / USB A x 1 / GNSS,447.22,424.87,5.0,CLEARANCE
NETTTK1001,Teltonika RUTM10 AC867 Dual Band Wi-Fi 5 Industrial Router 1 GbE x 4 / with Digital IO x 1 / USB A x 1,217.22,206.37,4.99,CLEARANCE
NETTTK1009,Teltonika RUTX09 4G LET CAT6 Industrial Router 1 GbE x 4 / SIM Slot x 2 / Digital IO x 1 / USB A x 1 / GNSS,511.11,485.55,5.0,CLEARANCE
NETTTK1048,Teltonika TRM200 4G LTE Cat4 Industrial Modem SIM slot x 1 / Micro USB x 1,127.78,121.38,5.01,CLEARANCE
NETTTK1142,Teltonika TRB142 4G LTE Cat 1 Industrial IoT Gateway GbE x 1 / SIM slot x 1 / with Digital IO x 2 /Micro USB x 1 / RS232 x 1,195.5,185.72,5.0,CLEARANCE
NETTTK1420,Teltonika RUT142 N300 Wi-Fi 4 Industrial Ethernet Router 100M FE x 2 / RS232 x 1,103.5,98.32,5.0,CLEARANCE
NETTTK2010,Teltonika RUTXR1 4G LET CAT6 AC867 Dual Band WiFi 5 Industrial Router 1 GbE x 5 / SFP x 1 / SIM slot x 2 / Redundant Power Supply,638.89,606.95,5.0,CLEARANCE
NETTTK2240,Teltonika TRM240 4G LTE Cat 1 Industrial IoT Modem SIM slot x 1 / Micro USB x 1,126.5,120.18,5.0,CLEARANCE
NETTTK7284747,"Teltonika 4-PIN Power Adapter with I/O Access for RUT300, RUTX08, RUTX10, TSW100, TSW110",12.78,12.13,5.09,CLEARANCE
NETTYC1006,Tycon Systems POE-PowerTap Tycon POE Injector / Tester PowerTap,13.01,11.73,9.84,CLEARANCE
NETUBB1016,UbiBot PT100-3M-R-USB Industrial Grade Temperature Probe for WS1 Pro 3 Metres,62.26,49.55,20.41,CLEARANCE
OFSICN1039,Okin Binding Plastic Coil 21 Ring - 25mm - Blue Box of 50,17.25,12.08,29.97,CLEARANCE
OFSICN1104,Okin Display Book A4 with Insert Spine - Blue 100 Pocket with Case,14.19,10.98,22.62,CLEARANCE
OFSICN5211550,Okin IF463 PP Document Wallet A4 Button Closure Red,0.83,0.75,9.64,CLEARANCE
OFSICN5211574,Okin IF465 icon PP Document Wallet A4 Button Closure Purple,0.83,0.75,9.64,CLEARANCE
OFSICN5212021,Okin IF651 PP Indices Jan-Dec Grey,1.51,1.36,9.93,CLEARANCE
OFSITL96006033,Italplast I160CLR Magazine File - Clear 258 L x 92 W x 298mm H,14.84,10.22,31.13,CLEARANCE
OFSITL96008143,Italplast GreenR Letter Tray A4 - Black,7.83,4.21,46.23,CLEARANCE
OFSITL96009232,Italplast Drawer Tidy - Space Grey,10.19,9.75,4.32,CLEARANCE
OFSMMM10234,3M 7100104343 Scotchgard Water and Sun Shield 5019-10UV 297g,29.0,20.1,30.69,CLEARANCE
OFSMMM10364,3M Command Strips Picture Hanging 17205-VP - Small White Pk/16 Pairs,9.61,8.67,9.78,CLEARANCE
OFSMMM10486,3M Post-It Durable Filing Tabs 686L-PGO - 25mm - Pink / Green / Orange Pkt/6,14.66,12.17,16.98,CLEARANCE
OFSMMM10535,3M 7100262998 Post-It Super Sticky Notes 654-5SSAN - Marrakesh,14.05,13.35,4.98,CLEARANCE
OFSMMM10553,3M Post-it Notes 655-5PK - 76mm x 127mm - Poptimistic (Cape Town) 5 Pack,19.5,14.85,23.85,CLEARANCE
OFSMMM10712,3M 70009127146 Scotch Indoor Mounting Tape 114S 25.4mm x 1.27m,7.5,5.77,23.07,CLEARANCE
OFSMMM10739,3M Post-it Super Sticky Lined Notes 660-SS Asst Colours 101mm x 152mm 90 Sheet Pads - 1 Packet,7.7,7.33,4.81,CLEARANCE
OFSMMM11188,"3M 11188 Scotch-Brite Scrub Dots Advanced SDA-2 Non-Scratch Scrubber, Pack of 2",7.18,5.05,29.67,CLEARANCE
OFSMMM11281,"3M 7100335346 Command Picture Hanging Strips 17217BLK-ES X-Large Black, Pack of 4 Sets",9.32,8.41,9.76,CLEARANCE
OFSMPH1210,Matthews FP Polyethylene Bag - Clear 250mm x 300mm x 30mu - 100 Bags / Pack - 3000 Bags / Box - 1 Box,84.59,55.82,34.01,CLEARANCE
OFSOKN5961455,Okin IFLAGSH Okin Pop-up Flags Sign Here,4.19,3.77,10.02,CLEARANCE
OFSOKN9361282,Okin OTPA4GN50 Okin Topless Pad A4 Green 50 sheet,5.72,4.07,28.85,CLEARANCE
OFSOSC7041997,"Okin EPA4 Copysafe Pockets Heavy Duty Expanding A4, Pack of 5",5.58,3.98,28.67,CLEARANCE
OFSWWK117354,WARWICK BY231601 Whiteboard Marker Red Bullet Tip Box 12,9.41,8.49,9.78,CLEARANCE
OSYPAR5594885,Parallels Desktop for Mac Agnostic -1 User /1-Year  Academic Subscription - Retail Box with Download Code ( Free updgrae to the latest verion with the same download code in the box ),59.0,56.05,5.0,CLEARANCE
PNTITA1043104,Italeri / Vallejo Paint - USAF/USN Modern - 6 Pieces,40.0,38.0,5.0,CLEARANCE
PNTTMA8005,Tamiya X-5 Enamel Mini Paint - Green - 10ml,4.75,3.6,24.21,CLEARANCE
PNTTMA8034,Tamiya X-34 Enamel Mini Paint - Metallic Brown - 10ml,4.75,3.66,22.95,CLEARANCE
PNTTMA8121,Tamiya XF-21 Enamel Mini Paint - Sky - 10ml,4.75,3.6,24.21,CLEARANCE
PNTTMA8126,Tamiya XF-26 Enamel Mini Paint - Deep Green - 10ml,3.71,2.09,43.67,CLEARANCE
PNTTMA81523,Tamiya X-23 Acrylic Mini Paint - Clear Blue - 10ml,4.75,3.43,27.79,CLEARANCE
PNTTMA81528,Tamiya X-28 Acrylic Mini Paint - Park Green - 10ml,3.71,3.21,13.48,CLEARANCE
PNTTMA81706,Tamiya XF-6 Acrylic Mini Paint - Copper - 10ml,4.75,4.52,4.84,CLEARANCE
PNTTMA81712,Tamiya XF-12 Acrylic Mini Paint - J.N. Grey - 10ml,4.75,4.02,15.37,CLEARANCE
PNTTMA82174,Tamiya LP-74 Lacquer Paint - Flat Earth - 10ml,4.3,3.4,20.93,CLEARANCE
PNTTMA85022,Tamiya TS-22 Spray Paint for Plastics - Light Green - 100ml,12.72,10.13,20.36,CLEARANCE
PNTTMA85027,Tamiya TS-27 Spray Paint for Plastics - Matte White - 100ml,12.72,10.13,20.36,CLEARANCE
PNTTMA86015,Tamiya PS-15 Spray Paint for Polycarbonate - Metalic Red - 100ml,12.72,10.44,17.92,CLEARANCE
PNTTMA86512,Tamiya AS-12 Spray Paint for Aircraft - Bare-Metal Silver - 100ml,12.72,9.75,23.35,CLEARANCE
PNTTMA89012,Tamiya X-12 - Paint Marker - Gold Leaf - Enamel,5.98,5.09,14.88,CLEARANCE
POSBRT3539377,Brother PALP001 TD Desktop Label Printer Peeler for the TD2000 series for TD-2120N TD-2130N Industrial Label Printer,24.2,13.66,43.55,CLEARANCE
POSELS0115,EVOLIS RCT223NAAA Primacy2 - Black Mono ribbon - to to 2000 prints per roll,79.1,67.82,14.26,CLEARANCE
POSHON1498,"Honeywell 1960GHD-2USB-R XENON ULTRA 1960G USB KIT: TETHERED,GENERAL DUTY, 1D/2D, HIGH DENSITY, BLACK",272.06,242.19,10.98,CLEARANCE
POSZBR0185,"Zebra 800011-101 ZXP Series 1 Ribbon - Load-N-Go monochrome ribbon for ZXP Series 1, Black (K), 1000 Prints",49.88,36.97,25.88,CLEARANCE
POSZBR2447,Zebra CSR2C-SW00-L SOFTWARE CARDSTUDIO 2 CLASSIC,113.87,82.65,27.42,CLEARANCE
POSZBR3530340,Zebra CBL-DC-382A1-01 DC Line Cord for Running Multi-Slot Cradles,37.33,34.18,8.44,CLEARANCE
POSZBR4415194,Zebra SAC-MC93-4SCHG-01 MC93 4Slot Spare Battery Charger,604.07,419.55,30.55,CLEARANCE
POSZBR4415195,Zebra SG-MC93-HDSTPG-01 MC93 Hand Strap for Gun Terminal,20.0,15.05,24.75,CLEARANCE
POSZBR4563450,Zebra DS4608-XD7U2104ZVA 1D 2D Handheld Barcode Scanner Black USB Kit inc DS4608-XD40007VZAP Scanner CBA-U21-S07ZBR Shielded USB Cable,672.84,458.42,31.87,CLEARANCE
POSZBR5258975R,"Zebra Remanufactured CS6080-SR40004VMWW CS6080 Cordless Barcode Scanner Only, 2D Imager, General Purpose, Handheld, Standard Range, Vibration Motor, Mfi, Inductive, Black /PB 6 mths warranty",564.55,484.04,14.26,CLEARANCE
POSZBR5540973,Zebra CRD-NGTC5-2SC1B Cradle - 1 slot 1D1B charge,377.8,291.86,22.75,CLEARANCE
POSZBR5640487,Zebra ZQ62-AAWAA04-00 DT Printer ZQ620 Plus 3in/72mm English Trad Chinese Korean fonts Dual 802.11AC/ BT4.x Linered platen 0.75in core Group A Belt clip,1795.12,1373.44,23.49,CLEARANCE
POSZBR5902497,Zebra ZD6A042-D4PF00EZ DIRECT THERMAL PRINTER ZD621 203 DPI USB,1642.73,1482.56,9.75,CLEARANCE
POSZBR8178,"Zebra DS8178 Bluetooth wireless 2D-SR Standard Cradle Kit Cordless Area Imager, Standard Range, Digimarc, FIPS - Black - Includes standard cradle and USB cable",1120.59,960.77,14.26,CLEARANCE
PRAELI1106,"Elite EB120HW2-E8 Evanesce B Electric Screens 120""",2396.06,1658.37,30.79,CLEARANCE
PRAELI1125R,Elite Remanufactured AR100WH2 100D Aeon Fixed Frame /PB 6 mths warranty,906.17,666.1,26.49,CLEARANCE
PRAELI1196,"Elite Screens ELECTRIC125HT Spectrum Tab Tension 2 125""",1535.47,1509.14,1.71,CLEARANCE
PRM1044,Promate POWERLINECI120BK MFi Certified - 2.2A - 480Mbps USB-C to Lightning Cable - 1.2m - Black Soft Silicone - Tangle Resistant - 25000+ Bend Lifespan - Data & Charge,29.72,18.71,37.05,CLEARANCE
PRM1112,"Promate 150PSI Portable Air Compressor with 6,000mAh Power Bank LED Flashlight / Safety Hammer / SOS Signal / Bulit-in TPMS",116.94,105.55,9.74,CLEARANCE
PRM1202,Promate MAGRING 2-in-1 Pocket-Sized 15W Magsafe Wireless Charging Station. 3W AppleWatchCharger.Pocket-Sized Foldable Design. Includes 1m Cable. USB-C Port.,88.01,79.43,9.75,CLEARANCE
PRM1253,"Promate PROTOOLS-31G  36-Pieces Cordless Electric DIY Hand held ScrewDriver Kit with LEDFillLight - 200RPM with 5N.m of Torque - Built-in 2500mAh Battery, USB-C Charging Port, 32 Magnetic Screwdriver Bits",115.62,91.85,20.56,CLEARANCE
PSTCXL721547,Croxley DLE Envelope Manilla Tropical Seal Pocket 225x114mm - 500 Box,47.29,41.87,11.46,CLEARANCE
PSUMWL9003,Mean Well APV-25-12 12v 25w LED Driver,40.57,34.79,14.25,CLEARANCE
PTABRT7713012,Brother CAPENHL1 Scan N Cut Fabric - Pen Holder,23.0,16.9,26.52,CLEARANCE
PTABRT80584,Brother Tape Ptouch Gold on Wine Red Ribbon Tape - 12mm,13.24,11.71,11.56,CLEARANCE
PTAGEN11353,Icon 11353 Compatible Dymo Multipurpose Label 25mm x 13mm White Roll 1000,8.58,7.75,9.67,CLEARANCE
PTAICN28989664,Okin LetraTag Tape Compatible for Dymo 16952 12mm x 4m - Black on Clear,9.87,9.37,5.07,CLEARANCE
PTRBAM0004R,"Bambu Lab Remanufactured FDM 3D Printer, Fully Enclosed Multi-Colors Combo Pack P1S Build Size 256 x 256 x 256 mm, Up to 500mm/S - Including AMS - Automatic Material System, Multi-Colors/materials Capability, Up to 16 multi-color printing.",1499.26,1353.08,9.75,CLEARANCE
PTRBAM0008R,Bambu Lab Remanufactured A1 FDM 3D Printer Build Size 256 x 256 x 256 mm - Up to 500mm/S - All-Metal Hotend - Stainless Steel Nozzle /PB 6 mths warranty,449.26,426.8,5.0,CLEARANCE
PTRCRL0113,Creality Accessories LED Light Bar Kit for Creality Ender-3 V3 Plus,40.25,38.24,4.99,CLEARANCE
PTRPRU0005,Prusa Research Original XL Fully Assembled Single-Toolhead,5899.01,5323.86,9.75,CLEARANCE
PTRPRU0006R,Prusa Research Remanufactured Original MINI+ Semi-Assembled 3D Printer /PB 6 mths warranty,974.26,646.35,33.66,CLEARANCE
RACDNX0016,"Dynamix FPP24SF-L112QO4  19  1U Fibre Tray 12C LC MM FULLY LOADED w 12x LC Elite OM4 Pigtails 6x LCDuplex Aqua Couplers Splice Cassette, Cable management Sliding Tray with front face Protection labelling Kit",300.28,285.27,5.0,CLEARANCE
RACDNX1042,Dynamix RVWM0204S 4RU Vertical Wall Mount Cabinet with 2RU Horizontal Mounting Rails - (650x230x600mm external) - Lockable front door - Front and side ventilation slots - Black,952.82,757.33,20.52,CLEARANCE
RACEGC1008,Enlogic ENL-EA9119 Serial Communication Cable RJ-45 to DB-9,66.55,33.92,49.03,CLEARANCE
RACEGC1025,Enlogic ENL-EP8706s C13 to C14 Locking Power Cord 1.8m Length - Black,50.01,47.51,5.0,CLEARANCE
RACRKP1044,"RackPower DBB424E Distribution Board: 4U 24pole Black with fitted Din rail & earth studs. 19"" mounting hardware, cable protection grommets and pole fillers (to cover 12 pole).",239.63,163.82,31.64,CLEARANCE
RACRKP1147,RackPower CM1NX200 10A 3 Pin Plug on 10A 2m 1mm2 Flex to Bare End,7.8,7.42,4.87,CLEARANCE
RACRKP1175,RackPower 10A 3 pin tapon plug to 10A C13 IEC socket on 5m 1mm2 Black lead,46.02,41.54,9.73,CLEARANCE
RACSTT1822352,StarTech.com BLANKB1 1U Blank Panel for 19in Racks/Cabinets,34.4,29.49,14.27,CLEARANCE
RACSTT5243683,StarTech.com RKPNL4U 4U Blank Panel -19in Rack Blanking Panel,41.49,37.75,9.01,CLEARANCE
RAWSLF020202,Solarfilm Solarspan - 1.83m - Red,20.24,11.35,43.92,CLEARANCE
RAWSLF020212,Solarfilm Solarspan - 1.83m - Flag Blue,20.24,11.35,43.92,CLEARANCE
RCTDBR10541,"Du-Bro - Spinner - 3 Blade - 2"" - 50.8mm - White",19.41,11.82,39.1,CLEARANCE
RCTMAW013T1490,Master Airscrew 3 Blade Series Propeller - 14-9,32.75,21.84,33.31,CLEARANCE
RCTTMA9335066,Tamiya Wheel Bag Egress - Front & Rear - Black,13.6,10.35,23.9,CLEARANCE
ROBPDUCC050,Pudu CC1 - Roller brush chamber grounding wire. For Carpet Vacumming Effectively prevent electronic board damage caused by static electricity generated by friction,32.86,16.87,48.66,CLEARANCE
ROBPDUCC052,"Pudu CC1 - Lightweight dust bag Disposables, lightweight dust bag. 10pcs Use with Bracket 21510-000185",210.83,108.23,48.66,CLEARANCE
ROBPDUCC053,Pudu CC1 - Lightweight dust bag bracket For 19888-000012,187.83,96.42,48.67,CLEARANCE
ROBPDUCC054,Pudu CC1 - Universal sweeping & scrubbing roller brush. 2pcs,153.33,78.71,48.67,CLEARANCE
ROBPDUCC056,Pudu CC1 - Soft Scrubbing Roller Brush. 2pcs,153.33,78.71,48.67,CLEARANCE
SCAFUJ1127,Fujitsu PA03670-0001 Brake Roller for FI-7160 / 7260 - FI-7160 / 7260 - FI-7180 / 7280,62.73,56.61,9.76,CLEARANCE
SCAFUJ3836001,"Fujitsu fi-8040 A4 duplex colour, 40ppm/80ipm, USB 3.2 Gen1, Paperstream IP, Paperstream Capture",1608.15,1589.74,1.14,CLEARANCE
SCBDNX6520,Dynamix SRS-C65-20 Cat6 UTP Strain Relief      Boot with Latch Protection. Transparent 0.65m O.D. Bag of 20 Pieces,7.08,6.39,9.75,CLEARANCE
SCBGEN721162,SMA Female Bulkhead CRMP Connector for LMR195/RG58,4.85,4.16,14.23,CLEARANCE
SCBGEN721191,P-27 N Male to SMA Male Coaxial Cable - 50cm,22.0,18.86,14.27,CLEARANCE
SCBGEN721221,P-37 N Male to SMA Male Coaxial Cable - 1m,26.44,23.15,12.44,CLEARANCE
SCBGEN721230,P-55 RP-SMA Male to RP-SMA Male Coaxial Cable - 15cm,18.39,18.04,1.9,CLEARANCE
SCBGEN721274,P-73 TS9 Male Right-Angle to SMA Female Coaxial Cable - 30cm LLC100,14.62,13.19,9.78,CLEARANCE
SCBPNT202010,PlatinumTools 202010J Cat6 EZ-RJ45 Plug.   100pc jar. Easy install RJ45 plug for Cat6  solid orstrandedcable. One piece design.,182.64,166.97,8.58,CLEARANCE
SCBSRN2024,Shireen Cat5e Ethernet Cable - Per Meter FTP - Outdoor - Shielded - Dry Gel Tape - 80 Meters,216.91,159.45,26.49,CLEARANCE
SEVOEM000077,"JEYI RGB PS5 SSD Heatsink  NVME M.2 2280 App Remote Control, Aluminum Heatsink Works With Playstation PS5, SSD Hard Disk Cooler Thermal Conductivity Silicon Wafer Cooling",39.99,29.39,26.51,CLEARANCE
SEVOEM0268,OEM 9602 Prison & Hotel Design Telephone . Customized Model Black Colour Without Redial function,,,,
SEVOEM1452,"OEM Lenovo Legion 5 15ITH6 15.6"", 2560X1440(QHD) ,40pin,165Hz LCD Panel PN:N156KME-GNA",129.0,122.54,5.01,CLEARANCE
SEVOEM1578,"13.3"" 30Pin 1920x1080 LP133WF9-SPB4 LCD Panel FHD (Without Screw hole), Compatible Screen Model Numbers: HP M24290-001",135.0,76.79,43.12,CLEARANCE
SEVOEM1611,"OEM Panasonic Toughbook CF-54 LCD screen panel with screwhole on top and bottom 14',1920x1080,30pin PN: M140NWF5 R0",69.99,45.69,34.72,CLEARANCE
SEVOEM5B0007,"OEM Lenovo Ideapad V15 V15-IWL V15-IKB V15-IGL V15-IIL, LCD Hinge Cover Strip, PN: 5CB0W44070 FA1A4000400",14.98,14.24,4.94,CLEARANCE
SEVOEM5B939,"OEM HP 15S-DY 15-CS 15-DW 15-GW 15S-GR 15S-DU 250 G8, 255 G8, LCD Hinges (Left + Right) PN: L52009-001 AM2H8000300 AM2H8000400",9.99,9.02,9.71,CLEARANCE
SEVOEM5B954,HP Chromebook 11 G7 EE Laptop LCD Flex Cable PN: L52555-001 DD00G5LC100 DD00G5LC120 / 6 Months Warranty,15.0,13.54,9.73,CLEARANCE
SEVOEM5B998,"HP 15S-DU 15S-DY 15-DW 15-DR 15-DW, LCD Hinge Cover (Silver), PN: L52010-001 AP2H8000300",9.0,8.13,9.67,CLEARANCE
SEVOEM5F102,OEM HP Spectre X360 13-AP TPN-Q212 CPU Cooling Fan PN:L41203-001,39.0,29.52,24.31,CLEARANCE
SEVOEM5F116,OEM HP Probook 470 G3 CPU Fan PN:827040-001,19.99,18.99,5.0,CLEARANCE
SEVOEM5P239,OEM ASUS ROG Zephyrus G GA502DU EDP cable PN:14005-03090800,69.0,65.55,5.0,CLEARANCE
CARDNA1181,DNA RVS006 Camera Video Cable RCA to RCA with Power Wire 6MTR,19.0,18.04,5.05,CLEARANCE
EXMONHP230010BG,"HP EliteDisplay E231 23"" FHD Monitor (B-Grade Refurbished) OEM Stand - 1920x1080 - IPS - DisplayPort - DVI - VGA - 18-Month Warranty - GreenMachine Certified Refurbished",89.0,84.55,5.0,CLEARANCE
EXNBKLEN001119,"Lenovo ThinkPad X1 Yoga G4 14"" Touch Ultrabook (A-Grade Refurbished) 2560x1440 - Intel Core i5 8365U - 8GB RAM - 256GB SSD - Win11 Pro - 18-Month Warranty - GreenMachine Certified Refurbished",699.0,664.06,5.0,CLEARANCE
EXNBKLEN010605,"Lenovo Thinkpad X1 CARBON G6 14"" FHD Laptop (A-Grade Refurbished) Intel Core i5-8250U - 8GB RAM - 256GB SSD - Win11 Pro - 18-Month Warranty - GreenMachine Certified Refurbished",579.0,550.06,5.0,CLEARANCE
EXNBKLEN0140317,"Lenovo ThinkPad T14s Gen2 14"" FHD Laptop (A-Grade Refurbished) Intel Core i7-1165G7 - 16GB RAM - 512GB SSD - Win11 Pro - 18-Month Warranty - GreenMachine Certified Refurbished",1149.0,1091.55,5.0,CLEARANCE
EXTABMSO07010,"Microsoft Surface Pro 7+ 12.3"" Silver - (A-Grade Refurbished) Intel Core i5-1135G7 - 8GB RAM - 256GB SSD - Keyboard Not Included - Win11 Pro - 18-Month Warranty - GreenMachine Certified Refurbished",699.0,664.06,5.0,CLEARANCE
EXWKADEL32802,"Dell Optiplex 3280 22"" FHD Touch All-in-One PC (A-Grade Refurbished) Intel Core i5-10500T - 8GB RAM - 256GB SSD - WiFi - Includes Keyboard & Mouse - Win11 Pro - 18-Month Warranty - GreenMachine Certified Refurbished",899.0,854.05,5.0,CLEARANCE
EXWKSHP800307,HP EliteDesk 800 G3 Intel Core i5 7500 SFF Desktop PC (A-Grade Refurbished) 8GB RAM - 256GB SSD - Win11 Pro - 18-Month Warranty - GreenMachine Certified Refurbished,448.99,426.55,5.0,CLEARANCE
HSTEDI00013,Edifier X1 Lite True Wireless Open-fit Earbuds - Pink Bluetooth 5.3 - Clear Handsfree Calls - IP54 Sweat & Water Resistant- 13mm Drivers - Edifier ConneX app for Android & iPhone - Up to 7hrs Battery Life / 26hrs with Charging Case,31.95,30.35,5.01,CLEARANCE
HDDTRSI12002,"Transcend Embedded U.2 2.5"" SSD 1TB, PCIe Gen4x4, NVMe, 3D TLC BiCS5, PE: 3K, extended temp, PLP",2264.06,1705.13,24.69,CLEARANCE
MPPCOE0000004,"coehl iPhone 16 Pro (6.3"") Linear Case - Iridescent Magsafe Compatible - Shock-Absorbing Protection with Raised Camera Lens Bezel - Tough Fade-Resistant back with Flexible Bumper",34.01,18.69,45.05,CLEARANCE
MPPCOE0000007,"coehl iPhone 16 Pro (6.3"") Willow Case - Iridescent Magsafe Compatible - Shock-Absorbing Protection with Raised Camera Lens Bezel - Tough Fade-Resistant back with Flexible Bumper",34.01,18.69,45.05,CLEARANCE
MPPCOE0000010,"coehl iPhone 16 Pro (6.3"") Celest Case - Iridescent Magsafe Compatible, Tough Fade-Resistant back with Flexible Bumper, Shock-Absorbing Protection with Raised Camera Lens Bezel",34.01,18.69,45.05,CLEARANCE
MPPCOE0000015,"coehl iPhone 16 Pro Max (6.9"") Linear Case - Iridescent Magsafe Compatible - Shock-Absorbing Protection with Raised Camera Lens Bezel - Tough Fade-Resistant back with Flexible Bumper",34.01,18.69,45.05,CLEARANCE
MPPCOE0000018,"coehl iPhone 16 Pro Max (6.9"") Willow Case - Iridescent Magsafe Compatible - Shock-Absorbing Protection with Raised Camera Lens Bezel - Tough Fade-Resistant back with Flexible Bumper",34.01,18.69,45.05,CLEARANCE
MPPCOE0000024,"coehl iPhone 16 Pro Max (6.9"") Creme Case - Ballet Pink Magsafe Compatible, Soft, Smooth Exterior that Reduces Fingerprints, Smudges and Dust Adhesion, Includes Matching Lanyard Strap",39.0,21.44,45.03,CLEARANCE
MPPGEN0553,Xiaomi Redmi Note 13 LTE (2024) Glass Screen Protector - Privacy Case Friendly,18.32,5.49,70.03,CLEARANCE
MPPGEN0558,"Oneplus Nord N30 SE Glass Screen Protector - Privacy, Case Friendly",18.32,5.49,70.03,CLEARANCE
MPPGEN0669,Galaxy Xcover 6 Pro (2022) Carbon Fibre Rugged Case - Black Ultra Slim - Anti-Stretch - Soft TPU Protective Shell Cover,25.32,7.59,70.02,CLEARANCE
MPPGEN0678,Oneplus Nord N30 SE Rugged Kickstand Case - Black with Camera Cover Protection,23.32,6.99,70.03,CLEARANCE
MPPGEN0752,"iPhone 16 Pro (6.3"") Flip Wallet Case - Pink 3 Card Slots - Cash Compartment - Magnetic Clip",25.32,12.65,50.04,CLEARANCE
MPPINC00000003,"Incase iPhone 16 (6.1"") Slim Case - Blush Pink",49.94,24.97,50.0,CLEARANCE
MPPINC00000007,"Incase iPhone 16 Pro (6.3"") Slim Case - Clear",49.94,24.97,50.0,CLEARANCE
MPPINC00000009,"Incase iPhone 16 Pro (6.3"") Slim Case - Blush Pink",49.94,24.97,50.0,CLEARANCE
MPPINC00000012,"Incase iPhone 16 Pro Max (6.9"") Slim Case - Blush Pink",49.94,24.97,50.0,CLEARANCE
MPPINC00000015,Incase Galaxy S25 Ultra Slim Case - Black,49.94,24.97,50.0,CLEARANCE
MPPSKA0000035,"skinarma iPhone 16 Pro (6.3"") Helio Case - Black Apple MagSafe Compatible - Built-in Extendable Grip-Stand - Enhanced Air-Pocket Corner Protection - Includes Interchangeable Corner Bumper Lanyard Loops",54.0,26.99,50.02,CLEARANCE
MPPSKA0000037,"skinarma iPhone 16 Pro (6.3"") Mecha Case - Light Grey Apple MagSafe Compatible - Detachable Camera Lens Guard - Inner Air Pockets for Shock Absorption - Aluminium Power and Action Buttons",34.01,17.0,50.01,CLEARANCE
MPPSKA0000039,"skinarma iPhone 16 Pro (6.3"") Saido Mag-Charge Case - Champagne Apple MagSafe Compatible - Raised 360 Screen Edges & Camera Lens Guard - Includes Interchangeable Corner Bumper Lanyard Loops",39.0,19.49,50.03,CLEARANCE
MPPSKA0000042,"skinarma iPhone 16 Pro Max (6.9"") Ekho Case - Clear Apple MagSafe Compatible - Raised 360 Screen Edges - Raised Camera Lens Guard - Interchangeable Corner Bumper Lanyard Loops Included",44.0,21.99,50.02,CLEARANCE
MPPSKA0000047,"skinarma iPhone 16 Pro Max (6.9"") Mecha Case - Light Grey Apple MagSafe Compatible - Detachable Camera Lens Guard - Inner Air Pockets for Shock Absorption - Aluminium Power and Action Buttons",34.01,17.0,50.01,CLEARANCE
MPPSKA0000059,"skinarma iPhone 18 Pro/17 Pro (6.3"") Saido Mag-Charge Case - Graphite , Compatible with Magnetic Charging- 360  Full Protection- 2H Scratch Resistance- Accessories Pack Includes Extra Set of Red Button & Frost Black Lanyard Loops",34.01,17.0,50.01,CLEARANCE
MPPTOR00000097,"Torras iPhone 16 Pro (6.3"") Ostand Pro Case - Pink MagSafe Compatible - 360 Spin",78.99,47.38,40.02,CLEARANCE
MPPUNQ00000053,Uniq Galaxy Z Fold6 Aluminium Camera Lens Protector - Black Ultra-Slim Fit - HD Clarity - Scratch-Resistant - Anti-Fingerprint - Bubble-Free Installation,19.0,9.49,50.05,CLEARANCE
DCSPCL1007,"PCLocs Charging Station PCL10-10161 16 Charging Station White, Putnam Charge, Store and Secure 16 iPad or Tablet Devices",2856.05,2425.35,15.08,CLEARANCE
HOMKNC0002,KONIC Hair Dryer Wall Mount Holder - for Dyson Supersonic Strong Magnetic Attachment,28.99,,,
INKESN0079,eSun ePLA-ST Filament - Nature 1kg Roll - 1.75mm - Compatible with Most FDM 3D Printers such as Creality / Bambu Lab / AnkerMaker / Raise3D / Flsun,39.0,34.99,10.28,CLEARANCE
INKPRU0003,Prusa Research Prusament rPLA Algae Pigment - 1kg,82.0,70.5,14.02,CLEARANCE
INKPRU0004,Prusa Research Prusament rPLA Wine Pigment - 1kg,82.0,70.5,14.02,CLEARANCE
INKPRU0005,Prusa Research Prusament rPLA Risotto Pigment - 1kg,82.0,70.5,14.02,CLEARANCE
MOAKNC102MS,"KONIC 17""-27"" Monitor Vertical Lift Stand With Thin Client PC/ NUC Mount Holder",128.0,99.0,22.66,CLEARANCE
NBAPCL0110,"PCLocs Carrier 15 Charging Station PCL8-10110 Capable of Charging, Storing and Securing up to 15 Devices",2016.0,1819.3,9.76,CLEARANCE
PTROKI0039656,Oki Caster Base C650DN/ES6450DN,110.91,55.0,50.41,CLEARANCE
MPPSAM90050260,Samsung Galaxy S23+ 5G Silicone Grip Case - Black,71.99,7.77,89.21,CLEARANCE
MPPSAM90050270,Samsung Galaxy S23+ 5G Gadget Case - Transparent,82.0,15.0,81.71,CLEARANCE
MPPSAM90050275,Samsung Galaxy S23+ 5G Rugged Case - Black,92.0,18.0,80.43,CLEARANCE
MPPSKA0000045,"skinarma iPhone 16 Pro Max (6.9"") Helio Case - Black Apple MagSafe Compatible - Built-in Extendable Grip-Stand - Enhanced Air-Pocket Corner Protection - Includes Interchangeable Corner Bumper Lanyard Loops",54.0,26.99,50.02,CLEARANCE
MPPTOR00000144,Torras Galaxy S25+ 5G Ostand Matte Case - Black All in One: Magnetic / Stand / Ring Holder - Horizontal / Vertical & Felexible Ostand,64.0,38.39,40.02,CLEARANCE
SEVARD0059,"Arduino AKX00025 Uno Board Student Kit, Comes with Uno MainboardMultimeter, Battery, etc, Ages 11-14",143.75,109.82,23.6,CLEARANCE
TOYMMK0004,Makey Makey STEM Micro:Bit Pack Code-a-Key Backpack,58.65,40.25,31.37,CLEARANCE
TOYMMK0006,Makey Makey STEM Pack Backpack Bundle,99.19,63.25,36.23,CLEARANCE
TOYRAS0064,"RASTAR 1:14 Green Aston Martin Valkyrie AMR Pro 2.4GHz Remote R/C Car Official Authorization, Doors Can Be Opened Manually, One-Click Acceleration. Batteries are NOT Included! Ages 6+!",59.0,44.85,23.98,CLEARANCE
TOYRAS0065,"RASTAR 1:14 Dark Green Aston Martin 2.4GHz Remote R/C Car Official Authorization, Doors Can Be Opened Manually, One-Click Acceleration. Batteries are NOT Included! Ages 6+!",59.0,44.85,23.98,CLEARANCE
TVAKOF0003,"Koford AVE200B 30""-60"" Dual Display - Black - Load Capacity 100kgs - VESA TV Screens Mobile Cart 800x400mm 2 Different models Digital Signage Wall Mobile cart",460.0,391.0,15.0,CLEARANCE
HEAMIX48052,Xiaomi Electric Scooter 4 Lite (2nd Gen) - Black Max Speed 25km/h - Max Distance 25km - 14% Incline - Dual Brake system - Portable Folding Design - 300W Rated Motor - Deck Widened by 5mm,649.0,460.0,29.12,CLEARANCE
HEAMIX50611,"Xiaomi Electric Scooter 5 Pro - Black Max speed 25km/h - Max Range 60km - 22% Max Incline 10"" Tubeless Tires -  Drum Brakes & E-ABS - 1000w Max Motor Power",999.0,799.0,20.02,CLEARANCE
HEASGW0015R,Segway Remanufactured Ninebot P100 Series Premium Electric Scooter - OverClock Version Max Speed 48km/h - Range Max 100km - Max Load 120kg - 23% Gradeability - 3 Brakes Turn Signal Led Lights - Dual Suspension Arm - PB 6 Month Warranty,2499.0,1896.48,24.11,CLEARANCE
HEASGW0044,Segway F2 Pro Electric Scooter Max Speed up to 25km/h( 30km/h Overclocked) Max Distance 55km - Max Load 120kg - 22% Climbing - Find My Apple (Segway) - Front Suspension - Front & Rear Indicators - IPX5 - Rear Wheel Drive,1469.0,998.99,32.0,CLEARANCE
HEASGW0066,Segway Ninebot D28U Portable Folding Design Electric Kick Scooter 300 W Motor Max Distance 28km - Max Load 120kg - Max Speed 25km/h -  15% Max Slope - 10 Inch Large Air Tyres - Anti-lock Braking system (E-ABS) Front Wheel - Drum Brake on Re,899.0,699.0,22.25,CLEARANCE
HEASHK0004,Shark FlexStyle HD440 Air Styling & Drying System - Black Hair Dryer & Multi-Styler with Auto-Wrap Curlers Paddle Brush - Oval Brush - Concentrator Attachment,598.99,359.0,40.07,CLEARANCE
HOMEVC00007,EcoVacs Winbot W1 Pro Smart Window Cleaning Robot 2800Pa Power - Edge Detection Technology - Win-Slam 3.0 Path Planning,898.0,699.0,22.16,CLEARANCE
HOMNJA0017,Ninja Foodi AF450 Max XXXL 9.5L Smart Dual Zone Air Fryer Bake -Air Roast - Reheat - Dehydrate,539.35,328.99,39.0,CLEARANCE
HOMRBK0035,Roborock S8 MaxV Ultra Smart Robot Vacuum Cleaner with Auto Empty & Refill Docking 2-in-1 Vacuum and Mop with Auto Mop Wash & Heated Air Dry +10000 PA Suction +Dual Brush +VibraRise 3.0 Mopping Lifting System + Reactive Al 2.0 Obstacle Reco,3298.99,2999.0,9.09,CLEARANCE
HOMRBK0075,Roborock Q Revo Curv White Vacuum Cleaner with Multifunction Dock 3.0 18500Pa Suction - Intelligent Dirt Detection - PreciSense(R) LiDAR Navigation - Dual Anti-Tangle System & AdaptiLift Chassis - Warm Air Drying - 75°C Hot Water Mop Washin,2999.0,1799.0,40.01,CLEARANCE
HOMRBK9002,"Roborock Handheld Vacuum Floor Stand for Roborock H7 Only - Grey -_FV( 8.04,""0016"")",98.99,39.0,60.6,CLEARANCE
HOMSHK0042,"Shark TurboBlade Ultra Powerful Bladeless Tower Fan 180° Oscillation, 2x More Cooling Coverage",371.42,319.0,14.11,CLEARANCE
INKESN0071,eSun eABS+ HiSpeed Filament - Red Compatible with Most FDM 3D Printers such as Creality / Bambu Lab / AnkerMaker / Raise3D / Flsun,39.0,20.12,48.41,CLEARANCE
NBGDEL460150,"Dell Essential Commuter Backpack for 15.6"" Laptops Lightweight & Comfortable to Carry for Travel",39.0,28.75,26.28,CLEARANCE
NBGDEL5544479,"Dell EcoLoop CP4523G 20L Urban Backpack for 14-16"" Laptops",59.0,49.0,16.95,CLEARANCE
NBGMIX26404,Xiaomi Sports Sling Bag Fanny Pack Waterproof - 0.29kg Weight - 2.25L Capacity for Phone - Power Bank - Keys & Waterbottle Travel Use,34.99,29.0,17.12,CLEARANCE
PTRCNP07660,Canon PIXMA TR7660a Inkjet MFC All-in-One Printer Home Office Printer - 3.0 inch LCD,133.0,85.0,36.09,CLEARANCE
PTRCRL0010R,Creality Remanufactured Ender-3 V3 KE FDM 3D Printer Build Size 220 x 220 x 240mm - Max 500mm/s (Creality Lab test with Hyper PLA) - Auto Calibration - Support ABS - PLA - PETG - TPU(95A) - ASA - PB 6 Months Warranty,371.25,264.99,28.62,CLEARANCE
